날짜,종목코드,시가,고가,저가,종가,출처
2025-06-30,0000D0,8117,8459,7939,8349,Naver
2025-06-30,0000J0,20915,25550,20805,23065,Naver
2025-06-30,0000Y0,98938,99035,98933,99035,Naver
2025-06-30,0000Z0,10715,11420,10510,11060,Naver
2025-06-30,0001P0,9365,9830,9285,9360,Naver
2025-06-30,0002C0,10625,10870,10165,10705,Naver
2025-06-30,0004G0,8675,8675,8285,8363,Naver
2025-06-30,0005A0,7673,7995,7645,7943,Naver
2025-06-30,0005C0,10141,10313,9876,10234,Naver
2025-06-30,0005D0,9747,10321,9274,9842,Naver
2025-06-30,0005G0,10244,12514,9950,12154,Naver
2025-06-30,0007F0,10045,10065,9848,10065,Naver
2025-06-30,0007G0,9668,11937,9623,11697,Naver
2025-06-30,0007N0,36295,42480,36230,42030,Naver
2025-06-30,0008E0,8621,9111,8511,9026,Naver
2025-06-30,0008S0,7728,7867,7602,7715,Naver
2025-06-30,0008T0,13882,16409,13832,16244,Naver
2025-06-30,0013P0,8715,9505,8705,9470,Naver
2025-06-30,0013R0,8078,8078,7459,7808,Naver
2025-06-30,0015B0,9450,11605,9450,10690,Naver
2025-06-30,0015E0,9651,10389,9377,10364,Naver
2025-06-30,0015F0,9898,10459,9665,10254,Naver
2025-06-30,0015K0,8044,8407,7865,8243,Naver
2025-06-30,0016X0,50036,50115,49991,50110,Naver
2025-06-30,0017Y0,100181,100226,99533,99869,Naver
2025-06-30,0018C0,9587,10562,9468,10526,Naver
2025-06-30,0018Z0,11792,13467,11513,12470,Naver
2025-06-30,0019K0,10022,10776,9962,10566,Naver
2025-06-30,0020H0,11745,13130,11745,12760,Naver
2025-06-30,0021C0,10070,10295,9726,10205,Naver
2025-06-30,0021E0,10001,10350,9922,10191,Naver
2025-06-30,0022T0,10269,10619,9944,9984,Naver
2025-06-30,0023A0,14159,15178,13959,14369,Naver
2025-06-30,0025N0,9741,9988,9657,9943,Naver
2025-06-30,0026E0,9433,9771,9265,9622,Naver
2025-06-30,0026S0,9851,10193,9752,10131,Naver
2025-06-30,0028X0,10031,11088,9886,10688,Naver
2025-06-30,0035T0,11615,12138,10849,11536,Naver
2025-06-30,0036D0,9271,9605,9242,9484,Naver
2025-06-30,0036R0,11390,12269,11213,12034,Naver
2025-06-30,0036Z0,9567,10109,9509,9738,Naver
2025-06-30,0038A0,11736,12355,11391,12230,Naver
2025-06-30,0040S0,11713,12472,11403,12313,Naver
2025-06-30,0040X0,8827,9210,8588,8858,Naver
2025-06-30,0040Y0,8461,9170,8328,8550,Naver
2025-06-30,0041D0,12441,12856,12301,12681,Naver
2025-06-30,0041E0,10852,11403,10777,11319,Naver
2025-06-30,0043B0,99699,99907,99694,99907,Naver
2025-06-30,0043Y0,9671,10151,9401,10036,Naver
2025-06-30,0046A0,9283,9337,9079,9103,Naver
2025-06-30,0046Y0,10033,10218,9898,10168,Naver
2025-06-30,0047A0,9395,10013,9141,9515,Naver
2025-06-30,0047N0,9678,10167,9429,9788,Naver
2025-06-30,0047P0,10824,11014,10401,10954,Naver
2025-06-30,0047R0,10585,11254,10525,11104,Naver
2025-06-30,0048K0,8554,8753,8061,8569,Naver
2025-06-30,0049K0,9874,10228,9747,9927,Naver
2025-06-30,0049M0,9447,9794,9357,9575,Naver
2025-06-30,0050E0,9587,9983,8661,9468,Naver
2025-06-30,0051A0,9910,11180,9705,11120,Naver
2025-06-30,0051G0,11227,13059,11062,12755,Naver
2025-06-30,0052D0,10039,11421,9853,11251,Naver
2025-06-30,0052S0,9920,10143,9870,10048,Naver
2025-06-30,0052T0,49410,49499,49376,49494,Naver
2025-06-30,0053L0,9366,9599,8907,9516,Naver
2025-06-30,0057H0,9913,10317,9883,10046,Naver
2025-06-30,0060H0,9849,10057,9770,9957,Naver
2025-06-30,0061Z0,49411,49438,49402,49436,Naver
2025-06-30,0064K0,9660,9910,9360,9405,Naver
2025-06-30,0065G0,10016,10111,9681,9876,Naver
2025-06-30,0066W0,9825,9925,9375,9400,Naver
2025-06-30,0067V0,9945,10246,9579,9846,Naver
2025-06-30,0067Y0,10147,10317,9692,10142,Naver
2025-06-30,0068M0,10170,10170,10010,10075,Naver
2025-06-30,0069M0,10004,10254,9969,10194,Naver
2025-06-30,0072R0,10035,10035,9635,9650,Naver
2025-06-30,069500,35770,42062,35680,41387,Naver
2025-06-30,069660,35660,41974,35610,41427,Naver
2025-06-30,091160,30950,38325,30825,37205,Naver
2025-06-30,091180,17069,19295,16815,18401,Naver
2025-06-30,091220,10106,11812,9782,11533,Naver
2025-06-30,091230,31942,39794,31937,38818,Naver
2025-06-30,100910,5572,6552,5527,6428,Naver
2025-06-30,101280,22693,23002,21399,22509,Naver
2025-06-30,102110,35728,41996,35623,41322,Naver
2025-06-30,102780,8675,9545,8615,9295,Naver
2025-06-30,102960,8825,11050,8800,10645,Naver
2025-06-30,102970,10860,14720,10490,13885,Naver
2025-06-30,104520,8932,10444,8827,10115,Naver
2025-06-30,105010,4358,4509,4246,4402,Naver
2025-06-30,105190,35932,42150,35819,41649,Naver
2025-06-30,108450,14425,15605,14350,15280,Naver
2025-06-30,108590,35952,41889,35773,41492,Naver
2025-06-30,114100,108026,108055,107528,107950,Naver
2025-06-30,114260,62002,63236,61741,61982,Naver
2025-06-30,114470,109196,109260,108771,109124,Naver
2025-06-30,114800,4205,4215,3560,3620,Naver
2025-06-30,114820,105504,105573,105073,105459,Naver
2025-06-30,117460,9560,10825,9475,10825,Naver
2025-06-30,117680,9175,11194,9040,10944,Naver
2025-06-30,117690,19398,20296,18771,19800,Naver
2025-06-30,117700,3805,4665,3800,4380,Naver
2025-06-30,122090,24169,28558,24015,27991,Naver
2025-06-30,122630,17375,23950,17315,23180,Naver
2025-06-30,123310,4680,4700,3965,4045,Naver
2025-06-30,123320,17075,23621,17035,22821,Naver
2025-06-30,130680,3810,4754,3810,4088,Naver
2025-06-30,130730,99957,102914,99957,100147,Naver
2025-06-30,131890,18480,20845,18405,20240,Naver
2025-06-30,132030,19547,20383,19209,19388,Naver
2025-06-30,133690,130043,136024,128539,135432,Naver
2025-06-30,137610,5353,5541,5219,5278,Naver
2025-06-30,138230,15501,15793,14937,15204,Naver
2025-06-30,138520,11452,12885,11402,12526,Naver
2025-06-30,138530,6339,6987,6284,6777,Naver
2025-06-30,138540,28995,34681,28960,32887,Naver
2025-06-30,138920,10850,11499,10666,10905,Naver
2025-06-30,139230,8851,11546,8826,11172,Naver
2025-06-30,139240,9005,11562,8906,11183,Naver
2025-06-30,139250,9840,11360,9721,11360,Naver
2025-06-30,139260,26454,33398,26419,32397,Naver
2025-06-30,139270,9807,11693,9500,11244,Naver
2025-06-30,139290,16131,17804,15902,17102,Naver
2025-06-30,139660,8505,8700,8470,8685,Naver
2025-06-30,140570,12509,14350,12469,14251,Naver
2025-06-30,140580,13620,15369,13471,15210,Naver
2025-06-30,140700,9670,11470,9450,11275,Naver
2025-06-30,140710,5775,6065,5740,5790,Naver
2025-06-30,140950,27042,31811,26972,31314,Naver
2025-06-30,143850,62182,65213,61910,64630,Naver
2025-06-30,143860,37685,39730,37150,37755,Naver
2025-06-30,144600,5801,6539,5786,6320,Naver
2025-06-30,145670,5305,5305,4460,4535,Naver
2025-06-30,145850,40030,45868,40030,45285,Naver
2025-06-30,148020,36001,42268,35907,41653,Naver
2025-06-30,148070,112706,113083,111458,112590,Naver
2025-06-30,150460,7285,7919,7285,7894,Naver
2025-06-30,152100,36303,42681,36248,42114,Naver
2025-06-30,152380,70192,70311,69312,70004,Naver
2025-06-30,152500,7029,9656,6985,9364,Naver
2025-06-30,152870,36266,42401,36166,41973,Naver
2025-06-30,153130,111205,111379,111190,111379,Naver
2025-06-30,156080,16105,18750,16065,18505,Naver
2025-06-30,157450,109421,109634,109416,109619,Naver
2025-06-30,157490,8040,11090,7995,10125,Naver
2025-06-30,157500,7595,9940,7345,9405,Naver
2025-06-30,159800,27425,32360,27420,31830,Naver
2025-06-30,160580,11735,12540,11705,12255,Naver
2025-06-30,161510,16582,18481,16243,18373,Naver
2025-06-30,166400,12729,13553,12419,13548,Naver
2025-06-30,167860,111047,111284,108353,110309,Naver
2025-06-30,168580,26137,26651,25692,26475,Naver
2025-06-30,169950,20619,21470,20421,20916,Naver
2025-06-30,174350,14522,16041,14333,15957,Naver
2025-06-30,176950,53246,53904,53246,53528,Naver
2025-06-30,181480,78749,81207,78712,79299,Naver
2025-06-30,182490,13336,13470,13176,13405,Naver
2025-06-30,183700,62184,64979,61971,64656,Naver
2025-06-30,183710,40935,45237,40797,45178,Naver
2025-06-30,185680,23855,26110,23245,24230,Naver
2025-06-30,189400,20345,21185,20290,21185,Naver
2025-06-30,190620,99092,99282,99087,99272,Naver
2025-06-30,192090,9563,9695,9294,9558,Naver
2025-06-30,192720,37721,42464,37094,41822,Naver
2025-06-30,195930,19263,20146,18409,19303,Naver
2025-06-30,195970,13465,13905,13155,13815,Naver
2025-06-30,195980,10395,11075,10140,10975,Naver
2025-06-30,196230,113800,114017,113800,113997,Naver
2025-06-30,200030,33955,34830,33345,34620,Naver
2025-06-30,200250,25440,25590,24285,25205,Naver
2025-06-30,203780,20593,21538,20528,20985,Naver
2025-06-30,204450,2500,2825,2385,2720,Naver
2025-06-30,204480,16316,16872,15542,16356,Naver
2025-06-30,205720,2328,2348,2233,2248,Naver
2025-06-30,210780,16606,21824,16273,18436,Naver
2025-06-30,211560,21518,24918,21140,24461,Naver
2025-06-30,211900,17171,19968,16847,19575,Naver
2025-06-30,213610,8365,9150,8345,8905,Naver
2025-06-30,213630,16876,17416,16649,17069,Naver
2025-06-30,214980,112495,112696,112495,112682,Naver
2025-06-30,215620,14485,15985,14485,15845,Naver
2025-06-30,217780,7473,7512,7217,7333,Naver
2025-06-30,218420,13065,14665,12840,13460,Naver
2025-06-30,219390,5375,6610,5320,5625,Naver
2025-06-30,219900,2788,2897,2694,2808,Naver
2025-06-30,220130,4550,4800,4535,4785,Naver
2025-06-30,223190,11830,13335,11695,13150,Naver
2025-06-30,225030,2861,2871,2714,2724,Naver
2025-06-30,225040,42815,47255,42468,47250,Naver
2025-06-30,225050,12609,12924,11527,12107,Naver
2025-06-30,225060,8486,9401,8179,9114,Naver
2025-06-30,225130,34859,37839,33510,34150,Naver
2025-06-30,225800,14367,14560,13783,13808,Naver
2025-06-30,226380,6395,7390,6395,7250,Naver
2025-06-30,226490,27505,31950,27385,31360,Naver
2025-06-30,226980,15575,17980,15410,17820,Naver
2025-06-30,227540,18685,19310,18385,18485,Naver
2025-06-30,227550,8335,9720,8335,9200,Naver
2025-06-30,227560,10307,11586,10152,11566,Naver
2025-06-30,227570,13810,15430,13625,15210,Naver
2025-06-30,227830,27799,32074,27650,31601,Naver
2025-06-30,228790,3680,4204,3655,4164,Naver
2025-06-30,228800,3255,3700,3235,3645,Naver
2025-06-30,228810,6955,7740,6895,7590,Naver
2025-06-30,228820,7635,8790,7575,8585,Naver
2025-06-30,229200,11880,13010,11860,12650,Naver
2025-06-30,229720,15160,17600,15080,17100,Naver
2025-06-30,230480,4920,5140,4875,5115,Naver
2025-06-30,232080,12165,13330,12145,12930,Naver
2025-06-30,233160,7994,9541,7939,8957,Naver
2025-06-30,233740,7125,8500,7100,7985,Naver
2025-06-30,234310,13946,15369,13773,15265,Naver
2025-06-30,236350,40200,41537,37776,41059,Naver
2025-06-30,237350,27675,32565,27520,31950,Naver
2025-06-30,237370,13553,14519,13474,14066,Naver
2025-06-30,237440,9612,9826,9592,9826,Naver
2025-06-30,238670,11305,11845,11275,11770,Naver
2025-06-30,238720,26705,29720,25907,28783,Naver
2025-06-30,239660,119228,119346,119099,119317,Naver
2025-06-30,241180,21697,22878,21178,22477,Naver
2025-06-30,241390,11748,12278,11694,12228,Naver
2025-06-30,243880,22584,35816,22584,33767,Naver
2025-06-30,243890,3606,4757,3527,4717,Naver
2025-06-30,244580,9000,9420,8715,8990,Naver
2025-06-30,244620,13277,14442,13197,14442,Naver
2025-06-30,244660,8740,9235,8660,9105,Naver
2025-06-30,244670,9207,10061,9083,9927,Naver
2025-06-30,245350,15191,15653,14771,15514,Naver
2025-06-30,245360,11971,12597,11639,12206,Naver
2025-06-30,245710,21399,22057,20387,21603,Naver
2025-06-30,248270,21532,21941,20101,21228,Naver
2025-06-30,250730,9861,10350,9417,10118,Naver
2025-06-30,250780,3910,3925,3570,3685,Naver
2025-06-30,251340,3890,3895,3540,3645,Naver
2025-06-30,251350,30304,31160,30041,30967,Naver
2025-06-30,251590,14012,15286,13796,15103,Naver
2025-06-30,252400,15843,21799,15759,21100,Naver
2025-06-30,252410,5395,5410,4590,4650,Naver
2025-06-30,252420,1940,1943,1383,1430,Naver
2025-06-30,252650,12171,13926,12081,13701,Naver
2025-06-30,252670,1924,1932,1374,1420,Naver
2025-06-30,252710,2035,2050,1456,1504,Naver
2025-06-30,253150,32085,43723,31803,42521,Naver
2025-06-30,253160,3915,3960,2830,2915,Naver
2025-06-30,253230,1934,1951,1393,1435,Naver
2025-06-30,253240,5420,5450,4630,4675,Naver
2025-06-30,253250,15652,21522,15588,20853,Naver
2025-06-30,253280,13710,14565,13625,13850,Naver
2025-06-30,253290,11952,12211,11928,12027,Naver
2025-06-30,256440,8834,8864,7664,8222,Naver
2025-06-30,256450,8467,8891,8297,8811,Naver
2025-06-30,256750,8565,9055,8430,8980,Naver
2025-06-30,261060,12080,13860,12030,13495,Naver
2025-06-30,261070,14370,15255,13825,14250,Naver
2025-06-30,261110,15241,15384,14541,14620,Naver
2025-06-30,261120,5588,5825,5534,5820,Naver
2025-06-30,261220,13465,16835,13450,14455,Naver
2025-06-30,261240,13678,13747,13376,13401,Naver
2025-06-30,261250,15279,15378,14564,14629,Naver
2025-06-30,261260,5630,5895,5585,5865,Naver
2025-06-30,261270,8165,8365,8137,8350,Naver
2025-06-30,261920,13811,13934,13021,13574,Naver
2025-06-30,266160,13954,15759,13721,15565,Naver
2025-06-30,266360,11875,15610,11875,14545,Naver
2025-06-30,266370,14955,18215,14905,17725,Naver
2025-06-30,266390,9060,9880,9030,9835,Naver
2025-06-30,266410,7555,8225,7530,8180,Naver
2025-06-30,266420,16865,17915,16725,17075,Naver
2025-06-30,266550,13555,15140,13350,15005,Naver
2025-06-30,267440,8146,8337,8068,8273,Naver
2025-06-30,267450,11064,11118,10853,10917,Naver
2025-06-30,267490,5334,5560,5255,5501,Naver
2025-06-30,267770,13141,18168,13122,17598,Naver
2025-06-30,269370,15223,15296,14674,14988,Naver
2025-06-30,269420,18764,19758,18744,19313,Naver
2025-06-30,269530,17655,18135,16945,17513,Naver
2025-06-30,269540,23420,24550,23320,24550,Naver
2025-06-30,270800,11481,12944,11481,12404,Naver
2025-06-30,270810,11805,12935,11800,12560,Naver
2025-06-30,271050,4495,4510,3580,4130,Naver
2025-06-30,271060,8285,8485,7980,8055,Naver
2025-06-30,272560,111793,111991,111788,111991,Naver
2025-06-30,272570,110169,110253,109542,110129,Naver
2025-06-30,272580,55334,55438,55329,55433,Naver
2025-06-30,272910,107752,107826,107257,107757,Naver
2025-06-30,273130,117203,117217,116188,116813,Naver
2025-06-30,273140,112242,112458,112237,112458,Naver
2025-06-30,275280,15770,18725,15680,18335,Naver
2025-06-30,275290,11285,12765,11170,12610,Naver
2025-06-30,275300,8795,10470,8775,10335,Naver
2025-06-30,275750,3910,3910,3560,3675,Naver
2025-06-30,275980,16924,17947,16695,17947,Naver
2025-06-30,276000,14408,15357,14403,15072,Naver
2025-06-30,276650,30382,32876,30003,32846,Naver
2025-06-30,276970,7399,7490,7244,7335,Naver
2025-06-30,276990,18015,19300,17200,18680,Naver
2025-06-30,277540,16777,18045,16422,17739,Naver
2025-06-30,277630,27935,32372,27751,31760,Naver
2025-06-30,277640,13417,15742,13323,15375,Naver
2025-06-30,277650,15720,17525,15565,17250,Naver
2025-06-30,278240,8022,9545,7967,8963,Naver
2025-06-30,278530,12845,15095,12810,14860,Naver
2025-06-30,278540,11895,13855,11830,13720,Naver
2025-06-30,278620,115860,116053,115840,116023,Naver
2025-06-30,279530,11265,12425,11090,12264,Naver
2025-06-30,279540,10805,12075,10745,12075,Naver
2025-06-30,280320,19903,20668,18764,20663,Naver
2025-06-30,280930,12166,12934,12131,12934,Naver
2025-06-30,280940,4535,4620,4295,4565,Naver
2025-06-30,281990,13181,14872,12939,14728,Naver
2025-06-30,282000,108583,109294,108519,109102,Naver
2025-06-30,283580,11688,11870,11453,11771,Naver
2025-06-30,284430,13046,13930,12958,13762,Naver
2025-06-30,284980,13032,15562,12634,14942,Naver
2025-06-30,285690,11905,13515,11780,13380,Naver
2025-06-30,289040,10405,12115,10405,12010,Naver
2025-06-30,289250,10405,12207,10405,12109,Naver
2025-06-30,289260,9163,11315,9068,11225,Naver
2025-06-30,289480,7908,8183,7810,8096,Naver
2025-06-30,289670,56205,56358,55556,56185,Naver
2025-06-30,290080,8555,8835,8074,8742,Naver
2025-06-30,290130,12945,15350,12945,15222,Naver
2025-06-30,291130,14007,14362,13573,14219,Naver
2025-06-30,291620,6925,6925,6330,6535,Naver
2025-06-30,291630,3565,4225,3540,3950,Naver
2025-06-30,291680,8274,8480,7768,7905,Naver
2025-06-30,291890,8579,9265,8465,9156,Naver
2025-06-30,292050,17296,20182,17252,19832,Naver
2025-06-30,292150,10867,12884,10778,12715,Naver
2025-06-30,292160,16894,19786,16869,19384,Naver
2025-06-30,292190,16840,19670,16790,19350,Naver
2025-06-30,292500,17157,19895,17103,19690,Naver
2025-06-30,292560,8913,8923,8682,8712,Naver
2025-06-30,294400,46605,54845,46530,53990,Naver
2025-06-30,295000,55500,55669,54943,55440,Naver
2025-06-30,295020,53482,54129,53378,53758,Naver
2025-06-30,295040,13280,15660,13280,15450,Naver
2025-06-30,298340,56598,56598,56291,56494,Naver
2025-06-30,298770,24351,27596,24153,26881,Naver
2025-06-30,300610,6850,8215,6820,7775,Naver
2025-06-30,300640,8125,9825,8115,9280,Naver
2025-06-30,300950,6670,7650,6670,7530,Naver
2025-06-30,301400,12070,13260,12070,12790,Naver
2025-06-30,301410,5920,5920,5390,5540,Naver
2025-06-30,302190,52187,52231,51801,52078,Naver
2025-06-30,302450,27770,32279,27643,31671,Naver
2025-06-30,304660,7395,7600,7350,7555,Naver
2025-06-30,304670,12045,12105,11738,11783,Naver
2025-06-30,304760,16574,19196,16514,19027,Naver
2025-06-30,304770,11925,13030,11910,12640,Naver
2025-06-30,304780,19405,26525,19265,25810,Naver
2025-06-30,304940,24289,25822,24146,25803,Naver
2025-06-30,305050,27915,33020,27700,31815,Naver
2025-06-30,305080,12215,12300,11937,12091,Naver
2025-06-30,305540,12140,13325,11850,13295,Naver
2025-06-30,305720,9870,10690,9645,10480,Naver
2025-06-30,306520,9680,9760,8295,8385,Naver
2025-06-30,306530,7125,8485,7110,7970,Naver
2025-06-30,306950,13695,18510,13655,17920,Naver
2025-06-30,307510,16365,17285,16160,16880,Naver
2025-06-30,307520,12481,14911,12416,14026,Naver
2025-06-30,308620,11435,11504,11154,11317,Naver
2025-06-30,309230,25146,25886,24675,25569,Naver
2025-06-30,310080,9289,9853,9098,9672,Naver
2025-06-30,310960,20840,24500,20795,24205,Naver
2025-06-30,310970,14965,17425,14885,17265,Naver
2025-06-30,314250,47992,52241,47747,52241,Naver
2025-06-30,314700,9201,9725,9101,9695,Naver
2025-06-30,315270,19033,24161,18918,22919,Naver
2025-06-30,315930,22165,26580,21935,26220,Naver
2025-06-30,315960,19695,23415,19455,23125,Naver
2025-06-30,316300,11840,12319,11497,12241,Naver
2025-06-30,319640,20672,21564,20306,20484,Naver
2025-06-30,321410,9729,10051,9675,10036,Naver
2025-06-30,322400,10535,13580,10455,12800,Naver
2025-06-30,322410,14437,16501,14159,16244,Naver
2025-06-30,325010,14700,17535,14700,17110,Naver
2025-06-30,326230,9133,9935,9064,9916,Naver
2025-06-30,326240,14285,17355,14210,16690,Naver
2025-06-30,329200,3967,4026,3876,3971,Naver
2025-06-30,329650,13487,13551,13336,13521,Naver
2025-06-30,329660,15941,16139,15803,16084,Naver
2025-06-30,329670,18455,18801,18286,18742,Naver
2025-06-30,332500,23840,28060,23840,27730,Naver
2025-06-30,332610,122257,123697,117324,119400,Naver
2025-06-30,332620,87036,88416,81075,86943,Naver
2025-06-30,332930,46580,54740,46580,54085,Naver
2025-06-30,332940,14925,17340,14805,17175,Naver
2025-06-30,334690,4872,5924,4788,5719,Naver
2025-06-30,334700,5586,5640,4527,4743,Naver
2025-06-30,336160,101048,101163,100777,101153,Naver
2025-06-30,337120,13090,15030,12970,14920,Naver
2025-06-30,337140,12940,15205,12870,14860,Naver
2025-06-30,337150,13105,15760,13105,15455,Naver
2025-06-30,337160,13946,16344,13891,16124,Naver
2025-06-30,341850,4659,4727,4434,4515,Naver
2025-06-30,352540,10700,11111,10575,10880,Naver
2025-06-30,352560,11439,11727,11349,11435,Naver
2025-06-30,354240,10269,10387,10025,10265,Naver
2025-06-30,354350,18960,19295,18091,19130,Naver
2025-06-30,354500,12000,13115,11945,12755,Naver
2025-06-30,356540,107590,107625,106691,107215,Naver
2025-06-30,357870,56065,56175,56065,56170,Naver
2025-06-30,359210,13690,15915,13655,15640,Naver
2025-06-30,360140,9805,10723,9685,10673,Naver
2025-06-30,360200,20296,20997,20088,20887,Naver
2025-06-30,360750,20081,20781,19868,20667,Naver
2025-06-30,361580,20265,23765,20130,23375,Naver
2025-06-30,363510,109085,109282,109085,109282,Naver
2025-06-30,363570,101588,101632,99968,100963,Naver
2025-06-30,363580,10470,13185,10440,12770,Naver
2025-06-30,364690,14170,16510,14160,16265,Naver
2025-06-30,364960,5620,6750,5595,6585,Naver
2025-06-30,364970,7080,7690,7050,7260,Naver
2025-06-30,364980,6650,7415,6495,7395,Naver
2025-06-30,364990,5185,6130,5185,6070,Naver
2025-06-30,365000,3700,5225,3655,4675,Naver
2025-06-30,365040,13595,15770,13530,15515,Naver
2025-06-30,367380,22362,23388,22092,23289,Naver
2025-06-30,367740,12353,14355,12318,14175,Naver
2025-06-30,367760,10245,12410,10200,12055,Naver
2025-06-30,368190,6570,7635,6570,7365,Naver
2025-06-30,368590,21621,22625,21372,22535,Naver
2025-06-30,368680,6680,7715,6635,7455,Naver
2025-06-30,371160,7757,8229,7577,7900,Naver
2025-06-30,371450,11192,11456,10843,11152,Naver
2025-06-30,371460,9306,9390,8149,9073,Naver
2025-06-30,371470,6618,7512,6404,6921,Naver
2025-06-30,371870,7696,7981,7377,7711,Naver
2025-06-30,373490,11285,13400,11230,13075,Naver
2025-06-30,373790,14869,14869,14171,14402,Naver
2025-06-30,375270,11565,12021,11471,11795,Naver
2025-06-30,375760,8802,10156,8767,10007,Naver
2025-06-30,375770,8970,10295,8920,10150,Naver
2025-06-30,376410,8874,10211,8844,10036,Naver
2025-06-30,377990,10705,13420,10520,13165,Naver
2025-06-30,379780,17486,18095,17308,17996,Naver
2025-06-30,379790,14631,14840,14029,14432,Naver
2025-06-30,379800,18338,18984,18151,18885,Naver
2025-06-30,379810,19480,20379,19252,20299,Naver
2025-06-30,380340,8745,11400,8745,10835,Naver
2025-06-30,381170,22789,24295,22445,24171,Naver
2025-06-30,381180,17184,19817,16939,19738,Naver
2025-06-30,381560,6637,7565,6543,7461,Naver
2025-06-30,381570,6554,7299,6460,6965,Naver
2025-06-30,385510,20180,24250,19900,24010,Naver
2025-06-30,385520,6905,8070,6830,7850,Naver
2025-06-30,385540,109206,109290,108261,108939,Naver
2025-06-30,385550,110598,110853,110598,110844,Naver
2025-06-30,385560,80234,80688,77046,78560,Naver
2025-06-30,385590,8135,9440,8055,9355,Naver
2025-06-30,385600,5620,6195,5540,6075,Naver
2025-06-30,385720,10305,11870,10285,11550,Naver
2025-06-30,387270,16245,17688,16076,17061,Naver
2025-06-30,387280,6375,7225,6265,7070,Naver
2025-06-30,388280,7165,7720,7155,7700,Naver
2025-06-30,388420,9412,11532,9357,11225,Naver
2025-06-30,390390,22398,25894,22200,25804,Naver
2025-06-30,390400,5511,6057,5347,5915,Naver
2025-06-30,391600,8611,9154,8009,8417,Naver
2025-06-30,391670,10417,12000,10407,11751,Naver
2025-06-30,394670,5719,5769,5165,5744,Naver
2025-06-30,395150,3155,4045,3140,3750,Naver
2025-06-30,395160,8570,10610,8540,10400,Naver
2025-06-30,395170,7187,7971,7107,7756,Naver
2025-06-30,395270,9566,11844,9566,11540,Naver
2025-06-30,395280,4020,4670,4020,4590,Naver
2025-06-30,395290,8945,10135,8880,9830,Naver
2025-06-30,395750,8425,9605,8360,9480,Naver
2025-06-30,396500,9682,12324,9677,12000,Naver
2025-06-30,396510,5286,5503,4985,5365,Naver
2025-06-30,396520,6249,6538,6054,6463,Naver
2025-06-30,397420,51908,51918,51535,51844,Naver
2025-06-30,399110,15609,16081,15311,16006,Naver
2025-06-30,399580,6204,6686,6204,6435,Naver
2025-06-30,400580,10173,10991,10108,10272,Naver
2025-06-30,400590,11870,12585,11785,11995,Naver
2025-06-30,400970,6995,8075,6995,7880,Naver
2025-06-30,401170,6137,7310,6137,7025,Naver
2025-06-30,401470,7455,8750,7455,8480,Naver
2025-06-30,401590,9616,10195,9377,9666,Naver
2025-06-30,402460,6960,7924,6935,7829,Naver
2025-06-30,402970,11335,11569,11161,11345,Naver
2025-06-30,403790,21890,25433,21755,24869,Naver
2025-06-30,404120,12710,14450,12690,14285,Naver
2025-06-30,404260,10600,12135,10550,11795,Naver
2025-06-30,404540,10706,12283,10671,11916,Naver
2025-06-30,404650,10636,12088,10551,11797,Naver
2025-06-30,407300,7081,8661,7081,8546,Naver
2025-06-30,407310,7688,8874,7594,8635,Naver
2025-06-30,407820,7385,8444,7385,8414,Naver
2025-06-30,407830,13535,14400,13155,14245,Naver
2025-06-30,409810,7460,7510,7025,7030,Naver
2025-06-30,409820,11514,13047,11414,13047,Naver
2025-06-30,410870,11830,13320,11830,13245,Naver
2025-06-30,411060,20630,21600,20100,20100,Naver
2025-06-30,411540,7808,9028,7714,8766,Naver
2025-06-30,411860,16101,16496,13933,16353,Naver
2025-06-30,412560,1566,2444,1566,2175,Naver
2025-06-30,412570,799,952,748,949,Naver
2025-06-30,412770,11650,12852,11396,12652,Naver
2025-06-30,413220,3435,3520,3322,3515,Naver
2025-06-30,413930,9950,11625,9915,11460,Naver
2025-06-30,414270,11352,11501,10560,11202,Naver
2025-06-30,414780,7551,7955,7322,7626,Naver
2025-06-30,415340,7775,7860,7500,7805,Naver
2025-06-30,415760,7407,7432,6882,7323,Naver
2025-06-30,415920,3705,4035,3510,3930,Naver
2025-06-30,416090,7196,7236,6736,7136,Naver
2025-06-30,417450,6465,7457,6386,7323,Naver
2025-06-30,417630,10381,11814,10246,11524,Naver
2025-06-30,418660,22787,24879,22312,24652,Naver
2025-06-30,419420,5540,5929,5436,5859,Naver
2025-06-30,419430,6490,6800,6260,6690,Naver
2025-06-30,419650,3030,3650,2985,3415,Naver
2025-06-30,419890,105422,105597,105388,105597,Naver
2025-06-30,421320,21005,24900,20800,23320,Naver
2025-06-30,422260,10278,13407,9995,10958,Naver
2025-06-30,422420,5043,5467,4939,5413,Naver
2025-06-30,423160,108331,108542,108328,108542,Naver
2025-06-30,423170,17695,20670,17450,20570,Naver
2025-06-30,423920,17468,22889,16904,22784,Naver
2025-06-30,424460,14387,14681,14222,14417,Naver
2025-06-30,426020,20712,22659,20403,22264,Naver
2025-06-30,426030,24918,29614,24678,29125,Naver
2025-06-30,426150,58140,58215,57356,57894,Naver
2025-06-30,427120,7279,9942,7274,9063,Naver
2025-06-30,428510,11253,11888,11013,11868,Naver
2025-06-30,428560,16985,17070,16319,17005,Naver
2025-06-30,429000,11547,11576,11228,11381,Naver
2025-06-30,429010,13323,13735,13168,13665,Naver
2025-06-30,429740,6360,6455,6100,6300,Naver
2025-06-30,429980,11000,12120,10905,11455,Naver
2025-06-30,430500,115840,115904,114728,115504,Naver
2025-06-30,432600,55523,55528,55204,55473,Naver
2025-06-30,432840,15161,15646,15002,15576,Naver
2025-06-30,433220,18575,19940,18400,19830,Naver
2025-06-30,433250,11855,13640,11855,13425,Naver
2025-06-30,433330,16822,17371,16623,17272,Naver
2025-06-30,433500,24950,34125,24885,33675,Naver
2025-06-30,433880,14642,15701,14549,14866,Naver
2025-06-30,433970,12770,12867,12499,12775,Naver
2025-06-30,433980,13551,13724,13403,13649,Naver
2025-06-30,434730,26535,37665,26380,37490,Naver
2025-06-30,434960,36250,42248,36250,41896,Naver
2025-06-30,435040,16702,17338,16399,16976,Naver
2025-06-30,435420,12809,12952,12719,12932,Naver
2025-06-30,435530,12953,13060,12657,12967,Naver
2025-06-30,435540,13680,14011,13548,13992,Naver
2025-06-30,435550,13814,14257,13735,14164,Naver
2025-06-30,436140,112785,112927,111870,112594,Naver
2025-06-30,437080,96941,101061,96671,98026,Naver
2025-06-30,437350,11620,11699,11390,11469,Naver
2025-06-30,437370,8926,9283,8804,8946,Naver
2025-06-30,438080,12276,12384,12096,12237,Naver
2025-06-30,438100,12879,13281,12609,12918,Naver
2025-06-30,438320,7844,8912,7396,8405,Naver
2025-06-30,438560,100647,100813,100272,100774,Naver
2025-06-30,438570,106149,106401,105063,105974,Naver
2025-06-30,438740,23757,27018,23752,26959,Naver
2025-06-30,438900,11910,12450,11655,12410,Naver
2025-06-30,439860,113811,114032,113481,113899,Naver
2025-06-30,439870,121216,121472,117563,119488,Naver
2025-06-30,440340,10470,10586,10018,10522,Naver
2025-06-30,440640,108971,109149,108952,109149,Naver
2025-06-30,440910,18002,19589,17907,19429,Naver
2025-06-30,441540,22990,25865,22505,24415,Naver
2025-06-30,441640,10346,10546,10261,10504,Naver
2025-06-30,441680,8791,9002,8720,8910,Naver
2025-06-30,441800,12811,15658,12624,15439,Naver
2025-06-30,442320,24665,30937,24455,30708,Naver
2025-06-30,442550,12577,12760,12473,12721,Naver
2025-06-30,442570,13221,13558,13111,13499,Naver
2025-06-30,442580,17390,21505,16805,20855,Naver
2025-06-30,444490,15339,16346,15155,15748,Naver
2025-06-30,445150,22035,25420,21815,24145,Naver
2025-06-30,445290,14400,18600,14300,17180,Naver
2025-06-30,445690,15435,17580,15230,17270,Naver
2025-06-30,445910,13966,15478,13812,15338,Naver
2025-06-30,446690,15497,18397,15168,18174,Naver
2025-06-30,446700,7730,8465,7565,8215,Naver
2025-06-30,446720,10236,10460,10100,10232,Naver
2025-06-30,446770,25621,30248,25013,30115,Naver
2025-06-30,447430,14633,15778,14184,15442,Naver
2025-06-30,447620,13090,13505,13060,13440,Naver
2025-06-30,447660,11902,12589,11728,11848,Naver
2025-06-30,447770,13838,13996,12867,13447,Naver
2025-06-30,448100,36510,43029,36370,42450,Naver
2025-06-30,448290,13924,14633,13864,14633,Naver
2025-06-30,448300,16985,18076,16890,18076,Naver
2025-06-30,448330,10480,10801,10480,10703,Naver
2025-06-30,448490,57446,57570,56782,57406,Naver
2025-06-30,448540,22157,23188,21865,23158,Naver
2025-06-30,448570,12895,15315,12855,15110,Naver
2025-06-30,448630,9790,9925,9740,9850,Naver
2025-06-30,449170,108253,108456,108248,108451,Naver
2025-06-30,449180,13466,14137,13413,14137,Naver
2025-06-30,449450,41125,54330,40810,48350,Naver
2025-06-30,449580,14856,14883,14430,14752,Naver
2025-06-30,449680,7531,7926,7441,7796,Naver
2025-06-30,449770,16176,16717,16003,16612,Naver
2025-06-30,449780,14673,15398,14604,15398,Naver
2025-06-30,450180,7785,8155,7710,8035,Naver
2025-06-30,450190,15345,17000,15295,16830,Naver
2025-06-30,451000,114479,115550,113620,114222,Naver
2025-06-30,451060,11579,13607,11514,13354,Naver
2025-06-30,451150,17215,18615,17205,18565,Naver
2025-06-30,451540,56780,56780,55778,56113,Naver
2025-06-30,451600,117151,117151,113418,114934,Naver
2025-06-30,451670,25723,25723,24010,24728,Naver
2025-06-30,452250,5208,5469,5144,5395,Naver
2025-06-30,452360,10202,10530,10188,10452,Naver
2025-06-30,453060,107880,108105,107880,108105,Naver
2025-06-30,453080,17030,18121,16960,18121,Naver
2025-06-30,453330,14133,14850,14073,14850,Naver
2025-06-30,453630,11970,11970,11356,11425,Naver
2025-06-30,453640,10959,11281,10895,10999,Naver
2025-06-30,453660,15945,16073,15318,15980,Naver
2025-06-30,453810,13545,13822,13198,13609,Naver
2025-06-30,453820,16574,17070,15736,16708,Naver
2025-06-30,453850,7363,7558,7315,7508,Naver
2025-06-30,453870,13294,13538,12922,13379,Naver
2025-06-30,453950,14483,16337,13955,15948,Naver
2025-06-30,454180,8567,8782,7931,8411,Naver
2025-06-30,454320,18680,25230,18515,24370,Naver
2025-06-30,454780,106273,106482,105617,106098,Naver
2025-06-30,455030,11495,11543,11250,11275,Naver
2025-06-30,455660,9367,9513,9318,9457,Naver
2025-06-30,455850,10290,12475,10200,12160,Naver
2025-06-30,455860,3200,3525,3125,3370,Naver
2025-06-30,455890,53494,53613,53494,53608,Naver
2025-06-30,455960,11485,11570,11270,11300,Naver
2025-06-30,456200,57070,57365,55891,55891,Naver
2025-06-30,456250,9730,9848,9142,9429,Naver
2025-06-30,456600,25731,30952,25446,29378,Naver
2025-06-30,456610,57103,57402,53965,56038,Naver
2025-06-30,456680,5678,5747,5123,5484,Naver
2025-06-30,456880,11580,11855,11325,11350,Naver
2025-06-30,457480,14665,15532,12894,14355,Naver
2025-06-30,457690,11033,11092,10949,11067,Naver
2025-06-30,457700,12271,12286,11912,12084,Naver
2025-06-30,457930,11895,14815,11860,14350,Naver
2025-06-30,458030,53238,53352,53238,53342,Naver
2025-06-30,458210,106960,107180,106960,107170,Naver
2025-06-30,458250,36878,38386,36570,37978,Naver
2025-06-30,458260,46063,46852,45880,46829,Naver
2025-06-30,458730,11153,11411,11013,11173,Naver
2025-06-30,458750,9846,10104,9749,9875,Naver
2025-06-30,458760,8574,8776,8445,8534,Naver
2025-06-30,459580,1050251,1052325,1050251,1052325,Naver
2025-06-30,459750,13674,14015,13521,13891,Naver
2025-06-30,459790,14438,15040,14149,15005,Naver
2025-06-30,460270,11935,12470,11690,11720,Naver
2025-06-30,460660,10263,10268,9916,10019,Naver
2025-06-30,460960,9946,10194,9709,9960,Naver
2025-06-30,461270,10926,10946,10916,10941,Naver
2025-06-30,461340,20465,22116,19181,21483,Naver
2025-06-30,461450,10940,12320,10940,11990,Naver
2025-06-30,461460,55701,56323,55094,55676,Naver
2025-06-30,461490,13051,13161,12927,13126,Naver
2025-06-30,461500,111636,111646,110652,111185,Naver
2025-06-30,461580,11140,12550,11140,12110,Naver
2025-06-30,461600,8476,8701,8412,8647,Naver
2025-06-30,461900,17115,18500,16725,18045,Naver
2025-06-30,461910,23291,26205,22221,25977,Naver
2025-06-30,461950,3320,3670,3220,3505,Naver
2025-06-30,462010,3245,3655,3165,3480,Naver
2025-06-30,462330,743,860,706,824,Naver
2025-06-30,462340,14840,15670,14830,15635,Naver
2025-06-30,462900,14890,15815,14570,14775,Naver
2025-06-30,463050,12445,13250,12205,12505,Naver
2025-06-30,463250,23765,33310,23730,29260,Naver
2025-06-30,463290,105729,105940,105729,105931,Naver
2025-06-30,463300,10142,10423,9876,10236,Naver
2025-06-30,463640,12896,12980,12463,12695,Naver
2025-06-30,463680,13834,14980,13669,14840,Naver
2025-06-30,463690,15848,16709,15609,16619,Naver
2025-06-30,464240,51234,51317,51224,51307,Naver
2025-06-30,464310,12091,12514,11698,12509,Naver
2025-06-30,464920,11835,15900,11500,13455,Naver
2025-06-30,464930,15199,15641,14485,15323,Naver
2025-06-30,465330,6840,7530,6660,7485,Naver
2025-06-30,465350,40510,42304,37075,37252,Naver
2025-06-30,465580,16972,17920,16728,17826,Naver
2025-06-30,465610,23638,25699,22748,25477,Naver
2025-06-30,465620,9847,9988,9223,9369,Naver
2025-06-30,465660,11093,13428,10904,13025,Naver
2025-06-30,465670,11652,11923,11491,11678,Naver
2025-06-30,465780,103352,103468,103332,103454,Naver
2025-06-30,466810,3885,4275,3800,4150,Naver
2025-06-30,466920,24550,28020,24120,26255,Naver
2025-06-30,466930,9710,11285,9585,10710,Naver
2025-06-30,466940,15740,17835,15183,17694,Naver
2025-06-30,468370,10654,10654,10238,10427,Naver
2025-06-30,468380,10531,11101,10247,10370,Naver
2025-06-30,468630,10535,10728,10350,10550,Naver
2025-06-30,469050,12782,14980,12619,14980,Naver
2025-06-30,469060,13673,15643,13356,15588,Naver
2025-06-30,469070,9005,11670,8900,10840,Naver
2025-06-30,469150,12955,16400,12955,15815,Naver
2025-06-30,469160,11186,12182,10609,11851,Naver
2025-06-30,469170,4442,4845,4337,4710,Naver
2025-06-30,469530,9480,9695,9420,9685,Naver
2025-06-30,469790,10313,13626,10298,13068,Naver
2025-06-30,469830,52362,52485,52362,52485,Naver
2025-06-30,470310,7355,9355,7275,9095,Naver
2025-06-30,471040,14300,16405,14000,15260,Naver
2025-06-30,471460,64215,64284,61248,63075,Naver
2025-06-30,471760,7715,9860,7690,9375,Naver
2025-06-30,471780,8205,10420,8205,10070,Naver
2025-06-30,471990,8280,10575,8230,10255,Naver
2025-06-30,472150,8821,9739,8743,9597,Naver
2025-06-30,472160,14374,15506,14215,15501,Naver
2025-06-30,472170,12420,12789,12246,12729,Naver
2025-06-30,472720,13328,18607,13069,15042,Naver
2025-06-30,472830,7918,8068,7763,7940,Naver
2025-06-30,472840,35843,41753,35485,41346,Naver
2025-06-30,472870,8108,8252,7886,8061,Naver
2025-06-30,472920,104091,104091,103368,103797,Naver
2025-06-30,473290,10606,10621,10596,10621,Naver
2025-06-30,473330,7890,8073,7760,7938,Naver
2025-06-30,473440,10472,10496,10472,10491,Naver
2025-06-30,473460,18090,18764,17311,18619,Naver
2025-06-30,473590,17887,18527,16968,18402,Naver
2025-06-30,473640,18089,19262,17495,17535,Naver
2025-06-30,474220,11528,12230,10867,12103,Naver
2025-06-30,474390,56166,56304,54487,55410,Naver
2025-06-30,474590,9255,11550,9255,11270,Naver
2025-06-30,474920,14855,15505,13960,15095,Naver
2025-06-30,475050,11805,13200,11725,12905,Naver
2025-06-30,475070,15425,17005,15025,16510,Naver
2025-06-30,475080,7837,7877,7425,7662,Naver
2025-06-30,475260,10409,10429,10399,10424,Naver
2025-06-30,475280,10401,10420,10391,10410,Naver
2025-06-30,475300,7245,8870,7245,8545,Naver
2025-06-30,475310,9740,11890,9700,11590,Naver
2025-06-30,475350,11969,11988,11607,11835,Naver
2025-06-30,475380,9883,10033,9677,9691,Naver
2025-06-30,475630,1039366,1041329,1039366,1041324,Naver
2025-06-30,475720,7123,8101,7097,8061,Naver
2025-06-30,476000,7255,8295,7255,8180,Naver
2025-06-30,476030,12332,12885,12183,12845,Naver
2025-06-30,476070,8979,9713,8666,8790,Naver
2025-06-30,476260,5720,6745,5720,6480,Naver
2025-06-30,476310,8622,9854,8425,8450,Naver
2025-06-30,476450,50940,51047,50940,51042,Naver
2025-06-30,476550,7154,7344,7118,7300,Naver
2025-06-30,476750,8734,8818,8501,8670,Naver
2025-06-30,476760,9038,9144,8813,8998,Naver
2025-06-30,476800,4426,4490,4317,4417,Naver
2025-06-30,476850,9533,10764,9426,10732,Naver
2025-06-30,477050,51569,51687,51564,51682,Naver
2025-06-30,477080,103945,104140,103945,104135,Naver
2025-06-30,477490,14940,15910,14830,15820,Naver
2025-06-30,477730,9135,9219,8716,9007,Naver
2025-06-30,478150,16216,16723,14946,16579,Naver
2025-06-30,479080,51815,51924,51815,51924,Naver
2025-06-30,479520,103047,103246,103042,103241,Naver
2025-06-30,479620,9755,11570,9555,11325,Naver
2025-06-30,479730,9897,9986,9180,9902,Naver
2025-06-30,479850,14760,16605,14725,16500,Naver
2025-06-30,480020,8714,9279,8322,9236,Naver
2025-06-30,480030,8355,8664,8291,8635,Naver
2025-06-30,480040,7598,8510,7282,8451,Naver
2025-06-30,480260,52758,52817,52659,52807,Naver
2025-06-30,480310,9600,10859,9292,10804,Naver
2025-06-30,480460,9313,9401,9114,9347,Naver
2025-06-30,481050,998951,1000978,998951,1000973,Naver
2025-06-30,481060,7708,7908,7670,7879,Naver
2025-06-30,481180,13705,14150,13545,14055,Naver
2025-06-30,481190,12395,13175,12162,13085,Naver
2025-06-30,481340,8953,9107,8702,8929,Naver
2025-06-30,481430,106516,106728,105435,106328,Naver
2025-06-30,482030,6219,6843,6134,6773,Naver
2025-06-30,483020,9775,10075,9445,9930,Naver
2025-06-30,483030,8895,9297,8641,8671,Naver
2025-06-30,483240,10007,10560,9869,10432,Naver
2025-06-30,483290,8234,8368,8077,8128,Naver
2025-06-30,483320,8304,9942,8134,9843,Naver
2025-06-30,483330,11725,12671,11606,12392,Naver
2025-06-30,483340,9871,11324,9717,10862,Naver
2025-06-30,483570,11560,12220,11320,12120,Naver
2025-06-30,484880,12931,14624,12459,14575,Naver
2025-06-30,484890,50908,51007,50908,51007,Naver
2025-06-30,485540,10726,11494,10571,11444,Naver
2025-06-30,485690,11574,13180,11345,13110,Naver
2025-06-30,485810,8277,8501,7993,8122,Naver
2025-06-30,486240,7850,10350,7850,9575,Naver
2025-06-30,486290,8142,8525,8081,8470,Naver
2025-06-30,486450,14725,16475,14485,16200,Naver
2025-06-30,486830,51388,51507,51388,51502,Naver
2025-06-30,487130,8530,10935,8505,10530,Naver
2025-06-30,487230,13653,15015,13473,14900,Naver
2025-06-30,487240,11870,15660,11675,15575,Naver
2025-06-30,487340,101932,102168,101932,102159,Naver
2025-06-30,487910,9145,9250,8805,9135,Naver
2025-06-30,487920,8470,8810,8380,8730,Naver
2025-06-30,487950,9041,9217,8716,9017,Naver
2025-06-30,488080,4578,7277,4538,6887,Naver
2025-06-30,488200,6295,7750,6280,7570,Naver
2025-06-30,488210,7605,9690,7590,9320,Naver
2025-06-30,488480,10730,10730,9947,10336,Naver
2025-06-30,488500,10122,10364,10062,10305,Naver
2025-06-30,488720,51537,51621,51171,51517,Naver
2025-06-30,488770,101505,101712,101505,101712,Naver
2025-06-30,488980,50590,50668,50561,50668,Naver
2025-06-30,489000,10194,10194,9908,9937,Naver
2025-06-30,489010,11660,13260,11615,13130,Naver
2025-06-30,489030,8628,9176,8468,9152,Naver
2025-06-30,489290,12265,12865,12130,12765,Naver
2025-06-30,489860,10795,11477,10706,11398,Naver
2025-06-30,490090,10959,11727,10745,11603,Naver
2025-06-30,490330,8200,8935,8090,8135,Naver
2025-06-30,490480,20105,26120,19885,23410,Naver
2025-06-30,490490,9486,9667,9340,9501,Naver
2025-06-30,490590,8430,9556,8315,9524,Naver
2025-06-30,490600,7452,7634,7347,7482,Naver
2025-06-30,491010,13181,14599,12961,14539,Naver
2025-06-30,491090,11741,12684,11611,12609,Naver
2025-06-30,491220,42120,49560,42120,49020,Naver
2025-06-30,491230,50717,50826,50717,50801,Naver
2025-06-30,491510,11065,12660,10970,12460,Naver
2025-06-30,491610,101438,101636,101438,101636,Naver
2025-06-30,491620,8176,8582,8055,8545,Naver
2025-06-30,491630,18446,18863,15871,15880,Naver
2025-06-30,491700,36017,42176,35992,41663,Naver
2025-06-30,491820,14490,18935,14195,18785,Naver
2025-06-30,491830,10324,12285,10299,12235,Naver
2025-06-30,492500,50645,50709,50561,50694,Naver
2025-06-30,493420,9623,9746,9178,9451,Naver
2025-06-30,493810,8390,8904,8229,8870,Naver
2025-06-30,494180,10619,11367,10359,11278,Naver
2025-06-30,494210,8675,8929,8556,8907,Naver
2025-06-30,494220,10045,13700,10000,12880,Naver
2025-06-30,494300,7624,7979,7553,7933,Naver
2025-06-30,494310,8150,12425,8150,11735,Naver
2025-06-30,494330,11506,13003,11354,12889,Naver
2025-06-30,494340,9984,11796,9805,11506,Naver
2025-06-30,494410,10638,10997,10415,10962,Naver
2025-06-30,494420,7962,8174,7858,8070,Naver
2025-06-30,494670,19384,22409,19065,20697,Naver
2025-06-30,494840,10056,10503,9903,10136,Naver
2025-06-30,494890,10343,12125,10314,11976,Naver
2025-06-30,495040,10349,12154,10339,12015,Naver
2025-06-30,495050,10499,12236,10405,12108,Naver
2025-06-30,495060,10075,12730,10000,12335,Naver
2025-06-30,495230,10423,12424,10385,12346,Naver
2025-06-30,495550,10740,12490,10635,12370,Naver
2025-06-30,495710,50525,50614,50525,50609,Naver
2025-06-30,495750,10503,12226,10423,12127,Naver
2025-06-30,495850,10501,12216,10397,12087,Naver
2025-06-30,495940,10081,10889,9871,10655,Naver
2025-06-30,496020,50451,50579,50451,50571,Naver
2025-06-30,496090,10527,12285,10427,12201,Naver
2025-06-30,496120,10716,12461,10611,12283,Naver
2025-06-30,496770,15765,16315,14715,15415,Naver
2025-06-30,497510,9430,10075,9308,9318,Naver
2025-06-30,497520,9800,10242,9566,9686,Naver
2025-06-30,497570,10163,11540,9889,11485,Naver
2025-06-30,497780,8427,9028,8296,8640,Naver
2025-06-30,497880,48817,48929,48807,48924,Naver
2025-06-30,498050,11260,11985,11040,11160,Naver
2025-06-30,498180,99524,99524,98683,99234,Naver
2025-06-30,498270,9786,10544,9497,10374,Naver
2025-06-30,498400,8401,9671,8379,9597,Naver
2025-06-30,498410,9803,11039,9410,10994,Naver
2025-06-30,498610,10004,10396,9722,10247,Naver
2025-06-30,499150,9919,9919,9538,9845,Naver
2025-06-30,499660,978152,980010,978152,980010,Naver
2025-07-01,0000H0,10980,11240,10490,10560,Yahoo
2025-07-01,0021D0,10250,10535,10135,10475,Yahoo
2025-07-01,0023B0,12205,14135,12050,13330,Yahoo
2025-07-01,0048J0,13505,13995,13485,13885,Yahoo
2025-07-01,0083S0,10055,10575,10000,10155,Yahoo
2025-07-01,091170,11415,12845,11200,11730,Yahoo
2025-07-01,099140,21730,23740,21600,22620,Yahoo
2025-07-01,104530,14415,16320,14260,14935,Yahoo
2025-07-01,105780,6605,6995,6370,6795,Yahoo
2025-07-01,114460,103690,103925,103560,103880,Yahoo
2025-07-01,122260,104490,104780,104480,104760,Yahoo
2025-07-01,136340,107365,107715,107285,107480,Yahoo
2025-07-01,138910,8350,9660,7165,7165,Yahoo
2025-07-01,139220,4520,4710,4205,4360,Yahoo
2025-07-01,139280,11220,12035,11215,11715,Yahoo
2025-07-01,139320,14330,15000,14120,14210,Yahoo
2025-07-01,147970,44440,46530,41995,45100,Yahoo
2025-07-01,153270,31130,33085,30500,32820,Yahoo
2025-07-01,174360,17820,19610,17710,19005,Yahoo
2025-07-01,182480,12395,12610,12240,12425,Yahoo
2025-07-01,195920,24785,25825,23495,24125,Yahoo
2025-07-01,196030,44720,48945,42920,47390,Yahoo
2025-07-01,217770,2700,2715,2435,2455,Yahoo
2025-07-01,219480,27675,28605,27605,28600,Yahoo
2025-07-01,245340,29135,30570,29065,30285,Yahoo
2025-07-01,251600,13835,14555,13795,13965,Yahoo
2025-07-01,252000,14635,15230,14360,14870,Yahoo
2025-07-01,261140,13580,14900,13435,14450,Yahoo
2025-07-01,280920,12780,13630,12235,13550,Yahoo
2025-07-01,287180,36000,39100,35710,38835,Yahoo
2025-07-01,292770,55405,55530,55405,55495,Yahoo
2025-07-01,293180,41940,44605,41210,44140,Yahoo
2025-07-01,316670,6300,6880,6180,6680,Yahoo
2025-07-01,325020,16140,17670,16140,16785,Yahoo
2025-07-01,328370,17100,18125,16750,17940,Yahoo
2025-07-01,329750,12345,13345,12325,12740,Yahoo
2025-07-01,360150,8025,8460,7945,8140,Yahoo
2025-07-01,365780,91470,91790,90770,91790,Yahoo
2025-07-01,367770,14355,15665,13910,15255,Yahoo
2025-07-01,371150,7895,8990,7550,8175,Yahoo
2025-07-01,372330,7940,8755,7720,8290,Yahoo
2025-07-01,385710,8755,9250,8585,8715,Yahoo
2025-07-01,394660,10620,11770,10475,11345,Yahoo
2025-07-01,395760,10280,10770,10020,10700,Yahoo
2025-07-01,400570,9870,10430,9870,10365,Yahoo
2025-07-01,411420,16085,18100,15700,18020,Yahoo
2025-07-01,418670,15260,16030,14685,14950,Yahoo
2025-07-01,429760,15500,16535,15465,16450,Yahoo
2025-07-01,434060,14460,15080,14445,15020,Yahoo
2025-07-01,437070,59000,61060,59000,60735,Yahoo
2025-07-01,438330,117325,117710,117020,117500,Yahoo
2025-07-01,440650,11290,11655,11240,11575,Yahoo
2025-07-01,442090,14880,15750,14535,15520,Yahoo
2025-07-01,442260,15190,15605,14650,15560,Yahoo
2025-07-01,442560,13305,13845,13290,13825,Yahoo
2025-07-01,444200,22570,24115,21455,23865,Yahoo
2025-07-01,449190,17580,18310,17425,18305,Yahoo
2025-07-01,449690,16545,17245,16150,17220,Yahoo
2025-07-01,450910,12455,13595,12190,13200,Yahoo
2025-07-01,451530,60615,61095,59400,60740,Yahoo
2025-07-01,453010,107830,108055,107830,108045,Yahoo
2025-07-01,453650,17445,18285,17330,18180,Yahoo
2025-07-01,457990,16620,17950,15455,17540,Yahoo
2025-07-01,459560,14300,16295,14055,16000,Yahoo
2025-07-01,464470,49665,50820,49035,50425,Yahoo
2025-07-01,464600,9030,9740,8950,9385,Yahoo
2025-07-01,464610,12760,13570,12420,12710,Yahoo
2025-07-01,466950,18325,20857,17650,20675,Yahoo
2025-07-01,471230,114240,114595,113275,114595,Yahoo
2025-07-01,473490,16465,20015,16170,19955,Yahoo
2025-07-01,474800,10685,11300,10490,11020,Yahoo
2025-07-01,475270,10530,10565,10530,10555,Yahoo
2025-07-01,476690,8725,9280,8470,8565,Yahoo
2025-07-01,482730,10440,11090,10405,11005,Yahoo
2025-07-01,483280,10610,11715,10420,11685,Yahoo
2025-07-01,483420,10405,11210,10335,11140,Yahoo
2025-07-01,484790,9040,9075,8690,8900,Yahoo
2025-07-01,487750,8415,8855,8155,8720,Yahoo
2025-07-01,488290,23700,24735,23000,24300,Yahoo
2025-07-01,489250,9835,10375,9815,10170,Yahoo
2025-07-01,495330,12150,13230,11785,12670,Yahoo
2025-07-01,496080,12315,12925,11955,12710,Yahoo
2025-07-01,496130,12550,13640,12405,12855,Yahoo
2025-07-01,498860,13470,15410,13150,13575,Yahoo
2025-07-31,0000D0,8354,9048,8156,9019,Naver
2025-07-31,0000J0,23485,26925,21415,26450,Naver
2025-07-31,0000Y0,99064,99340,99064,99340,Naver
2025-07-31,0000Z0,11090,12725,11010,11980,Naver
2025-07-31,0001P0,9340,10705,9340,10065,Naver
2025-07-31,0002C0,10700,11005,10295,10465,Naver
2025-07-31,0004G0,8353,8847,8314,8690,Naver
2025-07-31,0005A0,7947,8521,7943,8480,Naver
2025-07-31,0005C0,10234,10519,10166,10456,Naver
2025-07-31,0005D0,9807,11171,9687,10746,Naver
2025-07-31,0005G0,12184,12867,11720,12535,Naver
2025-07-31,0007F0,10065,10099,10055,10099,Naver
2025-07-31,0007G0,11697,13787,11219,13433,Naver
2025-07-31,0007N0,42300,44780,41455,44340,Naver
2025-07-31,0008E0,9026,10170,9001,10025,Naver
2025-07-31,0008S0,7715,8135,7342,7985,Naver
2025-07-31,0008T0,16189,16624,14656,15700,Naver
2025-07-31,0013P0,9490,10299,9450,10299,Naver
2025-07-31,0013R0,7879,8145,7556,8022,Naver
2025-07-31,0015B0,10695,11965,10385,11890,Naver
2025-07-31,0015E0,10267,10405,9681,10400,Naver
2025-07-31,0015F0,10254,10548,9977,10480,Naver
2025-07-31,0015K0,8218,8740,8059,8541,Naver
2025-07-31,0016X0,50115,50292,50095,50287,Naver
2025-07-31,0017Y0,99874,100399,99800,100399,Naver
2025-07-31,0018C0,10536,11801,10522,10924,Naver
2025-07-31,0018Z0,12774,13956,12565,13448,Naver
2025-07-31,0019K0,10586,11085,10431,11055,Naver
2025-07-31,0020H0,12885,14610,12700,14160,Naver
2025-07-31,0021C0,10335,10839,10190,10799,Naver
2025-07-31,0021E0,10191,10699,10151,10639,Naver
2025-07-31,0022T0,10041,10671,10029,10315,Naver
2025-07-31,0023A0,14889,18131,14569,16957,Naver
2025-07-31,0025N0,9993,10566,9934,10487,Naver
2025-07-31,0026E0,9637,10099,9612,10049,Naver
2025-07-31,0026S0,10146,10850,10131,10785,Naver
2025-07-31,0028X0,11023,12048,10648,11721,Naver
2025-07-31,0035T0,11546,11949,11043,11789,Naver
2025-07-31,0036D0,9484,10005,9474,9698,Naver
2025-07-31,0036R0,11835,13018,11805,12948,Naver
2025-07-31,0036Z0,9826,10007,9479,10002,Naver
2025-07-31,0038A0,12160,13433,11980,13348,Naver
2025-07-31,0040S0,12313,13467,11928,13402,Naver
2025-07-31,0040X0,8892,9653,8798,9599,Naver
2025-07-31,0040Y0,8555,8989,8390,8865,Naver
2025-07-31,0041D0,12706,14114,12506,14044,Naver
2025-07-31,0041E0,11353,12238,11328,12163,Naver
2025-07-31,0043B0,99917,100155,99917,100155,Naver
2025-07-31,0043Y0,9956,11740,9806,11056,Naver
2025-07-31,0046A0,9108,9441,9089,9387,Naver
2025-07-31,0046Y0,10276,10840,10148,10761,Naver
2025-07-31,0047A0,9515,10506,9231,10023,Naver
2025-07-31,0047N0,9873,10776,9553,10092,Naver
2025-07-31,0047P0,10909,11775,10579,11738,Naver
2025-07-31,0047R0,11199,12401,10894,12356,Naver
2025-07-31,0048K0,8604,9614,8170,9076,Naver
2025-07-31,0049K0,9927,10538,9927,10259,Naver
2025-07-31,0049M0,9580,10254,9453,10078,Naver
2025-07-31,0050E0,9305,9904,9013,9790,Naver
2025-07-31,0051A0,11120,12670,10800,12620,Naver
2025-07-31,0051G0,12790,14971,12011,14877,Naver
2025-07-31,0052D0,11315,12658,11276,11732,Naver
2025-07-31,0052S0,10048,10892,10014,10515,Naver
2025-07-31,0052T0,49494,49613,49474,49603,Naver
2025-07-31,0053L0,9516,10518,9097,9999,Naver
2025-07-31,0053M0,9935,10055,9665,9930,Naver
2025-07-31,0057H0,10046,10605,10041,10550,Naver
2025-07-31,0060H0,9992,10560,9957,10501,Naver
2025-07-31,0061Z0,49441,49550,49436,49550,Naver
2025-07-31,0064K0,9470,10030,9460,9680,Naver
2025-07-31,0065G0,9911,10696,9566,10091,Naver
2025-07-31,0066W0,9505,10060,9480,9675,Naver
2025-07-31,0067V0,9925,10666,9535,10019,Naver
2025-07-31,0067Y0,10217,11401,9787,11216,Naver
2025-07-31,0068M0,10075,10770,10075,10560,Naver
2025-07-31,0069M0,10204,10967,10149,10902,Naver
2025-07-31,0072R0,9730,10260,9720,9930,Naver
2025-07-31,0073X0,9228,9530,8857,9466,Naver
2025-07-31,0074K0,9875,10940,9785,10900,Naver
2025-07-31,0078V0,10105,10605,9920,10040,Naver
2025-07-31,0079X0,10025,10763,9950,10015,Naver
2025-07-31,0080G0,9895,11190,9890,10990,Naver
2025-07-31,0080X0,9890,10125,9860,10081,Naver
2025-07-31,0080Y0,9830,15435,9765,14721,Naver
2025-07-31,0082F0,9851,10006,9681,9851,Naver
2025-07-31,0082V0,9976,10140,9891,10060,Naver
2025-07-31,0084D0,9906,10159,9792,10119,Naver
2025-07-31,0085N0,9811,9865,9782,9850,Naver
2025-07-31,0085P0,9763,9893,9621,9850,Naver
2025-07-31,0086B0,9628,9763,9575,9739,Naver
2025-07-31,0086C0,9808,9911,9783,9911,Naver
2025-07-31,0087F0,10200,10290,9691,9771,Naver
2025-07-31,069500,41576,44374,40797,43770,Naver
2025-07-31,069660,41552,44238,40763,43746,Naver
2025-07-31,091160,37205,38330,35570,37595,Naver
2025-07-31,091180,18406,20707,18406,19399,Naver
2025-07-31,091220,11533,13058,11390,11964,Naver
2025-07-31,091230,38788,39744,36908,39139,Naver
2025-07-31,100910,6513,6856,6343,6776,Naver
2025-07-31,101280,22400,23649,21707,22996,Naver
2025-07-31,102110,41594,44325,40746,43709,Naver
2025-07-31,102780,9320,10360,9275,10115,Naver
2025-07-31,102960,10775,11530,9730,11485,Naver
2025-07-31,102970,14050,15515,12705,13295,Naver
2025-07-31,104520,10269,10752,10110,10484,Naver
2025-07-31,105010,4402,4708,4387,4500,Naver
2025-07-31,105190,41897,44510,40687,43982,Naver
2025-07-31,108450,15570,17220,15305,16820,Naver
2025-07-31,108590,41840,44161,40967,43842,Naver
2025-07-31,114100,107950,108191,107827,108186,Naver
2025-07-31,114260,61973,62131,61899,62116,Naver
2025-07-31,114470,109085,109380,109012,109312,Naver
2025-07-31,114800,3610,3680,3385,3430,Naver
2025-07-31,114820,105454,105696,105325,105681,Naver
2025-07-31,117460,10870,12275,10865,11750,Naver
2025-07-31,117680,10909,13129,10776,12575,Naver
2025-07-31,117690,19834,22131,18966,20771,Naver
2025-07-31,117700,4395,4570,4030,4220,Naver
2025-07-31,122090,28201,30300,27544,29772,Naver
2025-07-31,122630,23400,26500,22460,25765,Naver
2025-07-31,123310,4045,4105,3770,3835,Naver
2025-07-31,123320,23005,26111,22205,25399,Naver
2025-07-31,130680,4068,4490,4043,4461,Naver
2025-07-31,130730,100161,100385,100152,100365,Naver
2025-07-31,131890,20440,22025,20215,21295,Naver
2025-07-31,132030,19513,20284,19274,19383,Naver
2025-07-31,133690,135497,146126,134799,145188,Naver
2025-07-31,137610,5263,5571,5130,5140,Naver
2025-07-31,138230,15204,15768,15175,15699,Naver
2025-07-31,138520,12601,13949,12511,13604,Naver
2025-07-31,138530,6852,7774,6852,7560,Naver
2025-07-31,138540,33116,36879,33002,34906,Naver
2025-07-31,138920,10895,11219,10466,10641,Naver
2025-07-31,139230,11182,11826,9779,11761,Naver
2025-07-31,139240,11144,13162,10850,12624,Naver
2025-07-31,139250,11495,12822,11455,12263,Naver
2025-07-31,139260,32482,33538,31241,32747,Naver
2025-07-31,139270,11254,12670,11149,11471,Naver
2025-07-31,139290,17196,18650,17181,17575,Naver
2025-07-31,139660,8685,8685,8390,8420,Naver
2025-07-31,140570,14415,15200,14081,15015,Naver
2025-07-31,140580,15369,16183,15140,15775,Naver
2025-07-31,140700,11320,13290,11130,11475,Naver
2025-07-31,140710,5795,6395,5795,5885,Naver
2025-07-31,140950,31488,33504,30852,33035,Naver
2025-07-31,143850,65184,67439,65115,67439,Naver
2025-07-31,143860,37755,43980,37750,41875,Naver
2025-07-31,144600,6315,6898,6255,6464,Naver
2025-07-31,145670,4595,4605,4210,4290,Naver
2025-07-31,145850,46092,49081,45785,48549,Naver
2025-07-31,148020,41916,44642,41052,44045,Naver
2025-07-31,148070,112628,112986,111729,112981,Naver
2025-07-31,150460,7889,8425,7779,8013,Naver
2025-07-31,152100,42284,45056,41475,44428,Naver
2025-07-31,152380,70009,70202,69421,70162,Naver
2025-07-31,152500,9478,10712,9093,10406,Naver
2025-07-31,152870,41988,44801,41361,44208,Naver
2025-07-31,153130,111389,111636,111384,111631,Naver
2025-07-31,156080,18665,19950,18285,19715,Naver
2025-07-31,157450,109619,109851,109619,109841,Naver
2025-07-31,157490,10190,10370,9175,9425,Naver
2025-07-31,157500,9490,10555,8595,9055,Naver
2025-07-31,159800,32100,34050,31520,33670,Naver
2025-07-31,160580,12035,12850,11455,11705,Naver
2025-07-31,161510,18398,20723,18378,19048,Naver
2025-07-31,166400,13553,14183,13469,13977,Naver
2025-07-31,167860,110434,110922,108416,110690,Naver
2025-07-31,168580,26475,28807,26250,28240,Naver
2025-07-31,169950,20921,22490,20921,22005,Naver
2025-07-31,174350,16036,17779,16036,16405,Naver
2025-07-31,176950,53538,54097,53474,53583,Naver
2025-07-31,181480,79299,82073,78915,81655,Naver
2025-07-31,182490,13415,13625,13311,13560,Naver
2025-07-31,183700,64795,66142,64547,66063,Naver
2025-07-31,183710,45506,47134,44799,46781,Naver
2025-07-31,185680,24130,26510,24130,26090,Naver
2025-07-31,189400,21260,21840,21075,21670,Naver
2025-07-31,190620,99277,99516,98874,99501,Naver
2025-07-31,192090,9534,10758,9529,10207,Naver
2025-07-31,192720,41827,46062,41827,42469,Naver
2025-07-31,195930,19457,19856,18344,19732,Naver
2025-07-31,195970,13795,14090,13430,13630,Naver
2025-07-31,195980,11000,11410,10825,11160,Naver
2025-07-31,196230,114012,114254,113983,114239,Naver
2025-07-31,200030,34620,37240,34400,36555,Naver
2025-07-31,200250,25205,25595,24450,24625,Naver
2025-07-31,203780,20966,23303,20831,22985,Naver
2025-07-31,204450,2710,3090,2600,2820,Naver
2025-07-31,204480,16351,19322,16237,18404,Naver
2025-07-31,205720,2258,2953,2148,2183,Naver
2025-07-31,210780,18436,20723,17955,19102,Naver
2025-07-31,211560,24550,27146,24362,24715,Naver
2025-07-31,211900,19763,21649,19422,19658,Naver
2025-07-31,213610,8925,10020,8900,9825,Naver
2025-07-31,213630,17079,17965,17079,17446,Naver
2025-07-31,214980,112701,112928,112696,112928,Naver
2025-07-31,215620,16170,17210,15945,15960,Naver
2025-07-31,217780,7401,7435,6801,6970,Naver
2025-07-31,218420,13360,14455,13290,14015,Naver
2025-07-31,219390,5620,5955,5545,5805,Naver
2025-07-31,219900,2808,3314,2788,3165,Naver
2025-07-31,220130,4785,5195,4555,5070,Naver
2025-07-31,223190,13175,14455,13155,14220,Naver
2025-07-31,225030,2719,2724,2626,2636,Naver
2025-07-31,225040,47265,50546,47092,50501,Naver
2025-07-31,225050,12235,12928,11758,12456,Naver
2025-07-31,225060,9179,9906,9025,9525,Naver
2025-07-31,225130,34521,37075,33669,34055,Naver
2025-07-31,225800,13817,14882,13813,14723,Naver
2025-07-31,226380,7250,7500,7000,7135,Naver
2025-07-31,226490,31590,33590,30950,33075,Naver
2025-07-31,226980,18000,18860,17265,18595,Naver
2025-07-31,227540,18595,21150,18590,20040,Naver
2025-07-31,227550,9325,10380,8935,10200,Naver
2025-07-31,227560,11616,12262,11282,11665,Naver
2025-07-31,227570,15415,16825,15395,15585,Naver
2025-07-31,227830,31900,33785,31209,33442,Naver
2025-07-31,228790,4169,4379,3819,4129,Naver
2025-07-31,228800,3645,3900,3510,3615,Naver
2025-07-31,228810,7535,7670,6455,6770,Naver
2025-07-31,228820,8595,9453,8580,9228,Naver
2025-07-31,229200,12655,13840,12425,13445,Naver
2025-07-31,229720,17100,18850,17090,18300,Naver
2025-07-31,230480,5110,5135,4765,4840,Naver
2025-07-31,232080,12970,14200,12720,13775,Naver
2025-07-31,233160,8957,10738,8667,10120,Naver
2025-07-31,233740,7995,9560,7725,8995,Naver
2025-07-31,234310,15497,16695,15225,16450,Naver
2025-07-31,236350,41030,41396,38371,38600,Naver
2025-07-31,237350,32135,34295,31465,33730,Naver
2025-07-31,237370,14109,14511,14014,14114,Naver
2025-07-31,237440,9836,10050,9816,9965,Naver
2025-07-31,238670,11770,11975,11660,11895,Naver
2025-07-31,238720,28719,29839,27876,29239,Naver
2025-07-31,239660,119346,119638,119307,119598,Naver
2025-07-31,241180,22482,23431,21865,22932,Naver
2025-07-31,241390,12268,12748,12218,12625,Naver
2025-07-31,243880,33921,36065,31339,34329,Naver
2025-07-31,243890,4802,7838,4802,5466,Naver
2025-07-31,244580,8990,9945,8935,9500,Naver
2025-07-31,244620,14502,15166,13967,14821,Naver
2025-07-31,244660,9275,9705,9200,9245,Naver
2025-07-31,244670,10066,10826,9888,10022,Naver
2025-07-31,245350,15573,16450,15360,15927,Naver
2025-07-31,245360,12236,13363,12088,12808,Naver
2025-07-31,245710,21593,25428,21434,24091,Naver
2025-07-31,248270,21228,22165,21038,21652,Naver
2025-07-31,250730,10132,10906,9900,10384,Naver
2025-07-31,250780,3685,3740,3360,3465,Naver
2025-07-31,251340,3660,3710,3325,3430,Naver
2025-07-31,251350,31130,32854,30879,32671,Naver
2025-07-31,251590,15103,16954,15103,15519,Naver
2025-07-31,252400,21358,24112,20491,23468,Naver
2025-07-31,252410,4650,4720,4365,4405,Naver
2025-07-31,252420,1414,1470,1245,1278,Naver
2025-07-31,252650,13711,14470,13576,14185,Naver
2025-07-31,252670,1406,1462,1234,1270,Naver
2025-07-31,252710,1491,1548,1310,1345,Naver
2025-07-31,253150,42694,48471,41492,47170,Naver
2025-07-31,253160,2915,4695,2535,2610,Naver
2025-07-31,253230,1426,1484,1255,1285,Naver
2025-07-31,253240,4665,4765,4400,4455,Naver
2025-07-31,253250,21071,23818,20253,23203,Naver
2025-07-31,253280,13880,15895,13850,14950,Naver
2025-07-31,253290,12027,12575,11947,12326,Naver
2025-07-31,256440,8251,8570,8042,8361,Naver
2025-07-31,256450,8906,10496,8806,9871,Naver
2025-07-31,256750,8980,10450,8890,10060,Naver
2025-07-31,261060,13485,13850,13000,13510,Naver
2025-07-31,261070,14270,17100,14210,16135,Naver
2025-07-31,261110,14620,15734,14580,15522,Naver
2025-07-31,261120,5806,5820,5415,5469,Naver
2025-07-31,261220,14380,15880,14315,15735,Naver
2025-07-31,261240,13425,13921,13391,13832,Naver
2025-07-31,261250,14629,15720,14599,15532,Naver
2025-07-31,261260,5855,5880,5460,5525,Naver
2025-07-31,261270,8350,8360,8065,8110,Naver
2025-07-31,261920,13426,14062,13021,13125,Naver
2025-07-31,266160,15623,17069,15575,16638,Naver
2025-07-31,266360,14550,14900,13075,13410,Naver
2025-07-31,266370,17745,18630,17265,18442,Naver
2025-07-31,266390,9830,10425,9740,9870,Naver
2025-07-31,266410,8210,8880,8080,8410,Naver
2025-07-31,266420,17015,19870,17005,18900,Naver
2025-07-31,266550,15105,16205,14945,15175,Naver
2025-07-31,267440,8356,8381,8088,8273,Naver
2025-07-31,267450,10843,11168,10774,10912,Naver
2025-07-31,267490,5600,5629,5245,5501,Naver
2025-07-31,267770,17747,20111,17048,19561,Naver
2025-07-31,269370,15130,15584,14860,15574,Naver
2025-07-31,269420,19378,20566,19034,20067,Naver
2025-07-31,269530,17743,18325,17307,18072,Naver
2025-07-31,269540,24550,25465,24475,25455,Naver
2025-07-31,270800,12424,13368,12370,13000,Naver
2025-07-31,270810,12590,13780,12355,13385,Naver
2025-07-31,271050,4145,4165,3735,3775,Naver
2025-07-31,271060,8010,8255,7770,7780,Naver
2025-07-31,272560,112001,112242,111986,112242,Naver
2025-07-31,272570,110080,110435,109902,110386,Naver
2025-07-31,272580,55433,55557,55433,55552,Naver
2025-07-31,272910,107682,108043,107598,107974,Naver
2025-07-31,273130,116769,117301,116538,117272,Naver
2025-07-31,273140,112458,112689,112448,112689,Naver
2025-07-31,275280,18515,19100,17345,19015,Naver
2025-07-31,275290,12670,13615,12605,13290,Naver
2025-07-31,275300,10335,10730,10080,10685,Naver
2025-07-31,275750,3665,3730,3350,3450,Naver
2025-07-31,275980,17962,18642,17768,18315,Naver
2025-07-31,276000,15072,15731,14877,15152,Naver
2025-07-31,276650,32797,34863,32354,34858,Naver
2025-07-31,276970,7335,7546,7302,7360,Naver
2025-07-31,276990,18760,20440,18680,20250,Naver
2025-07-31,277540,17851,19289,17550,18973,Naver
2025-07-31,277630,31855,33981,31312,33592,Naver
2025-07-31,277640,15503,16551,15128,16321,Naver
2025-07-31,277650,17505,18550,17175,18085,Naver
2025-07-31,278240,8973,10744,8679,10132,Naver
2025-07-31,278530,14970,15940,14650,15710,Naver
2025-07-31,278540,13800,14860,13480,14660,Naver
2025-07-31,278620,116038,116388,116038,116388,Naver
2025-07-31,279530,12264,13737,12236,12712,Naver
2025-07-31,279540,12260,12890,12130,12330,Naver
2025-07-31,280320,20668,21171,19952,20929,Naver
2025-07-31,280930,12874,13453,12830,13114,Naver
2025-07-31,280940,4580,4610,4380,4505,Naver
2025-07-31,281990,14852,16098,14570,15358,Naver
2025-07-31,282000,109087,109363,109067,109250,Naver
2025-07-31,283580,11776,12863,11737,12591,Naver
2025-07-31,284430,13795,14344,13674,14246,Naver
2025-07-31,284980,15075,16842,14814,15302,Naver
2025-07-31,285690,13600,14185,13265,13855,Naver
2025-07-31,289040,12230,12855,11957,12855,Naver
2025-07-31,289250,12287,12876,12049,12766,Naver
2025-07-31,289260,11225,11790,10901,11250,Naver
2025-07-31,289480,8096,8267,8076,8243,Naver
2025-07-31,289670,56115,56294,55660,56239,Naver
2025-07-31,290080,8769,9431,8662,8717,Naver
2025-07-31,290130,15325,16125,14990,15980,Naver
2025-07-31,291130,14219,15230,14002,14471,Naver
2025-07-31,291620,6525,6625,5945,6130,Naver
2025-07-31,291630,3970,4745,3835,4470,Naver
2025-07-31,291680,7866,8067,7365,7714,Naver
2025-07-31,291890,9171,9544,9076,9216,Naver
2025-07-31,292050,19975,21120,19466,20916,Naver
2025-07-31,292150,12774,13475,12458,13315,Naver
2025-07-31,292160,19586,20886,19096,20482,Naver
2025-07-31,292190,19405,20715,19040,20535,Naver
2025-07-31,292500,19815,20936,19452,20791,Naver
2025-07-31,292560,8712,8805,8648,8673,Naver
2025-07-31,294400,54285,57800,53240,57110,Naver
2025-07-31,295000,55425,55604,54988,55604,Naver
2025-07-31,295020,53704,54292,53581,53709,Naver
2025-07-31,295040,15470,16505,15215,16345,Naver
2025-07-31,298340,56489,56653,56435,56628,Naver
2025-07-31,298770,26712,29561,26574,29249,Naver
2025-07-31,300610,7840,7870,7145,7245,Naver
2025-07-31,300640,9280,9385,8540,8640,Naver
2025-07-31,300950,7495,7560,6850,6965,Naver
2025-07-31,301400,12835,14300,12550,13620,Naver
2025-07-31,301410,5540,5630,5070,5235,Naver
2025-07-31,302190,52122,52246,51895,52241,Naver
2025-07-31,302450,31882,33800,31267,33417,Naver
2025-07-31,304660,7620,7660,7320,7540,Naver
2025-07-31,304670,11659,12169,11615,11813,Naver
2025-07-31,304760,18997,20282,18713,20153,Naver
2025-07-31,304770,12680,13880,12470,13470,Naver
2025-07-31,304780,25975,29465,25070,28715,Naver
2025-07-31,304940,25822,26874,25574,26859,Naver
2025-07-31,305050,32110,34155,31270,33675,Naver
2025-07-31,305080,12111,12454,12106,12375,Naver
2025-07-31,305540,13280,16190,13185,15355,Naver
2025-07-31,305720,10480,12940,10420,12285,Naver
2025-07-31,306520,8305,8505,7905,7965,Naver
2025-07-31,306530,7970,9525,7715,8985,Naver
2025-07-31,306950,18065,20415,17455,19920,Naver
2025-07-31,307510,17095,17695,16510,17085,Naver
2025-07-31,307520,14340,15101,13530,14196,Naver
2025-07-31,308620,11332,11657,11327,11598,Naver
2025-07-31,309230,25717,27768,25424,27639,Naver
2025-07-31,310080,9667,10510,9456,10020,Naver
2025-07-31,310960,24260,25850,23800,25505,Naver
2025-07-31,310970,17265,18645,16970,18370,Naver
2025-07-31,314250,52296,54092,51174,53802,Naver
2025-07-31,314700,9805,10680,9805,10440,Naver
2025-07-31,315270,23067,23415,21199,21528,Naver
2025-07-31,315930,26175,27815,25920,27330,Naver
2025-07-31,315960,23215,24730,22820,24245,Naver
2025-07-31,316300,12246,12844,12070,12723,Naver
2025-07-31,319640,20618,21425,20380,20484,Naver
2025-07-31,321410,9963,10241,9762,9929,Naver
2025-07-31,322400,12845,13100,11820,12035,Naver
2025-07-31,322410,16395,18063,16342,16834,Naver
2025-07-31,325010,17255,18070,16475,17900,Naver
2025-07-31,326230,9915,10331,9776,10005,Naver
2025-07-31,326240,16620,17625,16330,17425,Naver
2025-07-31,329200,3971,4040,3953,4014,Naver
2025-07-31,329650,13571,13813,13487,13755,Naver
2025-07-31,329660,16084,16551,16044,16478,Naver
2025-07-31,329670,18737,19466,18682,19427,Naver
2025-07-31,332500,27930,29620,27320,29310,Naver
2025-07-31,332610,119204,123698,119204,123044,Naver
2025-07-31,332620,87572,90560,87572,90278,Naver
2025-07-31,332930,54235,57825,53230,57165,Naver
2025-07-31,332940,17170,18520,16930,18350,Naver
2025-07-31,334690,5540,6611,5470,6048,Naver
2025-07-31,334700,4851,4880,4027,4414,Naver
2025-07-31,336160,101133,101541,101083,101474,Naver
2025-07-31,337120,14965,15540,14730,15495,Naver
2025-07-31,337140,14960,15940,14600,15730,Naver
2025-07-31,337150,15650,16220,15120,15775,Naver
2025-07-31,337160,16239,17268,15964,17039,Naver
2025-07-31,341850,4515,4761,4496,4563,Naver
2025-07-31,352540,10930,11445,10880,11418,Naver
2025-07-31,352560,11416,11870,11416,11764,Naver
2025-07-31,354240,10232,10848,9964,10754,Naver
2025-07-31,354350,19145,20705,18960,20285,Naver
2025-07-31,354500,12785,13950,12535,13555,Naver
2025-07-31,356540,107200,107719,107032,107684,Naver
2025-07-31,357870,56170,56300,56170,56295,Naver
2025-07-31,359210,15705,16750,15405,16500,Naver
2025-07-31,360140,10698,10803,10164,10543,Naver
2025-07-31,360200,20912,22376,20867,22238,Naver
2025-07-31,360750,20677,22146,20647,22008,Naver
2025-07-31,361580,23450,25025,23050,24725,Naver
2025-07-31,363510,109287,109499,109287,109485,Naver
2025-07-31,363570,100805,101396,100342,101381,Naver
2025-07-31,363580,12845,13250,12325,12960,Naver
2025-07-31,364690,16340,17295,15925,17115,Naver
2025-07-31,364960,6545,7035,6525,6775,Naver
2025-07-31,364970,7275,8575,7260,8080,Naver
2025-07-31,364980,7395,8885,7330,8420,Naver
2025-07-31,364990,6040,6120,5575,5660,Naver
2025-07-31,365000,4690,4925,4400,4480,Naver
2025-07-31,365040,15615,16615,15265,16360,Naver
2025-07-31,367380,23309,25132,23184,24968,Naver
2025-07-31,367740,14310,14965,14032,14825,Naver
2025-07-31,367760,12080,12985,11735,12875,Naver
2025-07-31,368190,7435,8095,7425,7980,Naver
2025-07-31,368590,22535,24303,22412,24149,Naver
2025-07-31,368680,7490,8190,7480,8010,Naver
2025-07-31,371160,7915,8715,7682,8307,Naver
2025-07-31,371450,11157,11795,10654,11521,Naver
2025-07-31,371460,9078,9924,8994,9355,Naver
2025-07-31,371470,6926,9215,6856,8897,Naver
2025-07-31,371870,7646,8499,7487,8125,Naver
2025-07-31,373490,13280,14230,13125,13845,Naver
2025-07-31,373790,14475,15073,14345,14735,Naver
2025-07-31,375270,11933,12552,11403,12174,Naver
2025-07-31,375760,9997,10710,9847,10606,Naver
2025-07-31,375770,10255,10895,10040,10760,Naver
2025-07-31,376410,10161,10784,9956,10669,Naver
2025-07-31,377990,13355,14735,12635,14365,Naver
2025-07-31,379780,18006,19274,17976,19150,Naver
2025-07-31,379790,14403,14816,14267,14578,Naver
2025-07-31,379800,18905,20231,18866,20098,Naver
2025-07-31,379810,20309,21894,20195,21759,Naver
2025-07-31,380340,10875,11245,10545,11070,Naver
2025-07-31,381170,24101,27034,23842,26755,Naver
2025-07-31,381180,19648,21153,19530,20944,Naver
2025-07-31,381560,7461,8400,7461,8010,Naver
2025-07-31,381570,7060,8000,7040,7725,Naver
2025-07-31,385510,24365,26050,22500,25410,Naver
2025-07-31,385520,7905,8530,7790,8195,Naver
2025-07-31,385540,108939,109434,108717,109409,Naver
2025-07-31,385550,110844,111143,110844,111138,Naver
2025-07-31,385560,78565,79644,77733,79353,Naver
2025-07-31,385590,9500,10050,9290,9920,Naver
2025-07-31,385600,6075,7025,6075,6690,Naver
2025-07-31,385720,11555,11995,11135,11860,Naver
2025-07-31,387270,17061,18425,16728,18365,Naver
2025-07-31,387280,7140,7670,6840,7480,Naver
2025-07-31,388280,7665,8000,7215,7410,Naver
2025-07-31,388420,11239,11645,10662,11525,Naver
2025-07-31,390390,25700,28201,25451,28051,Naver
2025-07-31,390400,5900,6471,5815,6222,Naver
2025-07-31,391600,8088,9656,8088,9203,Naver
2025-07-31,391670,12005,12562,11336,12133,Naver
2025-07-31,394670,5734,6813,5654,6334,Naver
2025-07-31,395150,3760,3790,3305,3385,Naver
2025-07-31,395160,10405,10960,10010,10910,Naver
2025-07-31,395170,7806,8740,7686,8530,Naver
2025-07-31,395270,11539,12165,11180,12080,Naver
2025-07-31,395280,4590,4605,4200,4255,Naver
2025-07-31,395290,9895,10150,8490,8955,Naver
2025-07-31,395750,9480,10005,9370,9900,Naver
2025-07-31,396500,11940,12314,11440,12100,Naver
2025-07-31,396510,5305,5917,5162,5626,Naver
2025-07-31,396520,6298,7012,6249,6867,Naver
2025-07-31,397420,51769,51988,51401,51888,Naver
2025-07-31,399110,16011,17189,15981,17149,Naver
2025-07-31,399580,6435,7154,6425,6987,Naver
2025-07-31,400580,10039,10624,9965,10535,Naver
2025-07-31,400590,11845,12490,11565,12410,Naver
2025-07-31,400970,7895,8030,7330,7530,Naver
2025-07-31,401170,7030,7145,6496,6781,Naver
2025-07-31,401470,8470,8595,7685,7905,Naver
2025-07-31,401590,9561,10120,9466,10040,Naver
2025-07-31,402460,7869,7944,7430,7675,Naver
2025-07-31,402970,11325,11978,11301,11758,Naver
2025-07-31,403790,24849,26965,24605,26181,Naver
2025-07-31,404120,14575,15125,13500,14805,Naver
2025-07-31,404260,12050,13000,11870,12540,Naver
2025-07-31,404540,12193,13116,12006,12673,Naver
2025-07-31,404650,12030,12965,11876,12541,Naver
2025-07-31,407300,8586,8950,8316,8496,Naver
2025-07-31,407310,8635,9468,8575,9213,Naver
2025-07-31,407820,8474,8769,7969,8104,Naver
2025-07-31,407830,14220,15690,13945,15235,Naver
2025-07-31,409810,7030,7090,6755,6760,Naver
2025-07-31,409820,13047,14144,12814,14139,Naver
2025-07-31,410870,13330,13375,12025,12595,Naver
2025-07-31,411060,20180,21395,20180,20755,Naver
2025-07-31,411540,8746,9577,8529,9353,Naver
2025-07-31,411860,16353,17050,16190,16545,Naver
2025-07-31,412560,2175,2499,2140,2249,Naver
2025-07-31,412570,949,1368,938,1220,Naver
2025-07-31,412770,12652,13953,11685,13340,Naver
2025-07-31,413220,3549,4030,3485,3841,Naver
2025-07-31,413930,11635,12050,11325,11990,Naver
2025-07-31,414270,11202,11934,10560,11511,Naver
2025-07-31,414780,7626,8425,7456,8180,Naver
2025-07-31,415340,7880,8640,7675,8370,Naver
2025-07-31,415760,7318,8105,6917,7907,Naver
2025-07-31,415920,3910,5700,3850,4845,Naver
2025-07-31,416090,7136,7946,7006,7776,Naver
2025-07-31,417450,7506,10025,7487,8176,Naver
2025-07-31,417630,11569,12113,11414,11914,Naver
2025-07-31,418660,24711,28515,24434,28124,Naver
2025-07-31,419420,5939,6843,5734,6664,Naver
2025-07-31,419430,6690,7595,6630,7100,Naver
2025-07-31,419650,3435,3805,3405,3630,Naver
2025-07-31,419890,105602,105874,105592,105870,Naver
2025-07-31,421320,23670,24670,21480,24430,Naver
2025-07-31,422260,10958,11740,10219,10379,Naver
2025-07-31,422420,5423,6261,5338,5981,Naver
2025-07-31,423160,108542,108773,108542,108773,Naver
2025-07-31,423170,20510,21910,20150,21845,Naver
2025-07-31,423920,22599,25891,22285,25621,Naver
2025-07-31,424460,14377,15359,14357,14971,Naver
2025-07-31,426020,22589,24680,21910,24395,Naver
2025-07-31,426030,29499,32027,27836,31842,Naver
2025-07-31,426150,57780,58126,57602,58126,Naver
2025-07-31,427120,9113,9238,8194,8279,Naver
2025-07-31,428510,11843,13332,11463,12872,Naver
2025-07-31,428560,17005,17845,16960,17715,Naver
2025-07-31,429000,11381,12145,11376,11902,Naver
2025-07-31,429010,13665,14784,13571,14694,Naver
2025-07-31,429740,6285,6446,6275,6343,Naver
2025-07-31,429980,11470,12840,11405,12325,Naver
2025-07-31,430500,115603,115968,115079,115820,Naver
2025-07-31,432600,55369,55573,55324,55478,Naver
2025-07-31,432840,15636,16621,15551,16566,Naver
2025-07-31,433220,19790,21795,19525,21420,Naver
2025-07-31,433250,13455,14325,13265,14175,Naver
2025-07-31,433330,17302,18519,17272,18400,Naver
2025-07-31,433500,33570,34000,30005,32850,Naver
2025-07-31,433880,15026,16387,14926,15771,Naver
2025-07-31,433970,12750,13130,12750,13105,Naver
2025-07-31,433980,13649,14154,13635,14119,Naver
2025-07-31,434730,37465,37850,33235,37465,Naver
2025-07-31,434960,42323,44574,41379,44266,Naver
2025-07-31,435040,17060,17930,16986,17661,Naver
2025-07-31,435420,12952,13261,12893,13241,Naver
2025-07-31,435530,13105,13530,12992,13525,Naver
2025-07-31,435540,14007,14710,13898,14595,Naver
2025-07-31,435550,14351,14950,14119,14890,Naver
2025-07-31,436140,112589,113113,112428,113113,Naver
2025-07-31,437080,98332,98548,97175,98304,Naver
2025-07-31,437350,11469,11904,11464,11826,Naver
2025-07-31,437370,8897,9366,8647,9185,Naver
2025-07-31,438080,12237,12823,12159,12750,Naver
2025-07-31,438100,12923,13566,12874,13487,Naver
2025-07-31,438320,8495,9772,7729,8684,Naver
2025-07-31,438560,100789,100896,100467,100862,Naver
2025-07-31,438570,106003,106357,105223,106357,Naver
2025-07-31,438740,26983,28270,26186,28031,Naver
2025-07-31,438900,12455,13275,12250,12615,Naver
2025-07-31,439860,114047,114406,113732,114297,Naver
2025-07-31,439870,119488,120699,118272,120408,Naver
2025-07-31,440340,10522,11470,10284,10952,Naver
2025-07-31,440640,109144,109410,109139,109405,Naver
2025-07-31,440910,19549,21635,19055,21011,Naver
2025-07-31,441540,24620,28100,22085,27520,Naver
2025-07-31,441640,10554,11124,10546,11053,Naver
2025-07-31,441680,8924,9350,8828,9327,Naver
2025-07-31,441800,15501,16322,14661,15521,Naver
2025-07-31,442320,30723,33053,27624,32649,Naver
2025-07-31,442550,12701,13152,12676,13102,Naver
2025-07-31,442570,13504,14139,13469,14090,Naver
2025-07-31,442580,21200,22100,19730,20950,Naver
2025-07-31,444490,15763,16880,15733,16790,Naver
2025-07-31,445150,24290,27755,21560,27160,Naver
2025-07-31,445290,17245,17385,16285,16680,Naver
2025-07-31,445690,17445,18735,17120,18170,Naver
2025-07-31,445910,15428,16586,15428,15754,Naver
2025-07-31,446690,18114,18975,17681,18553,Naver
2025-07-31,446700,8270,9200,8175,8925,Naver
2025-07-31,446720,10232,10831,10222,10618,Naver
2025-07-31,446770,29741,31909,29279,31538,Naver
2025-07-31,447430,15585,16870,15511,15675,Naver
2025-07-31,447620,13440,14000,13315,13980,Naver
2025-07-31,447660,11853,12211,11853,12087,Naver
2025-07-31,447770,13090,13754,12857,13556,Naver
2025-07-31,448100,42534,45159,41816,44867,Naver
2025-07-31,448290,14633,15140,14599,15135,Naver
2025-07-31,448300,18076,18839,17891,18814,Naver
2025-07-31,448330,10723,11420,10703,11298,Naver
2025-07-31,448490,57357,57580,56926,57550,Naver
2025-07-31,448540,22965,24907,22841,24551,Naver
2025-07-31,448570,15435,16270,15010,15925,Naver
2025-07-31,448630,9915,10455,9860,10355,Naver
2025-07-31,449170,108456,108690,108456,108690,Naver
2025-07-31,449180,14137,14622,14107,14615,Naver
2025-07-31,449450,48780,56295,43295,55840,Naver
2025-07-31,449580,14698,15253,14465,15059,Naver
2025-07-31,449680,7836,8781,7831,8431,Naver
2025-07-31,449770,16657,17800,16612,17695,Naver
2025-07-31,449780,15408,15935,15364,15930,Naver
2025-07-31,450180,8050,9015,8050,8725,Naver
2025-07-31,450190,16675,17560,16475,17505,Naver
2025-07-31,451000,114123,115722,113788,114681,Naver
2025-07-31,451060,13493,14289,13147,14117,Naver
2025-07-31,451150,18535,19910,18425,19760,Naver
2025-07-31,451540,56113,56676,55970,56360,Naver
2025-07-31,451600,114420,115907,114001,115680,Naver
2025-07-31,451670,24604,25124,24203,24995,Naver
2025-07-31,452250,5493,5547,5086,5351,Naver
2025-07-31,452360,10457,10823,10417,10526,Naver
2025-07-31,453060,108105,108340,108095,108320,Naver
2025-07-31,453080,18106,18889,17926,18874,Naver
2025-07-31,453330,14845,15363,14815,15353,Naver
2025-07-31,453630,11469,11917,11469,11873,Naver
2025-07-31,453640,11068,11454,10890,11370,Naver
2025-07-31,453660,15880,16934,15810,16755,Naver
2025-07-31,453810,13649,13837,12574,13303,Naver
2025-07-31,453820,16688,17110,15810,15969,Naver
2025-07-31,453850,7578,7616,7285,7499,Naver
2025-07-31,453870,13334,13588,12987,13027,Naver
2025-07-31,453950,15848,17473,15839,17398,Naver
2025-07-31,454180,8465,9014,8279,8654,Naver
2025-07-31,454320,24810,25750,22175,25550,Naver
2025-07-31,454780,106084,106584,105928,106555,Naver
2025-07-31,455030,11285,11688,11245,11600,Naver
2025-07-31,455660,9453,9518,9234,9481,Naver
2025-07-31,455850,12150,12790,11630,12680,Naver
2025-07-31,455860,3390,4225,3365,4025,Naver
2025-07-31,455890,53608,53741,53608,53736,Naver
2025-07-31,455960,11320,11700,11270,11635,Naver
2025-07-31,456200,56031,58060,56031,58060,Naver
2025-07-31,456250,9567,10164,9390,9709,Naver
2025-07-31,456600,29443,32516,28409,32326,Naver
2025-07-31,456610,56018,58162,55943,57772,Naver
2025-07-31,456680,5499,6366,5341,5732,Naver
2025-07-31,456880,11360,11790,11335,11705,Naver
2025-07-31,457480,13957,15600,13263,15148,Naver
2025-07-31,457690,11062,11101,10993,11087,Naver
2025-07-31,457700,12040,12187,11981,12158,Naver
2025-07-31,457930,14500,14955,14020,14865,Naver
2025-07-31,458030,53352,53480,53342,53480,Naver
2025-07-31,458210,107180,107425,107180,107425,Naver
2025-07-31,458250,38670,38978,36142,37834,Naver
2025-07-31,458260,46996,49167,46254,46992,Naver
2025-07-31,458730,11173,12586,11153,11589,Naver
2025-07-31,458750,9875,10414,9785,10188,Naver
2025-07-31,458760,8534,8983,8492,8783,Naver
2025-07-31,459580,1052388,1054682,1052388,1054682,Naver
2025-07-31,459750,13916,14666,13901,14582,Naver
2025-07-31,459790,15020,16170,14851,16135,Naver
2025-07-31,460270,11720,12130,11710,12080,Naver
2025-07-31,460660,10019,10665,9975,10524,Naver
2025-07-31,460960,9974,10468,9960,10364,Naver
2025-07-31,461270,10936,10976,10936,10976,Naver
2025-07-31,461340,22002,24219,21088,23969,Naver
2025-07-31,461450,12095,13585,11885,12820,Naver
2025-07-31,461460,55632,56126,55143,55755,Naver
2025-07-31,461490,13121,13493,13091,13493,Naver
2025-07-31,461500,111161,111704,110977,111558,Naver
2025-07-31,461580,12110,13830,12110,13195,Naver
2025-07-31,461600,8740,8779,8408,8637,Naver
2025-07-31,461900,18010,20037,17720,20020,Naver
2025-07-31,461910,26423,31870,25174,31171,Naver
2025-07-31,461950,3510,4370,3500,4155,Naver
2025-07-31,462010,3490,4270,3465,4035,Naver
2025-07-31,462330,824,1230,816,1115,Naver
2025-07-31,462340,15710,16395,15555,16180,Naver
2025-07-31,462900,14770,17690,14665,16270,Naver
2025-07-31,463050,12490,14720,12400,13665,Naver
2025-07-31,463250,29390,32755,26100,32215,Naver
2025-07-31,463290,105960,106176,105940,106171,Naver
2025-07-31,463300,10315,11241,10221,10980,Naver
2025-07-31,463640,12758,13773,12636,13605,Naver
2025-07-31,463680,14945,16624,14791,16160,Naver
2025-07-31,463690,16739,17381,16479,17192,Naver
2025-07-31,464240,51307,51468,50129,51468,Naver
2025-07-31,464310,12464,13558,12275,13458,Naver
2025-07-31,464920,13385,14165,12655,13430,Naver
2025-07-31,464930,15343,16867,15036,16375,Naver
2025-07-31,465330,7505,8730,7420,8260,Naver
2025-07-31,465350,37252,37565,31521,33186,Naver
2025-07-31,465580,17726,19801,17511,19592,Naver
2025-07-31,465610,25378,30607,24597,30290,Naver
2025-07-31,465620,9457,9554,8579,8594,Naver
2025-07-31,465660,13030,13513,12435,12872,Naver
2025-07-31,465670,11707,13014,11584,12467,Naver
2025-07-31,465780,103478,103775,103478,103741,Naver
2025-07-31,466810,4165,5115,4125,4815,Naver
2025-07-31,466920,26350,30690,23020,29955,Naver
2025-07-31,466930,10775,12050,10750,11250,Naver
2025-07-31,466940,17758,20562,17636,18738,Naver
2025-07-31,468370,10513,10874,10442,10765,Naver
2025-07-31,468380,10343,10762,10343,10687,Naver
2025-07-31,468630,10681,10960,10593,10900,Naver
2025-07-31,469050,14896,15504,14762,15384,Naver
2025-07-31,469060,15519,16549,15454,16494,Naver
2025-07-31,469070,10930,10985,9735,9875,Naver
2025-07-31,469150,15845,16090,14900,15840,Naver
2025-07-31,469160,11708,12226,11644,12044,Naver
2025-07-31,469170,4710,5637,4705,5135,Naver
2025-07-31,469530,9655,9675,9350,9380,Naver
2025-07-31,469790,13108,13376,12241,12780,Naver
2025-07-31,469830,52485,52617,52485,52617,Naver
2025-07-31,470310,9095,9340,8610,8820,Naver
2025-07-31,471040,15395,16865,14930,16775,Naver
2025-07-31,471460,63017,63856,62162,63622,Naver
2025-07-31,471760,9355,9580,8670,9360,Naver
2025-07-31,471780,10235,11070,9755,10905,Naver
2025-07-31,471990,10235,10805,9695,10560,Naver
2025-07-31,472150,9638,10170,9527,10058,Naver
2025-07-31,472160,15461,16733,15212,16584,Naver
2025-07-31,472170,12729,13327,12630,13297,Naver
2025-07-31,472720,15492,16251,14689,15321,Naver
2025-07-31,472830,8005,8205,7945,8158,Naver
2025-07-31,472840,41693,44030,40556,43770,Naver
2025-07-31,472870,8154,8248,7767,7979,Naver
2025-07-31,472920,103830,104273,103764,104273,Naver
2025-07-31,473290,10616,10655,10611,10655,Naver
2025-07-31,473330,7990,8218,7965,8176,Naver
2025-07-31,473440,10491,10526,10491,10521,Naver
2025-07-31,473460,18614,20962,18100,20802,Naver
2025-07-31,473590,18337,19221,18107,18602,Naver
2025-07-31,473640,18129,19162,17740,18318,Naver
2025-07-31,474220,12093,13345,11974,13188,Naver
2025-07-31,474390,55312,55862,55003,55764,Naver
2025-07-31,474590,11265,11780,10840,11585,Naver
2025-07-31,474920,15095,16995,14305,16025,Naver
2025-07-31,475050,12910,13450,11105,11850,Naver
2025-07-31,475070,16510,19830,16320,19550,Naver
2025-07-31,475080,7646,7951,7444,7854,Naver
2025-07-31,475260,10429,10453,10419,10448,Naver
2025-07-31,475280,10410,10445,10410,10435,Naver
2025-07-31,475300,8510,9245,8240,8960,Naver
2025-07-31,475310,11540,12530,11000,12320,Naver
2025-07-31,475350,11845,12359,11840,12241,Naver
2025-07-31,475380,9696,10106,9696,9913,Naver
2025-07-31,475630,1041389,1043815,1041389,1043815,Naver
2025-07-31,475720,8061,8549,7948,8496,Naver
2025-07-31,476000,8225,8775,7810,8725,Naver
2025-07-31,476030,12855,13852,12780,13757,Naver
2025-07-31,476070,8983,9916,8711,9050,Naver
2025-07-31,476260,6475,6645,6020,6380,Naver
2025-07-31,476310,8509,9017,8036,8115,Naver
2025-07-31,476450,51042,51164,51042,51159,Naver
2025-07-31,476550,7378,7401,7115,7283,Naver
2025-07-31,476750,8744,8858,8369,8584,Naver
2025-07-31,476760,9090,9262,8975,9249,Naver
2025-07-31,476800,4417,4491,4402,4463,Naver
2025-07-31,476850,10829,11464,10531,10807,Naver
2025-07-31,477050,51682,51821,51677,51821,Naver
2025-07-31,477080,104145,104375,104140,104375,Naver
2025-07-31,477490,15820,16955,15645,16705,Naver
2025-07-31,477730,9012,9145,8395,8414,Naver
2025-07-31,478150,16579,18361,16330,17963,Naver
2025-07-31,479080,51929,52048,51924,52043,Naver
2025-07-31,479520,103246,103460,103246,103460,Naver
2025-07-31,479620,11265,12545,11025,12355,Naver
2025-07-31,479730,9917,10194,9777,9877,Naver
2025-07-31,479850,16605,17460,15405,16620,Naver
2025-07-31,480020,9236,10306,9114,10272,Naver
2025-07-31,480030,8635,9284,8635,9229,Naver
2025-07-31,480040,8521,9035,8381,8989,Naver
2025-07-31,480260,52832,53035,52798,53015,Naver
2025-07-31,480310,10784,12182,10649,11787,Naver
2025-07-31,480460,9356,9485,9235,9360,Naver
2025-07-31,481050,1001021,1003329,1001021,1003329,Naver
2025-07-31,481060,7929,7969,7687,7885,Naver
2025-07-31,481180,14095,15140,13890,15100,Naver
2025-07-31,481190,13195,14640,12900,14530,Naver
2025-07-31,481340,9058,9162,8866,9133,Naver
2025-07-31,481430,106343,106703,105504,106580,Naver
2025-07-31,482030,6863,7447,6644,7203,Naver
2025-07-31,483020,9930,10350,9665,9715,Naver
2025-07-31,483030,8671,9316,8661,8936,Naver
2025-07-31,483240,10432,11206,10377,11201,Naver
2025-07-31,483290,8119,8539,8090,8341,Naver
2025-07-31,483320,9808,10949,9554,10879,Naver
2025-07-31,483330,12710,13706,12253,13646,Naver
2025-07-31,483340,10872,12175,10598,12145,Naver
2025-07-31,483570,12120,13495,12025,13440,Naver
2025-07-31,484880,14600,16655,14440,15225,Naver
2025-07-31,484890,51012,51115,51007,51115,Naver
2025-07-31,485540,11434,12972,11245,12857,Naver
2025-07-31,485690,13050,15105,12906,15105,Naver
2025-07-31,485810,8227,8651,8033,8287,Naver
2025-07-31,486240,9650,10050,9050,9935,Naver
2025-07-31,486290,8483,9165,8420,9121,Naver
2025-07-31,486450,16200,18490,14270,18370,Naver
2025-07-31,486830,51507,51632,51502,51627,Naver
2025-07-31,487130,10630,11035,10030,11010,Naver
2025-07-31,487230,14925,17690,14426,17596,Naver
2025-07-31,487240,15755,16810,13745,16545,Naver
2025-07-31,487340,102149,102400,102149,102400,Naver
2025-07-31,487910,9120,9520,8990,9260,Naver
2025-07-31,487920,8725,8875,8340,8365,Naver
2025-07-31,487950,9027,9526,8934,9187,Naver
2025-07-31,488080,6807,7222,6218,6902,Naver
2025-07-31,488200,7570,8770,7350,8495,Naver
2025-07-31,488210,9295,9360,8615,9050,Naver
2025-07-31,488480,10385,10720,9755,10410,Naver
2025-07-31,488500,10305,10903,10275,10815,Naver
2025-07-31,488720,51478,51700,51364,51695,Naver
2025-07-31,488770,101717,101948,101712,101948,Naver
2025-07-31,488980,50683,50849,50668,50849,Naver
2025-07-31,489000,9937,10056,9839,9873,Naver
2025-07-31,489010,13240,15280,12910,15135,Naver
2025-07-31,489030,9152,10239,9152,9424,Naver
2025-07-31,489290,12770,13880,12595,13825,Naver
2025-07-31,489860,11398,12509,11308,12339,Naver
2025-07-31,490090,11603,12994,11433,12875,Naver
2025-07-31,490330,8170,8995,8100,8725,Naver
2025-07-31,490480,23565,26995,20840,26770,Naver
2025-07-31,490490,9501,9898,9476,9726,Naver
2025-07-31,490590,9624,10959,9405,10847,Naver
2025-07-31,490600,7496,7861,7448,7680,Naver
2025-07-31,491010,14764,17181,14115,17106,Naver
2025-07-31,491090,12619,14092,12504,14092,Naver
2025-07-31,491220,49260,52235,48260,51645,Naver
2025-07-31,491230,50821,50950,50816,50950,Naver
2025-07-31,491510,12625,13750,12415,12910,Naver
2025-07-31,491610,101646,101870,101641,101860,Naver
2025-07-31,491620,8616,9291,8481,9221,Naver
2025-07-31,491630,15971,16168,14965,15027,Naver
2025-07-31,491700,42072,44562,41156,44031,Naver
2025-07-31,491820,19155,20285,16770,19955,Naver
2025-07-31,491830,12185,14111,11832,13772,Naver
2025-07-31,492500,50714,50871,50679,50862,Naver
2025-07-31,493420,9451,10009,9412,9804,Naver
2025-07-31,493810,8852,9925,8750,9865,Naver
2025-07-31,494180,11278,11682,10823,11612,Naver
2025-07-31,494210,8912,9516,8851,9457,Naver
2025-07-31,494220,13060,13200,11725,12220,Naver
2025-07-31,494300,7937,8551,7918,8525,Naver
2025-07-31,494310,11740,12480,10675,11910,Naver
2025-07-31,494330,12899,14136,12772,13708,Naver
2025-07-31,494340,11551,15269,11312,13243,Naver
2025-07-31,494410,11072,11844,10882,11789,Naver
2025-07-31,494420,8160,8543,8052,8460,Naver
2025-07-31,494670,20732,24545,17917,23941,Naver
2025-07-31,494840,10166,11217,10166,11068,Naver
2025-07-31,494890,12060,12776,11788,12657,Naver
2025-07-31,495040,12114,12665,11733,12460,Naver
2025-07-31,495050,12163,12745,11719,12546,Naver
2025-07-31,495060,12400,12825,11650,12375,Naver
2025-07-31,495230,12414,12832,11845,12665,Naver
2025-07-31,495550,12435,13055,12095,12820,Naver
2025-07-31,495710,50609,50713,50609,50713,Naver
2025-07-31,495750,12132,12753,11775,12619,Naver
2025-07-31,495850,12145,12738,11785,12545,Naver
2025-07-31,495940,10680,11832,10460,11832,Naver
2025-07-31,496020,50574,50712,50569,50707,Naver
2025-07-31,496090,12235,12772,11818,12643,Naver
2025-07-31,496120,12397,13023,12090,12785,Naver
2025-07-31,496770,15450,16595,15200,16100,Naver
2025-07-31,497510,9440,10179,9366,9636,Naver
2025-07-31,497520,9686,10788,9671,10391,Naver
2025-07-31,497570,11480,12816,11230,12687,Naver
2025-07-31,497780,8582,9037,8379,8956,Naver
2025-07-31,497880,48924,49056,48919,49056,Naver
2025-07-31,498050,11215,13190,11105,12130,Naver
2025-07-31,498180,99345,99645,99060,99645,Naver
2025-07-31,498270,10574,11901,10449,11208,Naver
2025-07-31,498400,9629,10154,9425,10061,Naver
2025-07-31,498410,11034,12481,10882,11315,Naver
2025-07-31,498610,10420,10509,9771,9846,Naver
2025-07-31,499150,9880,10253,9840,10179,Naver
2025-07-31,499660,980075,982299,980075,982299,Naver
2025-08-01,0000H0,10545,10840,10225,10310,Yahoo
2025-08-01,0021D0,10520,10745,10390,10540,Yahoo
2025-08-01,0023B0,13000,13715,12280,13500,Yahoo
2025-08-01,0048J0,13940,14060,13820,13905,Yahoo
2025-08-01,0083S0,10145,10905,9635,10450,Yahoo
2025-08-01,0092B0,9695,10265,8470,9910,Yahoo
2025-08-01,0093B0,10075,10165,9975,10130,Yahoo
2025-08-01,091170,11540,12055,11160,11425,Yahoo
2025-08-01,099140,22550,23715,22205,22950,Yahoo
2025-08-01,104530,14775,14940,14215,14780,Yahoo
2025-08-01,105780,6700,6935,6520,6860,Yahoo
2025-08-01,114460,103855,104235,103805,104135,Yahoo
2025-08-01,122260,104765,105010,104765,105010,Yahoo
2025-08-01,136340,107480,110860,107425,107685,Yahoo
2025-08-01,138910,7200,7340,7120,7295,Yahoo
2025-08-01,139220,4320,4470,3960,4280,Yahoo
2025-08-01,139280,11480,11885,11210,11390,Yahoo
2025-08-01,139320,14150,15770,14100,14725,Yahoo
2025-08-01,147970,44440,45630,41645,45015,Yahoo
2025-08-01,153270,32255,32760,31170,32190,Yahoo
2025-08-01,174360,19005,21290,18740,21230,Yahoo
2025-08-01,182480,12310,12590,12030,12520,Yahoo
2025-08-01,195920,23760,28500,23385,26170,Yahoo
2025-08-01,196030,47385,53795,45835,51895,Yahoo
2025-08-01,217770,2460,2720,2460,2620,Yahoo
2025-08-01,219480,28180,28875,27755,28870,Yahoo
2025-08-01,245340,30245,31060,29525,30905,Yahoo
2025-08-01,251600,13840,14025,13670,13895,Yahoo
2025-08-01,252000,14625,14805,14045,14495,Yahoo
2025-08-01,261140,14400,14550,13705,14045,Yahoo
2025-08-01,280920,13415,13510,12380,13110,Yahoo
2025-08-01,287180,38835,38835,36775,38010,Yahoo
2025-08-01,292770,55545,55575,55425,55555,Yahoo
2025-08-01,293180,43515,44135,42020,43360,Yahoo
2025-08-01,316670,6575,6820,6300,6605,Yahoo
2025-08-01,325020,16665,16955,16175,16700,Yahoo
2025-08-01,328370,17745,17895,17005,17645,Yahoo
2025-08-01,329750,12780,12980,12670,12815,Yahoo
2025-08-01,360150,8105,8395,8030,8160,Yahoo
2025-08-01,365780,91670,93100,91440,92020,Yahoo
2025-08-01,367770,15125,15265,13920,14835,Yahoo
2025-08-01,371150,8900,8980,7960,8610,Yahoo
2025-08-01,372330,8295,9090,8100,8750,Yahoo
2025-08-01,385710,8675,9065,8330,8760,Yahoo
2025-08-01,394660,11340,12265,10975,12160,Yahoo
2025-08-01,395760,10605,10695,10120,10620,Yahoo
2025-08-01,400570,10325,10395,10050,10215,Yahoo
2025-08-01,411420,17915,18280,17025,17950,Yahoo
2025-08-01,418670,14805,14895,13505,14590,Yahoo
2025-08-01,429760,16315,16690,15950,16680,Yahoo
2025-08-01,434060,14895,15255,14620,15235,Yahoo
2025-08-01,437070,60855,61575,60695,61145,Yahoo
2025-08-01,438330,117335,117915,117335,117665,Yahoo
2025-08-01,440650,11650,11730,11545,11670,Yahoo
2025-08-01,442090,15335,15620,14700,14965,Yahoo
2025-08-01,442260,15360,15425,14635,15210,Yahoo
2025-08-01,442560,13805,13975,13505,13960,Yahoo
2025-08-01,444200,23570,23750,21720,23210,Yahoo
2025-08-01,449190,17905,18440,17620,18270,Yahoo
2025-08-01,449690,16915,20490,16755,19970,Yahoo
2025-08-01,450910,12960,13475,12560,13025,Yahoo
2025-08-01,451530,60740,61120,59300,59945,Yahoo
2025-08-01,453010,108055,108265,108055,108265,Yahoo
2025-08-01,453650,17795,18485,17390,18440,Yahoo
2025-08-01,457990,17380,17700,16005,16180,Yahoo
2025-08-01,459560,15730,16630,15150,16375,Yahoo
2025-08-01,464470,50590,51500,50005,50515,Yahoo
2025-08-01,464600,9305,9765,8940,9700,Yahoo
2025-08-01,464610,12390,12915,11300,11620,Yahoo
2025-08-01,466950,20670,22015,18500,20110,Yahoo
2025-08-01,471230,114465,115090,114065,114715,Yahoo
2025-08-01,473490,19635,19635,18440,18975,Yahoo
2025-08-01,474800,11075,11300,10620,11175,Yahoo
2025-08-01,475270,10560,10600,10555,10575,Yahoo
2025-08-01,476690,8250,8890,8035,8780,Yahoo
2025-08-01,482730,10900,11185,10675,11060,Yahoo
2025-08-01,483280,11435,11850,10615,11585,Yahoo
2025-08-01,483420,10965,11645,10520,11550,Yahoo
2025-08-01,484790,8850,9030,8815,8875,Yahoo
2025-08-01,487750,8570,8915,8225,8650,Yahoo
2025-08-01,488290,24135,25650,23630,25520,Yahoo
2025-08-01,489250,10110,10590,10000,10530,Yahoo
2025-08-01,495330,12430,12720,11990,12415,Yahoo
2025-08-01,496080,12500,12725,12085,12520,Yahoo
2025-08-01,496130,12750,12945,12300,12770,Yahoo
2025-08-01,498860,13275,13825,12830,13585,Yahoo
2025-08-29,0000D0,8922,9136,8510,9011,Naver
2025-08-29,0000J0,26690,26795,22750,24890,Naver
2025-08-29,0000Y0,99365,99554,99365,99554,Naver
2025-08-29,0000Z0,11665,12160,11280,11890,Naver
2025-08-29,0001P0,9980,10000,9400,9665,Naver
2025-08-29,0002C0,10505,10815,9455,10310,Naver
2025-08-29,0004G0,8680,9200,8582,9048,Naver
2025-08-29,0005A0,8439,8543,8244,8521,Naver
2025-08-29,0005C0,10406,10765,10308,10731,Naver
2025-08-29,0005D0,10601,11760,10182,10591,Naver
2025-08-29,0005G0,12535,13078,11955,12505,Naver
2025-08-29,0007F0,10099,10138,10089,10133,Naver
2025-08-29,0007G0,13283,13692,11777,13113,Naver
2025-08-29,0007N0,43670,44495,42350,43655,Naver
2025-08-29,0008E0,10115,10700,9885,10640,Naver
2025-08-29,0008S0,7956,8581,7860,8281,Naver
2025-08-29,0008T0,15370,16499,13632,14422,Naver
2025-08-29,0013P0,10116,10408,9692,10389,Naver
2025-08-29,0013R0,8022,8428,7936,8289,Naver
2025-08-29,0015B0,11745,12585,11105,11785,Naver
2025-08-29,0015E0,10400,10640,9977,10345,Naver
2025-08-29,0015F0,10500,11056,10254,10450,Naver
2025-08-29,0015K0,8471,8700,8208,8635,Naver
2025-08-29,0016X0,50287,50465,50277,50455,Naver
2025-08-29,0017Y0,100339,100601,100191,100389,Naver
2025-08-29,0018C0,10876,10970,10467,10806,Naver
2025-08-29,0018Z0,13049,13542,12575,13492,Naver
2025-08-29,0019K0,10980,11160,10781,10985,Naver
2025-08-29,0020H0,13805,14325,12925,13725,Naver
2025-08-29,0021C0,10814,11058,10559,10973,Naver
2025-08-29,0021E0,10584,10938,10470,10794,Naver
2025-08-29,0022T0,10315,10727,10315,10683,Naver
2025-08-29,0023A0,16477,17497,15773,17147,Naver
2025-08-29,0025N0,10423,10665,10230,10600,Naver
2025-08-29,0026E0,10049,10173,9905,10143,Naver
2025-08-29,0026S0,10690,10945,10463,10935,Naver
2025-08-29,0028X0,11696,12369,11226,12359,Naver
2025-08-29,0035T0,11785,12884,11461,12342,Naver
2025-08-29,0036D0,9659,10241,9541,9916,Naver
2025-08-29,0036R0,12599,13198,12334,13053,Naver
2025-08-29,0036Z0,9992,10217,9758,10202,Naver
2025-08-29,0038A0,13148,13663,12355,13528,Naver
2025-08-29,0040S0,13302,13602,12897,13447,Naver
2025-08-29,0040X0,9604,10320,9498,9657,Naver
2025-08-29,0040Y0,8869,9261,8411,8746,Naver
2025-08-29,0041D0,13869,14174,13176,14129,Naver
2025-08-29,0041E0,12083,12298,11830,12298,Naver
2025-08-29,0043B0,100165,100364,99907,100364,Naver
2025-08-29,0043Y0,10921,12780,10446,12590,Naver
2025-08-29,0046A0,9426,9496,9328,9441,Naver
2025-08-29,0046Y0,10751,11038,10033,10940,Naver
2025-08-29,0047A0,10023,12473,9778,11854,Naver
2025-08-29,0047N0,10222,10955,9973,10471,Naver
2025-08-29,0047P0,11414,12021,11134,12006,Naver
2025-08-29,0047R0,12136,12886,11797,12321,Naver
2025-08-29,0048K0,9091,10630,8947,10225,Naver
2025-08-29,0049K0,10327,10533,10125,10332,Naver
2025-08-29,0049M0,10073,10342,9769,10188,Naver
2025-08-29,0050E0,9790,10206,8923,9320,Naver
2025-08-29,0051A0,12415,12950,11890,12705,Naver
2025-08-29,0051G0,14677,15331,13369,14662,Naver
2025-08-29,0052D0,11623,11957,11233,11865,Naver
2025-08-29,0052S0,10495,10639,10302,10610,Naver
2025-08-29,0052T0,49632,49790,49603,49776,Naver
2025-08-29,0053L0,9979,11682,9739,11422,Naver
2025-08-29,0053M0,9665,9880,8930,9495,Naver
2025-08-29,0057H0,10575,10912,10362,10630,Naver
2025-08-29,0060H0,10386,10699,10163,10684,Naver
2025-08-29,0061Z0,49555,49649,49550,49644,Naver
2025-08-29,0064K0,9710,10075,9685,10035,Naver
2025-08-29,0065G0,10091,10925,9946,10361,Naver
2025-08-29,0066W0,9675,10080,9675,10015,Naver
2025-08-29,0067V0,10019,11011,9875,10680,Naver
2025-08-29,0067Y0,11441,12600,10741,12190,Naver
2025-08-29,0068M0,10530,10785,10372,10690,Naver
2025-08-29,0069M0,10708,10982,10494,10937,Naver
2025-08-29,0072R0,9950,10320,9930,10285,Naver
2025-08-29,0073X0,9526,9694,9398,9534,Naver
2025-08-29,0074K0,10800,11115,10125,10935,Naver
2025-08-29,0078V0,9945,10750,9596,10555,Naver
2025-08-29,0079X0,10015,13367,9820,11830,Naver
2025-08-29,0080G0,10985,10985,8905,9850,Naver
2025-08-29,0080X0,10052,10259,9960,10234,Naver
2025-08-29,0080Y0,14866,17568,12598,17338,Naver
2025-08-29,0082F0,9881,10411,9711,9946,Naver
2025-08-29,0082V0,9976,10319,9833,10205,Naver
2025-08-29,0084D0,10044,10392,9752,9970,Naver
2025-08-29,0085N0,9830,9963,9782,9935,Naver
2025-08-29,0085P0,9858,10007,9748,9963,Naver
2025-08-29,0086B0,9739,9855,9594,9776,Naver
2025-08-29,0086C0,9886,9915,9783,9861,Naver
2025-08-29,0087F0,10040,10735,9551,10195,Naver
2025-08-29,0088N0,9870,9890,8850,9535,Naver
2025-08-29,0089B0,9967,9987,9858,9962,Naver
2025-08-29,0089C0,9790,9972,9757,9972,Naver
2025-08-29,0089D0,9764,9999,9332,9547,Naver
2025-08-29,0090B0,10518,11237,10308,11177,Naver
2025-08-29,0091C0,9755,9850,9740,9835,Naver
2025-08-29,0091M0,10005,10010,10005,10005,Naver
2025-08-29,0091P0,9685,10285,8455,9875,Naver
2025-08-29,0092C0,49678,49763,49658,49728,Naver
2025-08-29,0093A0,10241,10486,10176,10471,Naver
2025-08-29,0093D0,9975,10310,9845,10115,Naver
2025-08-29,0094K0,99880,99970,99860,99920,Naver
2025-08-29,069500,43138,43865,41688,43048,Naver
2025-08-29,069660,42997,43791,41621,42987,Naver
2025-08-29,091160,36915,38650,35475,37535,Naver
2025-08-29,091180,19190,20253,18746,19968,Naver
2025-08-29,091220,11772,12324,11451,11717,Naver
2025-08-29,091230,38410,40087,36857,39039,Naver
2025-08-29,100910,6716,6801,6473,6681,Naver
2025-08-29,101280,23299,24891,22203,24291,Naver
2025-08-29,102110,43046,43802,41644,42976,Naver
2025-08-29,102780,9970,10395,9715,10245,Naver
2025-08-29,102960,11470,11755,10415,11520,Naver
2025-08-29,102970,12985,13475,11920,12995,Naver
2025-08-29,104520,10399,10558,10105,10324,Naver
2025-08-29,105010,4475,4769,4455,4769,Naver
2025-08-29,105190,43445,44037,41876,43250,Naver
2025-08-29,108450,16720,17420,16215,17255,Naver
2025-08-29,108590,42986,43932,41841,43140,Naver
2025-08-29,114100,108122,108540,108067,108421,Naver
2025-08-29,114260,62091,62333,62037,62269,Naver
2025-08-29,114470,109336,109740,109283,109646,Naver
2025-08-29,114800,3480,3605,3420,3490,Naver
2025-08-29,114820,105578,106781,105548,105909,Naver
2025-08-29,117460,11550,11675,11035,11140,Naver
2025-08-29,117680,12332,12372,10821,10999,Naver
2025-08-29,117690,21043,22038,20087,21053,Naver
2025-08-29,117700,4200,4345,3760,4050,Naver
2025-08-29,122090,29364,29862,28512,29244,Naver
2025-08-29,122630,25025,25765,23260,24765,Naver
2025-08-29,123310,3875,4020,3820,3900,Naver
2025-08-29,123320,24733,25414,22950,24430,Naver
2025-08-29,130680,4431,4431,4004,4167,Naver
2025-08-29,130730,100375,100579,100365,100559,Naver
2025-08-29,131890,21135,22085,20515,21900,Naver
2025-08-29,132030,19294,20314,19244,20080,Naver
2025-08-29,133690,143009,146235,139623,145627,Naver
2025-08-29,137610,5100,5194,5025,5125,Naver
2025-08-29,138230,15763,15867,15590,15768,Naver
2025-08-29,138520,13370,14084,13035,13859,Naver
2025-08-29,138530,7440,7645,7306,7425,Naver
2025-08-29,138540,34278,36505,33625,36012,Naver
2025-08-29,138920,10556,11274,10456,11169,Naver
2025-08-29,139230,11751,11931,10189,11776,Naver
2025-08-29,139240,12514,12514,10815,11084,Naver
2025-08-29,139250,12148,12148,11255,11679,Naver
2025-08-29,139260,32349,33600,31131,32593,Naver
2025-08-29,139270,11336,11773,10935,11396,Naver
2025-08-29,139290,17480,18237,17092,18107,Naver
2025-08-29,139660,8375,8480,8355,8420,Naver
2025-08-29,140570,14945,15265,14385,15015,Naver
2025-08-29,140580,15595,15980,15130,15610,Naver
2025-08-29,140700,11315,12075,10925,11950,Naver
2025-08-29,140710,5885,6295,5730,6100,Naver
2025-08-29,140950,32691,33225,31614,32606,Naver
2025-08-29,143850,66470,67968,65387,67909,Naver
2025-08-29,143860,41320,41805,39380,40450,Naver
2025-08-29,144600,6370,6798,6330,6768,Naver
2025-08-29,145670,4335,4505,4285,4365,Naver
2025-08-29,145850,46730,48529,46715,47769,Naver
2025-08-29,148020,43409,44145,41970,43339,Naver
2025-08-29,148070,112817,113494,112531,113223,Naver
2025-08-29,150460,7934,8203,7544,7849,Naver
2025-08-29,152100,43781,44553,42378,43742,Naver
2025-08-29,152380,70093,70523,69905,70405,Naver
2025-08-29,152500,10278,10421,9409,10016,Naver
2025-08-29,152870,43629,44352,42207,43559,Naver
2025-08-29,153130,111631,111949,111631,111847,Naver
2025-08-29,156080,19550,19820,18960,19470,Naver
2025-08-29,157450,109856,110059,109846,110054,Naver
2025-08-29,157490,9295,9675,8995,9270,Naver
2025-08-29,157500,8870,9200,8105,8850,Naver
2025-08-29,159800,33155,33985,32250,33180,Naver
2025-08-29,160580,11735,12100,11485,11730,Naver
2025-08-29,161510,18823,19203,18276,18936,Naver
2025-08-29,166400,13977,14428,13458,13905,Naver
2025-08-29,167860,110328,111733,109908,111183,Naver
2025-08-29,168580,28240,31595,27868,31560,Naver
2025-08-29,169950,21941,24323,21822,24020,Naver
2025-08-29,174350,16335,16470,15841,16160,Naver
2025-08-29,176950,53647,53850,53385,53573,Naver
2025-08-29,181480,79432,82015,78457,80746,Naver
2025-08-29,182490,13590,13690,13400,13615,Naver
2025-08-29,183700,65765,65968,65153,65735,Naver
2025-08-29,183710,46342,46885,45322,46342,Naver
2025-08-29,185680,25115,27000,25115,26725,Naver
2025-08-29,189400,21490,22165,21210,22125,Naver
2025-08-29,190620,99501,99701,99496,99691,Naver
2025-08-29,192090,10236,11466,10109,11417,Naver
2025-08-29,192720,42410,42928,40754,41951,Naver
2025-08-29,195930,19148,19961,18759,19627,Naver
2025-08-29,195970,13605,14315,13155,13995,Naver
2025-08-29,195980,11160,11525,10940,11190,Naver
2025-08-29,196230,114254,114550,114234,114452,Naver
2025-08-29,200030,36555,37057,35000,36790,Naver
2025-08-29,200250,24625,25350,24020,24375,Naver
2025-08-29,203780,22587,24089,22458,23866,Naver
2025-08-29,204450,2800,3070,2685,2875,Naver
2025-08-29,204480,18250,22942,17958,22843,Naver
2025-08-29,205720,2198,2213,2043,2078,Naver
2025-08-29,210780,18972,19032,18063,18654,Naver
2025-08-29,211560,24481,24625,23105,24361,Naver
2025-08-29,211900,19547,19648,18429,19432,Naver
2025-08-29,213610,9705,10145,9420,10010,Naver
2025-08-29,213630,17446,18505,17282,18089,Naver
2025-08-29,214980,112933,113159,112933,113159,Naver
2025-08-29,215620,15635,15990,15520,15735,Naver
2025-08-29,217780,6922,7062,6229,6292,Naver
2025-08-29,218420,14040,14445,13550,14325,Naver
2025-08-29,219390,5745,5910,5400,5865,Naver
2025-08-29,219900,3165,3900,3076,3835,Naver
2025-08-29,220130,5060,5775,5002,5715,Naver
2025-08-29,223190,13985,14275,13630,13955,Naver
2025-08-29,225030,2665,2709,2606,2606,Naver
2025-08-29,225040,49089,51502,47647,51438,Naver
2025-08-29,225050,12161,13809,11517,12437,Naver
2025-08-29,225060,9377,10015,9015,9669,Naver
2025-08-29,225130,33807,37026,33579,36108,Naver
2025-08-29,225800,14867,15006,14535,14808,Naver
2025-08-29,226380,6985,7385,6910,7120,Naver
2025-08-29,226490,32815,33100,31475,32570,Naver
2025-08-29,226980,18395,18655,17050,17950,Naver
2025-08-29,227540,19800,20025,19020,19275,Naver
2025-08-29,227550,10175,10215,9370,9640,Naver
2025-08-29,227560,11536,12218,11038,11556,Naver
2025-08-29,227570,15525,15580,13900,14870,Naver
2025-08-29,227830,33073,33352,31703,32830,Naver
2025-08-29,228790,4044,4399,3819,4024,Naver
2025-08-29,228800,3605,3895,3510,3630,Naver
2025-08-29,228810,6730,7470,6400,6880,Naver
2025-08-29,228820,9093,9318,8879,9148,Naver
2025-08-29,229200,13230,13720,12785,13260,Naver
2025-08-29,229720,18265,18570,17630,18170,Naver
2025-08-29,230480,4785,4865,4725,4800,Naver
2025-08-29,232080,13540,14055,13105,13585,Naver
2025-08-29,233160,9666,10524,9142,9800,Naver
2025-08-29,233740,8695,9335,8125,8720,Naver
2025-08-29,234310,16310,16465,15815,16320,Naver
2025-08-29,236350,38591,40396,36361,37644,Naver
2025-08-29,237350,33370,33875,32260,33210,Naver
2025-08-29,237370,14084,14130,13851,14085,Naver
2025-08-29,237440,9945,9995,9836,9881,Naver
2025-08-29,238670,11890,11890,11660,11830,Naver
2025-08-29,238720,28852,31203,28302,30380,Naver
2025-08-29,239660,119623,119944,119594,119885,Naver
2025-08-29,241180,22685,25683,22314,24107,Naver
2025-08-29,241390,12625,12729,12407,12659,Naver
2025-08-29,243880,33657,35528,31041,33627,Naver
2025-08-29,243890,5238,5347,4603,4896,Naver
2025-08-29,244580,9390,9665,8920,9430,Naver
2025-08-29,244620,14736,14931,13802,14617,Naver
2025-08-29,244660,9045,9225,8855,8925,Naver
2025-08-29,244670,9873,9927,9277,9530,Naver
2025-08-29,245350,16130,17331,15555,16493,Naver
2025-08-29,245360,13021,13462,12332,13051,Naver
2025-08-29,245710,23972,28180,23927,28025,Naver
2025-08-29,248270,21298,22609,20839,22155,Naver
2025-08-29,250730,10408,10944,10171,10466,Naver
2025-08-29,250780,3520,3625,3380,3500,Naver
2025-08-29,251340,3485,3597,3345,3465,Naver
2025-08-29,251350,32313,33422,31716,33227,Naver
2025-08-29,251590,15469,15598,14814,15206,Naver
2025-08-29,252400,22725,23483,21209,22547,Naver
2025-08-29,252410,4460,4625,4410,4485,Naver
2025-08-29,252420,1314,1400,1269,1316,Naver
2025-08-29,252650,14035,14070,13331,13736,Naver
2025-08-29,252670,1307,1391,1259,1308,Naver
2025-08-29,252710,1386,1475,1335,1386,Naver
2025-08-29,253150,45360,47304,42823,45509,Naver
2025-08-29,253160,2635,2855,2580,2680,Naver
2025-08-29,253230,1314,1402,1273,1324,Naver
2025-08-29,253240,4505,4670,4440,4520,Naver
2025-08-29,253250,22653,23238,20967,22311,Naver
2025-08-29,253280,14760,15005,14130,14540,Naver
2025-08-29,253290,12281,12371,12082,12187,Naver
2025-08-29,256440,8361,8859,8291,8386,Naver
2025-08-29,256450,9801,12435,9726,12280,Naver
2025-08-29,256750,10015,12650,9895,12515,Naver
2025-08-29,261060,13260,13770,12785,13480,Naver
2025-08-29,261070,15710,16310,14970,15815,Naver
2025-08-29,261110,15690,15828,15335,15620,Naver
2025-08-29,261120,5435,5539,5375,5449,Naver
2025-08-29,261220,15605,15665,14085,14685,Naver
2025-08-29,261240,13901,13990,13757,13886,Naver
2025-08-29,261250,15661,15834,15313,15631,Naver
2025-08-29,261260,5480,5600,5420,5500,Naver
2025-08-29,261270,8075,8160,8035,8085,Naver
2025-08-29,261920,13110,13862,13100,13495,Naver
2025-08-29,266160,16434,16767,15947,16484,Naver
2025-08-29,266360,13240,14180,12855,13500,Naver
2025-08-29,266370,18180,19075,17525,18510,Naver
2025-08-29,266390,9815,10035,9450,9600,Naver
2025-08-29,266410,8320,8800,8045,8405,Naver
2025-08-29,266420,18625,18875,17780,18265,Naver
2025-08-29,266550,15010,15130,14070,14720,Naver
2025-08-29,267440,8264,8410,8234,8356,Naver
2025-08-29,267450,10931,10981,10759,10877,Naver
2025-08-29,267490,5452,5654,5428,5556,Naver
2025-08-29,267770,18991,19566,17668,18788,Naver
2025-08-29,269370,15377,16221,15293,15885,Naver
2025-08-29,269420,19673,20766,19673,20292,Naver
2025-08-29,269530,18101,18881,17993,18575,Naver
2025-08-29,269540,25105,25745,24750,25725,Naver
2025-08-29,270800,12792,13110,12399,12940,Naver
2025-08-29,270810,13115,13650,12735,13200,Naver
2025-08-29,271050,3790,4185,3780,4020,Naver
2025-08-29,271060,7780,7835,7585,7755,Naver
2025-08-29,272560,112242,112469,112232,112464,Naver
2025-08-29,272570,110376,110845,110292,110682,Naver
2025-08-29,272580,55552,55667,55548,55667,Naver
2025-08-29,272910,107954,108360,107954,108281,Naver
2025-08-29,273130,117143,117572,116942,117311,Naver
2025-08-29,273140,112694,112896,112646,112896,Naver
2025-08-29,275280,18930,18965,17455,18790,Naver
2025-08-29,275290,13180,13180,12610,12815,Naver
2025-08-29,275300,10490,10635,10145,10560,Naver
2025-08-29,275750,3500,3640,3370,3485,Naver
2025-08-29,275980,18200,18777,17674,18737,Naver
2025-08-29,276000,15152,16131,14807,15876,Naver
2025-08-29,276650,34341,35340,33540,34946,Naver
2025-08-29,276970,7360,7551,7216,7493,Naver
2025-08-29,276990,20105,20680,19740,20560,Naver
2025-08-29,277540,19231,19600,18463,19114,Naver
2025-08-29,277630,33154,33492,31868,32984,Naver
2025-08-29,277640,16172,16326,15523,16032,Naver
2025-08-29,277650,17980,18195,16940,17780,Naver
2025-08-29,278240,9724,10490,9092,9794,Naver
2025-08-29,278530,15575,15800,14975,15455,Naver
2025-08-29,278540,14465,14710,13975,14415,Naver
2025-08-29,278620,116388,116679,116363,116674,Naver
2025-08-29,279530,12564,12818,12200,12643,Naver
2025-08-29,279540,11930,12480,11900,12415,Naver
2025-08-29,280320,21003,21353,20300,21318,Naver
2025-08-29,280930,13014,14021,12735,13976,Naver
2025-08-29,280940,4545,4605,4375,4395,Naver
2025-08-29,281990,15268,15268,13917,14620,Naver
2025-08-29,282000,109353,109442,109077,109334,Naver
2025-08-29,283580,12591,14124,12413,14030,Naver
2025-08-29,284430,14246,14350,14052,14301,Naver
2025-08-29,284980,15069,15673,14565,15218,Naver
2025-08-29,285690,13720,13805,13180,13665,Naver
2025-08-29,289040,12235,12705,12160,12480,Naver
2025-08-29,289250,12562,12866,12327,12602,Naver
2025-08-29,289260,11135,11375,10646,10991,Naver
2025-08-29,289480,8203,8365,8032,8332,Naver
2025-08-29,289670,56180,56542,56036,56433,Naver
2025-08-29,290080,8685,8816,8421,8743,Naver
2025-08-29,290130,15755,16050,15270,15710,Naver
2025-08-29,291130,14382,14993,14120,14895,Naver
2025-08-29,291620,6240,6415,5975,6185,Naver
2025-08-29,291630,4320,4635,4040,4325,Naver
2025-08-29,291680,7837,7881,7370,7655,Naver
2025-08-29,291890,9201,9569,9086,9360,Naver
2025-08-29,292050,20601,21021,19993,20686,Naver
2025-08-29,292150,13107,13325,12625,12958,Naver
2025-08-29,292160,20354,20627,19561,20214,Naver
2025-08-29,292190,20215,20520,19515,20160,Naver
2025-08-29,292500,20462,20836,19839,20516,Naver
2025-08-29,292560,8643,8810,8604,8776,Naver
2025-08-29,294400,56230,57200,54380,56155,Naver
2025-08-29,295000,55559,55833,55390,55723,Naver
2025-08-29,295020,53867,54504,53506,53749,Naver
2025-08-29,295040,16115,16355,15550,16055,Naver
2025-08-29,298340,56598,56821,56598,56737,Naver
2025-08-29,298770,28971,30208,28520,29319,Naver
2025-08-29,300610,7175,7460,6940,7030,Naver
2025-08-29,300640,8630,8880,8285,8400,Naver
2025-08-29,300950,6910,7170,6700,6855,Naver
2025-08-29,301400,14030,14500,12975,13445,Naver
2025-08-29,301410,5310,5450,5000,5265,Naver
2025-08-29,302190,52211,52429,52127,52360,Naver
2025-08-29,302450,32974,33397,31741,32855,Naver
2025-08-29,304660,7495,7640,7460,7525,Naver
2025-08-29,304670,11887,11951,11674,11852,Naver
2025-08-29,304760,19693,20143,19150,19828,Naver
2025-08-29,304770,13240,13750,12815,13290,Naver
2025-08-29,304780,27825,28690,25995,27580,Naver
2025-08-29,304940,26309,27053,25864,26815,Naver
2025-08-29,305050,33310,33525,31900,33010,Naver
2025-08-29,305080,12444,12594,12410,12569,Naver
2025-08-29,305540,15095,16380,14575,14785,Naver
2025-08-29,305720,12095,13160,11670,11920,Naver
2025-08-29,306520,8100,8345,7950,8100,Naver
2025-08-29,306530,8680,9330,8120,8710,Naver
2025-08-29,306950,19730,19950,18080,19385,Naver
2025-08-29,307510,16975,18095,16515,17470,Naver
2025-08-29,307520,13987,14061,12625,13662,Naver
2025-08-29,308620,11608,11801,11608,11776,Naver
2025-08-29,309230,27137,28345,26650,27480,Naver
2025-08-29,310080,10000,10868,9775,10545,Naver
2025-08-29,310960,25155,25555,24310,25070,Naver
2025-08-29,310970,18160,18450,17580,18080,Naver
2025-08-29,314250,52715,53932,51468,53737,Naver
2025-08-29,314700,10365,10575,9875,10075,Naver
2025-08-29,315270,21414,22480,20925,21787,Naver
2025-08-29,315930,26775,27655,26167,26760,Naver
2025-08-29,315960,23745,24635,23090,23985,Naver
2025-08-29,316300,12669,13261,12352,13242,Naver
2025-08-29,319640,20385,21442,20326,21207,Naver
2025-08-29,321410,9831,10251,9767,10153,Naver
2025-08-29,322400,11745,12385,11490,11550,Naver
2025-08-29,322410,16702,16970,16280,16702,Naver
2025-08-29,325010,17710,17935,16915,17650,Naver
2025-08-29,326230,9860,10290,9690,9935,Naver
2025-08-29,326240,17115,17915,16715,17255,Naver
2025-08-29,329200,4014,4076,3953,4066,Naver
2025-08-29,329650,13750,13881,13581,13866,Naver
2025-08-29,329660,16463,16681,16257,16641,Naver
2025-08-29,329670,19373,19728,19011,19683,Naver
2025-08-29,332500,28970,29290,27920,28815,Naver
2025-08-29,332610,123967,125350,122608,124182,Naver
2025-08-29,332620,90336,91615,90044,91212,Naver
2025-08-29,332930,56095,57170,54440,56190,Naver
2025-08-29,332940,17970,18415,17525,18030,Naver
2025-08-29,334690,5978,6055,5371,5515,Naver
2025-08-29,334700,4414,4910,4375,4802,Naver
2025-08-29,336160,101502,101900,101460,101804,Naver
2025-08-29,337120,15015,15345,14910,15180,Naver
2025-08-29,337140,15585,15740,14965,15475,Naver
2025-08-29,337150,15655,15815,14930,15555,Naver
2025-08-29,337160,16739,17108,16284,16749,Naver
2025-08-29,341850,4637,4666,4505,4618,Naver
2025-08-29,352540,11413,12295,11393,11836,Naver
2025-08-29,352560,11406,11803,11368,11711,Naver
2025-08-29,354240,10749,11097,10646,10904,Naver
2025-08-29,354350,20285,20845,18755,20845,Naver
2025-08-29,354500,13290,13820,12890,13325,Naver
2025-08-29,356540,107719,108005,107491,107793,Naver
2025-08-29,357870,56300,56410,56300,56410,Naver
2025-08-29,359210,16375,16510,15695,16260,Naver
2025-08-29,360140,10618,10688,10279,10518,Naver
2025-08-29,360200,22053,22566,21575,22556,Naver
2025-08-29,360750,21813,22331,21350,22316,Naver
2025-08-29,361580,24385,24750,23540,24300,Naver
2025-08-29,363510,109504,109692,109504,109692,Naver
2025-08-29,363570,101465,101810,100751,101204,Naver
2025-08-29,363580,12720,13220,12310,12885,Naver
2025-08-29,364690,16910,16910,16035,16675,Naver
2025-08-29,364960,6690,6815,6480,6675,Naver
2025-08-29,364970,7920,8090,7575,7710,Naver
2025-08-29,364980,8315,8710,7905,7940,Naver
2025-08-29,364990,5560,5830,5475,5605,Naver
2025-08-29,365000,4400,4580,4250,4530,Naver
2025-08-29,365040,16265,16355,15565,16145,Naver
2025-08-29,367380,24598,25147,24025,25038,Naver
2025-08-29,367740,14620,15329,14360,14945,Naver
2025-08-29,367760,12725,13225,12270,13135,Naver
2025-08-29,368190,7750,7990,7600,7685,Naver
2025-08-29,368590,23781,24318,23237,24214,Naver
2025-08-29,368680,7840,8080,7675,7735,Naver
2025-08-29,371160,8357,9031,8133,8746,Naver
2025-08-29,371450,11306,11401,10470,11321,Naver
2025-08-29,371460,9340,10829,9197,10660,Naver
2025-08-29,371470,8733,9354,8013,9135,Naver
2025-08-29,371870,8365,8764,7931,8514,Naver
2025-08-29,373490,13685,13970,13355,13605,Naver
2025-08-29,373790,14887,15439,14431,14942,Naver
2025-08-29,375270,11987,12409,11889,12277,Naver
2025-08-29,375760,10401,10621,10101,10441,Naver
2025-08-29,375770,10690,10820,10300,10620,Naver
2025-08-29,376410,10504,10699,10190,10494,Naver
2025-08-29,377990,14275,14815,12930,13850,Naver
2025-08-29,379780,18987,19438,18591,19433,Naver
2025-08-29,379790,14442,15019,13947,14515,Naver
2025-08-29,379800,19925,20400,19509,20390,Naver
2025-08-29,379810,21426,21914,20933,21819,Naver
2025-08-29,380340,10845,11175,10525,10940,Naver
2025-08-29,381170,26131,27114,25508,27014,Naver
2025-08-29,381180,20251,21268,20061,21158,Naver
2025-08-29,381560,7930,8405,7630,8005,Naver
2025-08-29,381570,7630,7920,7300,7375,Naver
2025-08-29,385510,25180,26430,23610,25575,Naver
2025-08-29,385520,8105,8545,7860,8405,Naver
2025-08-29,385540,109305,109671,109122,109483,Naver
2025-08-29,385550,111020,111393,111020,111384,Naver
2025-08-29,385560,79320,79813,77723,78512,Naver
2025-08-29,385590,9795,9990,9500,9655,Naver
2025-08-29,385600,6635,6860,6400,6600,Naver
2025-08-29,385720,11830,12000,11215,11715,Naver
2025-08-29,387270,17674,18425,17330,18315,Naver
2025-08-29,387280,7510,7600,7110,7285,Naver
2025-08-29,388280,7295,7720,7155,7390,Naver
2025-08-29,388420,11260,11580,10775,11330,Naver
2025-08-29,390390,27118,28351,26725,28176,Naver
2025-08-29,390400,6187,6756,5969,6706,Naver
2025-08-29,391600,9064,10189,8865,10084,Naver
2025-08-29,391670,11821,12162,11258,11727,Naver
2025-08-29,394670,6249,7293,6204,7253,Naver
2025-08-29,395150,3360,3585,3215,3290,Naver
2025-08-29,395160,10705,11050,10275,10755,Naver
2025-08-29,395170,8475,8495,8126,8376,Naver
2025-08-29,395270,11805,12470,11455,12030,Naver
2025-08-29,395280,4225,4370,4105,4190,Naver
2025-08-29,395290,8875,10235,8520,9495,Naver
2025-08-29,395750,9785,9925,9450,9835,Naver
2025-08-29,396500,11890,12344,11425,11790,Naver
2025-08-29,396510,5611,6405,5564,6232,Naver
2025-08-29,396520,6727,9121,6583,8827,Naver
2025-08-29,397420,51958,52515,51874,52013,Naver
2025-08-29,399110,17005,17423,16557,17408,Naver
2025-08-29,399580,6992,7745,6785,7464,Naver
2025-08-29,400580,10520,10664,10133,10441,Naver
2025-08-29,400590,12410,12670,11965,12475,Naver
2025-08-29,400970,7415,7900,7260,7700,Naver
2025-08-29,401170,6651,7175,6521,6980,Naver
2025-08-29,401470,7850,8365,7590,8025,Naver
2025-08-29,401590,10090,10235,9776,10085,Naver
2025-08-29,402460,7580,7885,7435,7715,Naver
2025-08-29,402970,11687,12259,11553,12195,Naver
2025-08-29,403790,26426,27109,25548,26491,Naver
2025-08-29,404120,14840,15162,14020,14630,Naver
2025-08-29,404260,12470,12880,11945,12430,Naver
2025-08-29,404540,12598,12987,12079,12563,Naver
2025-08-29,404650,12386,12870,11908,12431,Naver
2025-08-29,407300,8401,8401,7726,8106,Naver
2025-08-29,407310,9058,9233,8824,9023,Naver
2025-08-29,407820,8094,8194,7495,7755,Naver
2025-08-29,407830,15010,15500,14605,15135,Naver
2025-08-29,409810,6890,7015,6700,6775,Naver
2025-08-29,409820,13534,14343,13102,14040,Naver
2025-08-29,410870,12300,13975,11835,13180,Naver
2025-08-29,411060,20755,21505,20745,21495,Naver
2025-08-29,411540,9163,9348,8970,9158,Naver
2025-08-29,411860,16270,16920,16025,16610,Naver
2025-08-29,412560,2289,2324,2055,2185,Naver
2025-08-29,412570,1194,1295,1067,1069,Naver
2025-08-29,412770,13340,14033,12672,13171,Naver
2025-08-29,413220,3856,4510,3792,4485,Naver
2025-08-29,413930,11785,11970,11440,11795,Naver
2025-08-29,414270,11556,12348,11013,12089,Naver
2025-08-29,414780,8335,10885,8045,10486,Naver
2025-08-29,415340,8300,11135,8270,10860,Naver
2025-08-29,415760,7907,10506,7555,10110,Naver
2025-08-29,415920,4860,6350,4670,6040,Naver
2025-08-29,416090,7681,12993,7501,10170,Naver
2025-08-29,417450,8166,9098,7779,9093,Naver
2025-08-29,417630,11719,12003,11399,11724,Naver
2025-08-29,418660,27278,28500,26081,28178,Naver
2025-08-29,419420,6524,7177,6239,7052,Naver
2025-08-29,419430,7100,8385,6900,8260,Naver
2025-08-29,419650,3605,3950,3330,3900,Naver
2025-08-29,419890,105870,106113,105850,106098,Naver
2025-08-29,421320,24915,24915,20665,22210,Naver
2025-08-29,422260,10299,11478,9934,10788,Naver
2025-08-29,422420,5886,6555,5649,5767,Naver
2025-08-29,423160,108793,109005,108793,109000,Naver
2025-08-29,423170,21335,21960,20675,21620,Naver
2025-08-29,423920,24110,26160,23157,25786,Naver
2025-08-29,424460,15095,15479,14841,15285,Naver
2025-08-29,426020,24126,24370,23432,24166,Naver
2025-08-29,426030,31423,32512,30558,31837,Naver
2025-08-29,426150,58012,58308,57859,58047,Naver
2025-08-29,427120,8329,8399,7854,7859,Naver
2025-08-29,428510,13092,15691,12617,15061,Naver
2025-08-29,428560,17691,17970,17292,17357,Naver
2025-08-29,429000,11887,12338,11720,12156,Naver
2025-08-29,429010,14515,15176,14391,15166,Naver
2025-08-29,429740,6376,6482,6255,6448,Naver
2025-08-29,429980,12325,13500,11865,12940,Naver
2025-08-29,430500,115701,116403,115543,115929,Naver
2025-08-29,432600,55538,56182,55523,55613,Naver
2025-08-29,432840,16359,16810,16066,16776,Naver
2025-08-29,433220,21090,21525,20660,21470,Naver
2025-08-29,433250,13955,14030,13445,13665,Naver
2025-08-29,433330,18237,18667,17849,18658,Naver
2025-08-29,433500,32620,34275,28340,32365,Naver
2025-08-29,433880,15671,16046,15338,16016,Naver
2025-08-29,433970,13095,14293,12942,13214,Naver
2025-08-29,433980,14100,14590,13906,14322,Naver
2025-08-29,434730,36960,39435,31850,36065,Naver
2025-08-29,434960,43419,44176,42200,43519,Naver
2025-08-29,435040,17537,17940,17049,17781,Naver
2025-08-29,435420,13186,13400,13067,13256,Naver
2025-08-29,435530,13500,13610,13230,13610,Naver
2025-08-29,435540,14540,14855,14350,14800,Naver
2025-08-29,435550,14790,15150,14500,15035,Naver
2025-08-29,436140,113094,113382,112819,113113,Naver
2025-08-29,437080,98057,101094,97978,99098,Naver
2025-08-29,437350,11845,12012,11826,11973,Naver
2025-08-29,437370,9131,9493,8980,9342,Naver
2025-08-29,438080,12755,13014,12609,12877,Naver
2025-08-29,438100,13487,13884,13301,13556,Naver
2025-08-29,438320,8569,9887,8271,9320,Naver
2025-08-29,438560,100833,101238,100803,101145,Naver
2025-08-29,438570,106149,106817,105892,106585,Naver
2025-08-29,438740,28160,28799,26255,28330,Naver
2025-08-29,438900,12475,12780,11675,12500,Naver
2025-08-29,439860,114440,114725,114071,114710,Naver
2025-08-29,439870,120413,121127,118464,119453,Naver
2025-08-29,440340,11279,11279,10853,11046,Naver
2025-08-29,440640,109420,109671,109400,109666,Naver
2025-08-29,440910,20802,21550,20168,21001,Naver
2025-08-29,441540,27595,29530,25500,29360,Naver
2025-08-29,441640,11013,11394,10828,11206,Naver
2025-08-29,441680,9280,9388,9164,9327,Naver
2025-08-29,441800,15265,15497,14402,15233,Naver
2025-08-29,442320,32634,33302,28098,32040,Naver
2025-08-29,442550,13102,13226,12874,13191,Naver
2025-08-29,442570,14075,14264,13563,14254,Naver
2025-08-29,442580,20950,22000,19005,20845,Naver
2025-08-29,444490,16641,17054,16297,17019,Naver
2025-08-29,445150,27465,30295,25775,30100,Naver
2025-08-29,445290,16530,17095,15655,16640,Naver
2025-08-29,445690,17905,18340,17345,17805,Naver
2025-08-29,445910,15709,15859,14830,15362,Naver
2025-08-29,446690,18583,19683,17801,19160,Naver
2025-08-29,446700,8880,9825,8510,8810,Naver
2025-08-29,446720,10563,11092,10446,11014,Naver
2025-08-29,446770,31383,31856,29834,31443,Naver
2025-08-29,447430,15605,15615,14285,15012,Naver
2025-08-29,447620,13940,14185,13655,14180,Naver
2025-08-29,447660,12162,12915,11858,12525,Naver
2025-08-29,447770,13452,13994,13282,13920,Naver
2025-08-29,448100,44320,45578,42932,44172,Naver
2025-08-29,448290,14916,15304,14702,15294,Naver
2025-08-29,448300,18434,18979,18136,18794,Naver
2025-08-29,448330,11214,11393,11149,11264,Naver
2025-08-29,448490,57496,57798,57253,57545,Naver
2025-08-29,448540,24184,25765,23951,24377,Naver
2025-08-29,448570,15765,15890,15100,15365,Naver
2025-08-29,448630,10315,10410,10200,10245,Naver
2025-08-29,449170,108710,108919,108705,108919,Naver
2025-08-29,449180,14395,14778,14192,14768,Naver
2025-08-29,449450,55840,56190,46110,51420,Naver
2025-08-29,449580,14906,15451,14653,15391,Naver
2025-08-29,449680,8431,8955,8196,8940,Naver
2025-08-29,449770,17535,17958,17173,17953,Naver
2025-08-29,449780,15692,16085,15457,16075,Naver
2025-08-29,450180,8600,9245,8515,9245,Naver
2025-08-29,450190,17120,20760,16895,20255,Naver
2025-08-29,451000,115727,115920,114355,114637,Naver
2025-08-29,451060,13978,14216,13483,13929,Naver
2025-08-29,451150,19760,20780,19105,20320,Naver
2025-08-29,451540,56360,56499,56202,56375,Naver
2025-08-29,451600,115438,116179,114089,114578,Naver
2025-08-29,451670,24822,25178,24139,24525,Naver
2025-08-29,452250,5292,5527,5233,5341,Naver
2025-08-29,452360,10403,10965,10358,10879,Naver
2025-08-29,453060,108345,108570,108340,108545,Naver
2025-08-29,453080,18464,19018,18156,18829,Naver
2025-08-29,453330,15134,15530,14910,15520,Naver
2025-08-29,453630,11769,12253,11621,11710,Naver
2025-08-29,453640,10988,11633,10744,11405,Naver
2025-08-29,453660,16551,17597,16102,17518,Naver
2025-08-29,453810,13303,13685,13004,13183,Naver
2025-08-29,453820,15895,16703,15250,15572,Naver
2025-08-29,453850,7452,7608,7422,7490,Naver
2025-08-29,453870,13022,13469,12739,12912,Naver
2025-08-29,453950,17010,17563,16491,16900,Naver
2025-08-29,454180,8604,9357,8515,9021,Naver
2025-08-29,454320,25345,26495,22495,24860,Naver
2025-08-29,454780,106555,106837,106307,106628,Naver
2025-08-29,455030,11663,11752,11558,11668,Naver
2025-08-29,455660,9485,9603,9448,9554,Naver
2025-08-29,455850,12330,12825,11850,12470,Naver
2025-08-29,455860,3945,4355,3805,3920,Naver
2025-08-29,455890,53741,53854,53736,53854,Naver
2025-08-29,455960,11735,11810,11555,11730,Naver
2025-08-29,456200,58225,58390,57585,57970,Naver
2025-08-29,456250,9494,9942,9145,9942,Naver
2025-08-29,456600,31952,32356,29853,31627,Naver
2025-08-29,456610,58092,58447,57502,58072,Naver
2025-08-29,456680,5747,7635,5509,7392,Naver
2025-08-29,456880,11775,11850,11650,11775,Naver
2025-08-29,457480,14670,16240,14316,15906,Naver
2025-08-29,457690,11087,11146,11057,11126,Naver
2025-08-29,457700,12118,12212,11981,12074,Naver
2025-08-29,457930,14585,14955,14060,14585,Naver
2025-08-29,458030,53485,53594,53475,53584,Naver
2025-08-29,458210,107430,107630,107410,107630,Naver
2025-08-29,458250,37535,38575,36933,37306,Naver
2025-08-29,458260,46900,48242,46862,47491,Naver
2025-08-29,458730,11524,12123,11398,12025,Naver
2025-08-29,458750,10169,10644,10060,10559,Naver
2025-08-29,458760,8778,9150,8693,9086,Naver
2025-08-29,459580,1054752,1056785,1054752,1056785,Naver
2025-08-29,459750,14562,15026,14247,14937,Naver
2025-08-29,459790,16135,16135,15473,16061,Naver
2025-08-29,460270,12165,13140,12035,12130,Naver
2025-08-29,460660,10416,11014,10339,10761,Naver
2025-08-29,460960,10373,10630,10206,10603,Naver
2025-08-29,461270,10966,11010,10966,10995,Naver
2025-08-29,461340,23969,24364,22226,23540,Naver
2025-08-29,461450,12750,13775,12290,13070,Naver
2025-08-29,461460,55716,56214,55543,55884,Naver
2025-08-29,461490,13473,13613,13334,13568,Naver
2025-08-29,461500,111597,111985,111457,111684,Naver
2025-08-29,461580,13040,14145,12610,13310,Naver
2025-08-29,461600,8589,8760,8545,8637,Naver
2025-08-29,461900,19630,20195,18900,20060,Naver
2025-08-29,461910,30923,33381,28242,31815,Naver
2025-08-29,461950,4075,4595,3935,4090,Naver
2025-08-29,462010,3975,4540,3825,4025,Naver
2025-08-29,462330,1080,1271,1005,1038,Naver
2025-08-29,462340,16180,16730,15625,16535,Naver
2025-08-29,462900,15845,17060,15480,16775,Naver
2025-08-29,463050,13365,14200,12910,13960,Naver
2025-08-29,463250,32030,32170,26035,28815,Naver
2025-08-29,463290,106171,106388,106171,106378,Naver
2025-08-29,463300,10980,12261,10808,12157,Naver
2025-08-29,463640,13739,13907,13422,13427,Naver
2025-08-29,463680,16645,16645,15492,16105,Naver
2025-08-29,463690,16997,17620,16699,17585,Naver
2025-08-29,464240,51463,52890,51458,51566,Naver
2025-08-29,464310,13294,13409,12862,13304,Naver
2025-08-29,464920,13490,13685,12440,13220,Naver
2025-08-29,464930,16102,16723,15502,16628,Naver
2025-08-29,465330,8155,9125,7860,8100,Naver
2025-08-29,465350,33596,34906,29860,33556,Naver
2025-08-29,465580,19252,19881,18664,19796,Naver
2025-08-29,465610,28966,31333,27424,30952,Naver
2025-08-29,465620,8896,8964,8389,8433,Naver
2025-08-29,465660,12822,12912,12037,12797,Naver
2025-08-29,465670,12318,13735,11997,13137,Naver
2025-08-29,465780,103794,104018,103794,104018,Naver
2025-08-29,466810,4765,5470,4575,4760,Naver
2025-08-29,466920,30240,33125,27920,32930,Naver
2025-08-29,466930,11170,11935,10910,11800,Naver
2025-08-29,466940,18455,19323,17895,18671,Naver
2025-08-29,468370,10820,11016,10745,10943,Naver
2025-08-29,468380,10710,10893,10604,10859,Naver
2025-08-29,468630,11013,11108,10895,11045,Naver
2025-08-29,469050,14741,15758,14686,15553,Naver
2025-08-29,469060,15871,16858,15751,16743,Naver
2025-08-29,469070,9820,9890,8925,9485,Naver
2025-08-29,469150,15500,16055,14965,15480,Naver
2025-08-29,469160,12068,12616,11595,12364,Naver
2025-08-29,469170,5085,5388,4860,4950,Naver
2025-08-29,469530,9355,9455,9300,9370,Naver
2025-08-29,469790,12515,12810,12146,12471,Naver
2025-08-29,469830,52617,52738,52617,52736,Naver
2025-08-29,470310,8760,8835,8110,8530,Naver
2025-08-29,471040,16680,17060,15745,16680,Naver
2025-08-29,471460,63238,63992,62644,63140,Naver
2025-08-29,471760,9190,9440,8690,8965,Naver
2025-08-29,471780,10805,11380,10440,11250,Naver
2025-08-29,471990,10310,10610,9650,10440,Naver
2025-08-29,472150,10034,10034,9551,9881,Naver
2025-08-29,472160,16220,16878,15875,16753,Naver
2025-08-29,472170,13188,13551,12754,13357,Naver
2025-08-29,472720,15321,15546,14582,15052,Naver
2025-08-29,472830,8222,8360,8121,8279,Naver
2025-08-29,472840,42780,47411,41386,42979,Naver
2025-08-29,472870,7872,8184,7867,8067,Naver
2025-08-29,472920,104109,104478,104109,104380,Naver
2025-08-29,473290,10655,10680,10645,10675,Naver
2025-08-29,473330,8204,8309,8149,8289,Naver
2025-08-29,473440,10521,10634,10496,10531,Naver
2025-08-29,473460,20108,21361,19573,20872,Naver
2025-08-29,473590,18187,18617,17108,18022,Naver
2025-08-29,473640,18378,22161,18293,21956,Naver
2025-08-29,474220,13158,13568,12694,13502,Naver
2025-08-29,474390,55587,56004,54894,55287,Naver
2025-08-29,474590,11375,11805,10885,11495,Naver
2025-08-29,474920,16085,19000,15505,17975,Naver
2025-08-29,475050,11740,13740,11270,12715,Naver
2025-08-29,475070,19485,20440,18800,20400,Naver
2025-08-29,475080,7806,8106,7695,8037,Naver
2025-08-29,475260,10448,10473,10444,10468,Naver
2025-08-29,475280,10445,10465,10435,10455,Naver
2025-08-29,475300,8725,9375,8365,9060,Naver
2025-08-29,475310,12025,12410,11175,12005,Naver
2025-08-29,475350,12068,12874,11795,12874,Naver
2025-08-29,475380,9958,10057,9745,9933,Naver
2025-08-29,475630,1043890,1045923,1043890,1045923,Naver
2025-08-29,475720,8374,8503,8127,8358,Naver
2025-08-29,476000,8630,9535,8350,9275,Naver
2025-08-29,476030,13548,13857,13239,13792,Naver
2025-08-29,476070,8836,9350,8488,9275,Naver
2025-08-29,476260,6320,6550,6005,6385,Naver
2025-08-29,476310,7760,8381,7593,8273,Naver
2025-08-29,476450,51144,51271,51144,51271,Naver
2025-08-29,476550,7264,7393,7245,7316,Naver
2025-08-29,476750,8526,8770,8467,8642,Naver
2025-08-29,476760,9239,9447,9165,9249,Naver
2025-08-29,476800,4453,4506,4397,4492,Naver
2025-08-29,476850,10682,10980,10252,10616,Naver
2025-08-29,477050,51821,51939,51806,51939,Naver
2025-08-29,477080,104380,104580,104170,104580,Naver
2025-08-29,477490,16410,16940,16080,16885,Naver
2025-08-29,477730,8414,8859,8280,8504,Naver
2025-08-29,478150,17983,18277,17560,18192,Naver
2025-08-29,479080,52043,52157,52043,52157,Naver
2025-08-29,479520,103480,103684,103475,103684,Naver
2025-08-29,479620,11945,12430,11630,12235,Naver
2025-08-29,479730,9877,10873,9847,10544,Naver
2025-08-29,479850,16340,17860,15740,16565,Naver
2025-08-29,480020,10195,10512,9876,10339,Naver
2025-08-29,480030,9174,9286,8986,9261,Naver
2025-08-29,480040,8864,9076,8641,9018,Naver
2025-08-29,480260,53015,53164,52990,53154,Naver
2025-08-29,480310,11512,11787,11148,11787,Naver
2025-08-29,480460,9352,10037,9235,9309,Naver
2025-08-29,481050,1003378,1005174,1003378,1005174,Naver
2025-08-29,481060,7861,7976,7826,7913,Naver
2025-08-29,481180,14820,14990,13990,14620,Naver
2025-08-29,481190,14265,14720,13725,14635,Naver
2025-08-29,481340,9162,9346,9039,9163,Naver
2025-08-29,481430,106501,107133,106288,106846,Naver
2025-08-29,482030,7073,7597,6843,7078,Naver
2025-08-29,483020,9700,9820,9120,9705,Naver
2025-08-29,483030,8861,9527,8738,9279,Naver
2025-08-29,483240,11034,11256,10708,11123,Naver
2025-08-29,483290,8336,8675,8278,8606,Naver
2025-08-29,483320,10819,11158,10226,10944,Naver
2025-08-29,483330,14855,14855,12581,13124,Naver
2025-08-29,483340,11658,12240,11295,12200,Naver
2025-08-29,483570,13200,13710,12830,13590,Naver
2025-08-29,484880,15055,15775,14538,15088,Naver
2025-08-29,484890,51120,51214,51110,51199,Naver
2025-08-29,485540,12562,13047,12183,12862,Naver
2025-08-29,485690,14905,15195,14192,14811,Naver
2025-08-29,485810,8008,8676,7893,8431,Naver
2025-08-29,486240,9910,10155,9360,9695,Naver
2025-08-29,486290,8988,9170,8780,9133,Naver
2025-08-29,486450,18350,18490,16690,17630,Naver
2025-08-29,486830,51632,51746,51627,51746,Naver
2025-08-29,487130,10830,11415,10440,10975,Naver
2025-08-29,487230,17461,17680,15957,16646,Naver
2025-08-29,487240,16380,17275,14345,16060,Naver
2025-08-29,487340,102405,102617,102405,102617,Naver
2025-08-29,487910,9260,9750,8390,9490,Naver
2025-08-29,487920,8300,8720,7830,8355,Naver
2025-08-29,487950,9202,9490,8807,9100,Naver
2025-08-29,488080,6737,7197,6118,6518,Naver
2025-08-29,488200,8400,8975,8090,8180,Naver
2025-08-29,488210,8830,9240,8520,8925,Naver
2025-08-29,488480,10410,11478,10193,10907,Naver
2025-08-29,488500,10651,11039,10551,10984,Naver
2025-08-29,488720,51680,51819,51577,51715,Naver
2025-08-29,488770,101968,102180,101968,102180,Naver
2025-08-29,488980,50849,50961,50834,50951,Naver
2025-08-29,489000,9829,10071,9799,10011,Naver
2025-08-29,489010,15135,15880,14175,14675,Naver
2025-08-29,489030,9392,9415,9023,9292,Naver
2025-08-29,489290,13825,13995,13165,13920,Naver
2025-08-29,489860,12309,12459,11791,12225,Naver
2025-08-29,490090,12655,13034,12251,12949,Naver
2025-08-29,490330,8875,8875,8125,8570,Naver
2025-08-29,490480,26770,26915,22230,24810,Naver
2025-08-29,490490,9731,10015,9677,9986,Naver
2025-08-29,490590,10718,11578,10327,10769,Naver
2025-08-29,490600,7643,8050,7554,8000,Naver
2025-08-29,491010,17106,17341,15663,16887,Naver
2025-08-29,491090,13782,14407,13443,14227,Naver
2025-08-29,491220,51040,51810,49350,50820,Naver
2025-08-29,491230,50950,51048,50945,51048,Naver
2025-08-29,491510,12710,12955,12295,12775,Naver
2025-08-29,491610,101875,102073,101870,102073,Naver
2025-08-29,491620,9140,9323,8843,9319,Naver
2025-08-29,491630,15626,15943,14821,14912,Naver
2025-08-29,491700,43466,44071,42215,43401,Naver
2025-08-29,491820,19885,20830,17330,19400,Naver
2025-08-29,491830,13278,13712,12898,13493,Naver
2025-08-29,492500,50862,51034,50847,51005,Naver
2025-08-29,493420,9975,10250,9632,10156,Naver
2025-08-29,493810,9704,10000,9354,9928,Naver
2025-08-29,494180,11572,12620,11208,12361,Naver
2025-08-29,494210,9414,9646,9194,9599,Naver
2025-08-29,494220,11995,12320,10965,11905,Naver
2025-08-29,494300,8463,8520,8200,8481,Naver
2025-08-29,494310,11515,12495,10580,11800,Naver
2025-08-29,494330,13604,13762,12848,13510,Naver
2025-08-29,494340,13213,13213,11976,12734,Naver
2025-08-29,494410,11599,12097,11429,11899,Naver
2025-08-29,494420,8154,8618,8154,8562,Naver
2025-08-29,494670,24271,26097,21795,25768,Naver
2025-08-29,494840,11068,11595,11028,11560,Naver
2025-08-29,494890,12403,12652,12044,12438,Naver
2025-08-29,495040,12327,12506,11860,12304,Naver
2025-08-29,495050,12394,12592,11924,12419,Naver
2025-08-29,495060,12300,12405,11550,12170,Naver
2025-08-29,495230,12467,12640,11925,12411,Naver
2025-08-29,495550,12670,12865,12210,12620,Naver
2025-08-29,495710,50713,50812,50713,50812,Naver
2025-08-29,495750,12321,12579,11942,12421,Naver
2025-08-29,495850,12341,12560,11918,12377,Naver
2025-08-29,495940,11638,12157,11209,11773,Naver
2025-08-29,496020,50702,50830,50702,50825,Naver
2025-08-29,496090,12425,12584,11942,12430,Naver
2025-08-29,496120,12586,12814,12172,12620,Naver
2025-08-29,496770,16105,16590,15685,16440,Naver
2025-08-29,497510,9616,10087,9037,9869,Naver
2025-08-29,497520,10207,10505,9571,10292,Naver
2025-08-29,497570,12177,12746,11987,12502,Naver
2025-08-29,497780,9032,9115,8703,9028,Naver
2025-08-29,497880,49056,49170,49051,49160,Naver
2025-08-29,498050,11945,12635,11590,12425,Naver
2025-08-29,498180,99427,99848,99427,99621,Naver
2025-08-29,498270,10978,11303,10509,11213,Naver
2025-08-29,498400,9933,10055,9603,9891,Naver
2025-08-29,498410,11215,11590,10753,11112,Naver
2025-08-29,498610,9856,10202,9613,9747,Naver
2025-08-29,499150,10025,10670,9915,10354,Naver
2025-08-29,499660,982374,984363,982374,984363,Naver
2025-09-01,0000H0,10255,10980,10185,10320,Yahoo
2025-09-01,0021D0,10635,10880,10490,10810,Yahoo
2025-09-01,0023B0,13495,18525,13185,17700,Yahoo
2025-09-01,0048J0,13905,14190,13795,14035,Yahoo
2025-09-01,0083S0,10460,11255,10435,10915,Yahoo
2025-09-01,0092B0,9850,10165,9365,9400,Yahoo
2025-09-01,0093B0,9985,10700,9910,10625,Yahoo
2025-09-01,0094M0,9965,11070,9925,10925,Yahoo
2025-09-01,0105E0,10145,10170,9720,9845,Yahoo
2025-09-01,091170,11470,12380,11140,11905,Yahoo
2025-09-01,099140,23060,24765,22865,24680,Yahoo
2025-09-01,104530,14780,15655,14610,15210,Yahoo
2025-09-01,105780,6860,7650,6800,7410,Yahoo
2025-09-01,114460,104140,104170,103345,103380,Yahoo
2025-09-01,122260,105015,105155,104990,105130,Yahoo
2025-09-01,136340,107680,107935,107125,107165,Yahoo
2025-09-01,138910,7330,7870,7290,7850,Yahoo
2025-09-01,139220,4280,4460,4090,4100,Yahoo
2025-09-01,139280,11370,11885,11315,11510,Yahoo
2025-09-01,139320,14895,16990,14890,16655,Yahoo
2025-09-01,147970,44755,48745,44175,47070,Yahoo
2025-09-01,153270,31920,37200,31590,35730,Yahoo
2025-09-01,174360,21230,23095,20570,22680,Yahoo
2025-09-01,182480,12530,12805,12420,12635,Yahoo
2025-09-01,195920,26170,34030,25670,26730,Yahoo
2025-09-01,196030,51375,56475,50760,55795,Yahoo
2025-09-01,217770,2635,2700,2540,2615,Yahoo
2025-09-01,219480,28775,29715,28480,29545,Yahoo
2025-09-01,245340,30940,31865,30660,31705,Yahoo
2025-09-01,251600,13895,14200,13790,13830,Yahoo
2025-09-01,252000,14385,15250,14315,14740,Yahoo
2025-09-01,261140,14030,15345,13870,14925,Yahoo
2025-09-01,280920,13180,14560,12980,14380,Yahoo
2025-09-01,287180,38340,41400,37390,41145,Yahoo
2025-09-01,292770,55580,55965,55580,55965,Yahoo
2025-09-01,293180,43070,48655,42560,47785,Yahoo
2025-09-01,316670,6595,7310,6500,6980,Yahoo
2025-09-01,325020,16720,17750,16510,17270,Yahoo
2025-09-01,328370,17560,19355,17335,18970,Yahoo
2025-09-01,329750,12810,13060,12700,12970,Yahoo
2025-09-01,360150,8210,8355,7780,7795,Yahoo
2025-09-01,365780,91920,92685,91045,91325,Yahoo
2025-09-01,367770,14805,15530,14695,15185,Yahoo
2025-09-01,371150,8730,10060,8425,9765,Yahoo
2025-09-01,372330,8820,10010,8560,9950,Yahoo
2025-09-01,385710,8760,9295,8610,9040,Yahoo
2025-09-01,394660,12155,13280,11775,13185,Yahoo
2025-09-01,395760,10560,11570,10400,11285,Yahoo
2025-09-01,400570,10320,11035,10320,10930,Yahoo
2025-09-01,411420,17475,20135,17450,19645,Yahoo
2025-09-01,418670,14585,15985,14150,15145,Yahoo
2025-09-01,429760,16645,17555,16515,17280,Yahoo
2025-09-01,434060,15235,15700,15100,15625,Yahoo
2025-09-01,437070,60630,62540,60630,62050,Yahoo
2025-09-01,438330,117715,118010,117065,117165,Yahoo
2025-09-01,440650,11690,11905,11585,11815,Yahoo
2025-09-01,442090,14905,16265,14825,15685,Yahoo
2025-09-01,442260,15130,17080,14880,16785,Yahoo
2025-09-01,442560,13960,15285,13775,14355,Yahoo
2025-09-01,444200,23190,25625,22825,25285,Yahoo
2025-09-01,449190,18115,19105,17950,18980,Yahoo
2025-09-01,449690,19970,24115,18735,23930,Yahoo
2025-09-01,450910,12965,14400,12810,13685,Yahoo
2025-09-01,451530,59945,61400,58327,58620,Yahoo
2025-09-01,453010,108275,108495,108275,108490,Yahoo
2025-09-01,453650,18515,18885,18110,18650,Yahoo
2025-09-01,457990,16145,17835,15900,16715,Yahoo
2025-09-01,459560,16100,18675,15900,18180,Yahoo
2025-09-01,464470,50350,52755,49740,52495,Yahoo
2025-09-01,464600,9690,10415,9545,9820,Yahoo
2025-09-01,464610,11580,12310,11250,11520,Yahoo
2025-09-01,466950,19845,23080,19525,22560,Yahoo
2025-09-01,471230,114595,115510,113440,113740,Yahoo
2025-09-01,473490,18975,19350,17865,19105,Yahoo
2025-09-01,474800,11180,11820,11000,11510,Yahoo
2025-09-01,475270,10580,10595,10575,10595,Yahoo
2025-09-01,476690,8785,9075,8555,8680,Yahoo
2025-09-01,482730,11030,11455,10955,11355,Yahoo
2025-09-01,483280,11505,12440,11420,12245,Yahoo
2025-09-01,483420,11545,13010,11415,12770,Yahoo
2025-09-01,484790,8805,9245,8720,9115,Yahoo
2025-09-01,487750,8480,10780,8345,10440,Yahoo
2025-09-01,488290,25540,27700,24390,26840,Yahoo
2025-09-01,489250,10565,10610,10250,10420,Yahoo
2025-09-01,495330,12425,14020,12220,13685,Yahoo
2025-09-01,496080,12480,14115,12300,13845,Yahoo
2025-09-01,496130,12655,14040,12580,13560,Yahoo
2025-09-01,498860,13585,14930,13425,13995,Yahoo
2025-09-30,0000D0,8993,9344,8788,9245,Naver
2025-09-30,0000J0,24890,27040,24850,26400,Naver
2025-09-30,0000Y0,99583,99685,99563,99675,Naver
2025-09-30,0000Z0,11985,13645,11790,12940,Naver
2025-09-30,0001P0,9675,10500,9435,9750,Naver
2025-09-30,0002C0,10310,10670,10205,10305,Naver
2025-09-30,0004G0,9131,9305,9009,9049,Naver
2025-09-30,0005A0,8489,8870,8433,8820,Naver
2025-09-30,0005C0,10711,11065,10524,10986,Naver
2025-09-30,0005D0,10536,11126,10172,10516,Naver
2025-09-30,0005G0,12878,15480,12075,14922,Naver
2025-09-30,0007F0,10129,10143,10109,10119,Naver
2025-09-30,0007G0,12954,15457,12819,15203,Naver
2025-09-30,0007N0,43205,49045,42860,48215,Naver
2025-09-30,0008E0,10490,11070,10270,10980,Naver
2025-09-30,0008S0,8300,8411,8090,8203,Naver
2025-09-30,0008T0,14362,14906,13697,14422,Naver
2025-09-30,0013P0,10699,11117,10166,11103,Naver
2025-09-30,0013R0,8277,9113,8125,9096,Naver
2025-09-30,0015B0,11775,13795,11415,13005,Naver
2025-09-30,0015E0,10460,10843,10117,10555,Naver
2025-09-30,0015F0,10440,11107,10322,10974,Naver
2025-09-30,0015K0,8625,8944,8531,8794,Naver
2025-09-30,0016X0,50450,50564,50420,50509,Naver
2025-09-30,0017Y0,100404,100844,99889,100092,Naver
2025-09-30,0018C0,10862,11103,10602,10671,Naver
2025-09-30,0018Z0,13492,16484,13168,15896,Naver
2025-09-30,0019K0,10930,11769,10861,11519,Naver
2025-09-30,0020H0,13720,20000,13335,17835,Naver
2025-09-30,0021C0,11033,11627,10953,11567,Naver
2025-09-30,0021E0,10779,11332,10744,11252,Naver
2025-09-30,0022T0,10751,12166,10747,12094,Naver
2025-09-30,0023A0,16987,25581,16647,24037,Naver
2025-09-30,0025N0,10566,10976,10516,10902,Naver
2025-09-30,0026E0,10143,10407,10109,10352,Naver
2025-09-30,0026S0,10900,11348,10820,11323,Naver
2025-09-30,0028X0,12414,12754,12099,12424,Naver
2025-09-30,0035T0,12307,14671,12163,14452,Naver
2025-09-30,0036D0,9916,10055,9709,10000,Naver
2025-09-30,0036R0,12923,14127,12719,14017,Naver
2025-09-30,0036Z0,10114,10740,9958,10525,Naver
2025-09-30,0038A0,13368,14721,13238,14561,Naver
2025-09-30,0040S0,13447,15581,12867,15416,Naver
2025-09-30,0040X0,9631,10409,9562,10277,Naver
2025-09-30,0040Y0,8731,9072,8671,8952,Naver
2025-09-30,0041D0,13989,15989,13750,15774,Naver
2025-09-30,0041E0,12293,12969,12148,12920,Naver
2025-09-30,0043B0,100374,100592,100369,100592,Naver
2025-09-30,0043Y0,12780,14609,11940,14599,Naver
2025-09-30,0046A0,9441,9622,9368,9548,Naver
2025-09-30,0046Y0,10940,11441,10751,11212,Naver
2025-09-30,0047A0,12163,13869,11235,13680,Naver
2025-09-30,0047N0,10736,13036,10432,12662,Naver
2025-09-30,0047P0,12006,13379,11683,13279,Naver
2025-09-30,0047R0,12321,13338,12096,13254,Naver
2025-09-30,0048K0,10270,12508,9785,12118,Naver
2025-09-30,0049K0,10337,10565,10194,10471,Naver
2025-09-30,0049M0,10113,10905,10054,10477,Naver
2025-09-30,0050E0,9800,9830,8725,9805,Naver
2025-09-30,0051A0,12305,14445,12240,14195,Naver
2025-09-30,0051G0,14278,17797,14053,17058,Naver
2025-09-30,0052D0,11865,12371,11810,11961,Naver
2025-09-30,0052S0,10605,10992,10560,10877,Naver
2025-09-30,0052T0,49780,49899,49756,49835,Naver
2025-09-30,0053L0,11562,14478,10997,14438,Naver
2025-09-30,0053M0,9385,10600,9205,10205,Naver
2025-09-30,0057H0,10773,10977,10585,10902,Naver
2025-09-30,0060H0,10649,11096,10555,11076,Naver
2025-09-30,0061Z0,49654,49752,49649,49752,Naver
2025-09-30,0064K0,10090,11500,10090,11475,Naver
2025-09-30,0065G0,10461,12439,10431,12199,Naver
2025-09-30,0066W0,10120,11550,10085,11525,Naver
2025-09-30,0067V0,10853,12858,10715,12799,Naver
2025-09-30,0067Y0,12290,13724,11291,13599,Naver
2025-09-30,0068M0,10745,11050,10620,10955,Naver
2025-09-30,0069M0,10857,11491,10768,11481,Naver
2025-09-30,0072R0,10340,13105,10340,13060,Naver
2025-09-30,0073X0,9885,11160,9740,11142,Naver
2025-09-30,0074K0,10935,11360,10710,11145,Naver
2025-09-30,0078V0,10530,13134,10365,13099,Naver
2025-09-30,0079X0,11830,13461,11556,13387,Naver
2025-09-30,0080G0,9950,11360,9890,11175,Naver
2025-09-30,0080X0,10160,10675,10160,10507,Naver
2025-09-30,0080Y0,17338,18212,15250,16934,Naver
2025-09-30,0082F0,9951,11320,9921,11305,Naver
2025-09-30,0082V0,10224,10558,10117,10483,Naver
2025-09-30,0084D0,9950,10304,9837,10289,Naver
2025-09-30,0085N0,9935,10101,9875,10038,Naver
2025-09-30,0085P0,9953,10207,9913,10166,Naver
2025-09-30,0086B0,9753,10014,9720,9893,Naver
2025-09-30,0086C0,9881,10083,9866,9929,Naver
2025-09-30,0087F0,10345,12988,10015,12188,Naver
2025-09-30,0088N0,9470,10450,9270,9980,Naver
2025-09-30,0089B0,9942,10411,9902,10281,Naver
2025-09-30,0089C0,9937,10337,9859,10318,Naver
2025-09-30,0089D0,9562,10496,9377,10084,Naver
2025-09-30,0090B0,11307,12566,11177,11927,Naver
2025-09-30,0091C0,9830,9975,9790,9889,Naver
2025-09-30,0091M0,10010,10025,10005,10020,Naver
2025-09-30,0091P0,9805,10025,9245,9300,Naver
2025-09-30,0092C0,49738,49827,49693,49725,Naver
2025-09-30,0093A0,10226,14075,10136,13650,Naver
2025-09-30,0093D0,10115,11610,9870,11325,Naver
2025-09-30,0094K0,99905,100140,99745,99805,Naver
2025-09-30,0094L0,9682,10854,9098,10746,Naver
2025-09-30,0094X0,10194,11468,9665,11253,Naver
2025-09-30,0097L0,9791,10717,9727,10311,Naver
2025-09-30,0098F0,9800,9940,9355,9400,Naver
2025-09-30,0098N0,10030,10324,9505,9573,Naver
2025-09-30,0098Z0,41215,41320,39865,40655,Naver
2025-09-30,0099L0,99352,99511,99228,99272,Naver
2025-09-30,0100K0,10115,11425,10105,11040,Naver
2025-09-30,0101N0,10025,10245,9485,9635,Naver
2025-09-30,0102A0,10275,11989,10240,11764,Naver
2025-09-30,0102X0,10239,10659,10094,10644,Naver
2025-09-30,0103T0,10561,10576,10257,10257,Naver
2025-09-30,0104G0,10110,10615,10110,10420,Naver
2025-09-30,0104H0,9986,9991,9971,9986,Naver
2025-09-30,0104N0,9799,9804,9444,9636,Naver
2025-09-30,0104P0,9407,9487,9137,9218,Naver
2025-09-30,0105D0,10275,10390,9895,10185,Naver
2025-09-30,0107F0,9881,9921,9773,9808,Naver
2025-09-30,0111P0,9916,9951,9896,9936,Naver
2025-09-30,0113P0,99781,99781,99771,99781,Naver
2025-09-30,069500,42660,48355,42221,47468,Naver
2025-09-30,069660,42560,48208,42148,47419,Naver
2025-09-30,091160,36690,47220,36175,45965,Naver
2025-09-30,091180,20018,20273,18836,19035,Naver
2025-09-30,091220,11717,12674,11416,12255,Naver
2025-09-30,091230,38175,49303,37566,47790,Naver
2025-09-30,100910,6651,7514,6559,7359,Naver
2025-09-30,101280,24162,26196,23760,24817,Naver
2025-09-30,102110,42574,48314,42162,47399,Naver
2025-09-30,102780,10165,11455,10115,11155,Naver
2025-09-30,102960,11510,12055,11315,11795,Naver
2025-09-30,102970,12895,15245,12575,13975,Naver
2025-09-30,104520,10164,10942,10164,10638,Naver
2025-09-30,105010,4755,5020,4691,4967,Naver
2025-09-30,105190,42892,48523,42414,47702,Naver
2025-09-30,108450,17005,19145,16960,18780,Naver
2025-09-30,108590,42577,48352,42384,47536,Naver
2025-09-30,114100,108436,108644,108086,108146,Naver
2025-09-30,114260,62254,62377,62032,62076,Naver
2025-09-30,114470,109641,109840,109252,109321,Naver
2025-09-30,114800,3520,3560,3105,3160,Naver
2025-09-30,114820,105909,107437,105547,105627,Naver
2025-09-30,117460,11115,12075,10825,11470,Naver
2025-09-30,117680,11004,12312,10771,11289,Naver
2025-09-30,117690,21077,24063,21077,23169,Naver
2025-09-30,117700,4030,4110,3775,3810,Naver
2025-09-30,122090,29045,33328,28692,32845,Naver
2025-09-30,122630,24315,31160,23830,29930,Naver
2025-09-30,123310,3915,3975,3470,3530,Naver
2025-09-30,123320,24038,30783,23511,29611,Naver
2025-09-30,130680,4148,4262,4009,4118,Naver
2025-09-30,130730,100569,100768,100569,100734,Naver
2025-09-30,131890,21860,23915,21670,23190,Naver
2025-09-30,132030,20289,22572,20279,22568,Naver
2025-09-30,133690,144400,153106,143413,152913,Naver
2025-09-30,137610,5204,5229,5050,5095,Naver
2025-09-30,138230,15763,16075,15625,15951,Naver
2025-09-30,138520,13724,15682,13694,15268,Naver
2025-09-30,138530,7440,7869,7171,7645,Naver
2025-09-30,138540,36181,37173,34925,35155,Naver
2025-09-30,138920,11234,11234,10696,10706,Naver
2025-09-30,139230,11801,12610,11621,12270,Naver
2025-09-30,139240,11129,12494,10884,11458,Naver
2025-09-30,139250,11614,12678,11389,11884,Naver
2025-09-30,139260,31764,39688,31530,38405,Naver
2025-09-30,139270,11476,12488,11268,11888,Naver
2025-09-30,139290,18252,18272,17306,17425,Naver
2025-09-30,139660,8420,8500,8275,8320,Naver
2025-09-30,140570,15060,15910,14810,15420,Naver
2025-09-30,140580,15610,16510,15495,15970,Naver
2025-09-30,140700,11920,13050,11855,12415,Naver
2025-09-30,140710,6140,6300,5745,5755,Naver
2025-09-30,140950,32437,36776,31978,36188,Naver
2025-09-30,143850,67696,69848,67043,69472,Naver
2025-09-30,143860,40510,44365,40290,41990,Naver
2025-09-30,144600,6958,8129,6953,8109,Naver
2025-09-30,145670,4415,4455,3890,3950,Naver
2025-09-30,145850,47480,52505,47078,51624,Naver
2025-09-30,148020,42955,48683,42502,47788,Naver
2025-09-30,148070,113097,114016,111980,112275,Naver
2025-09-30,150460,7844,8168,7639,7799,Naver
2025-09-30,152100,43314,49116,42906,48230,Naver
2025-09-30,152380,70306,70919,69618,69777,Naver
2025-09-30,152500,9843,12583,9631,12129,Naver
2025-09-30,152870,43075,48856,42741,48063,Naver
2025-09-30,153130,111852,112015,111847,112005,Naver
2025-09-30,156080,19370,22035,19180,21695,Naver
2025-09-30,157450,110054,113286,110054,110227,Naver
2025-09-30,157490,9190,9990,9060,9725,Naver
2025-09-30,157500,8750,10387,8550,9500,Naver
2025-09-30,159800,32885,37515,32590,36930,Naver
2025-09-30,160580,11730,12530,11690,12490,Naver
2025-09-30,161510,18936,19802,18787,19119,Naver
2025-09-30,166400,13866,15771,13610,15328,Naver
2025-09-30,167860,110888,112375,108600,109068,Naver
2025-09-30,168580,31717,33120,30482,33042,Naver
2025-09-30,169950,24025,24758,23342,24610,Naver
2025-09-30,174350,16155,17099,16111,16530,Naver
2025-09-30,176950,53687,54266,53310,54266,Naver
2025-09-30,181480,81114,82161,79661,81043,Naver
2025-09-30,182490,13615,13749,13211,13719,Naver
2025-09-30,183700,65640,68264,65362,67832,Naver
2025-09-30,183710,46029,50290,45800,49693,Naver
2025-09-30,185680,26860,29860,26750,29860,Naver
2025-09-30,189400,21825,22730,21805,22685,Naver
2025-09-30,190620,99706,99901,99701,99857,Naver
2025-09-30,192090,11417,11929,10583,11905,Naver
2025-09-30,192720,41946,44140,41646,42514,Naver
2025-09-30,195930,19557,20011,19273,19911,Naver
2025-09-30,195970,13995,14410,13725,14100,Naver
2025-09-30,195980,11215,12155,11200,11905,Naver
2025-09-30,196230,114452,114629,114452,114615,Naver
2025-09-30,200030,36595,37300,35925,37125,Naver
2025-09-30,200250,24360,25125,24100,24335,Naver
2025-09-30,203780,23846,24731,23662,24711,Naver
2025-09-30,204450,2895,3325,2825,3200,Naver
2025-09-30,204480,22853,24926,21395,24817,Naver
2025-09-30,205720,2093,2093,1995,2013,Naver
2025-09-30,210780,18654,19504,18490,18793,Naver
2025-09-30,211560,24361,26055,24187,24720,Naver
2025-09-30,211900,19447,20746,19307,19724,Naver
2025-09-30,213610,9990,11175,9855,10855,Naver
2025-09-30,213630,18317,18797,17936,18228,Naver
2025-09-30,214980,113159,113341,113149,113336,Naver
2025-09-30,215620,15735,16350,15645,15890,Naver
2025-09-30,217780,6341,6418,5924,5934,Naver
2025-09-30,218420,14360,15130,13910,14730,Naver
2025-09-30,219390,5895,6135,5710,5940,Naver
2025-09-30,219900,3786,4267,3617,4242,Naver
2025-09-30,220130,5770,6070,5415,6065,Naver
2025-09-30,223190,13980,15180,13800,14965,Naver
2025-09-30,225030,2621,2646,2538,2553,Naver
2025-09-30,225040,51086,54466,50120,53812,Naver
2025-09-30,225050,12009,13356,11743,12943,Naver
2025-09-30,225060,9669,11179,9530,10931,Naver
2025-09-30,225130,36941,45723,36926,45475,Naver
2025-09-30,225800,14788,15392,14575,15154,Naver
2025-09-30,226380,7060,7395,6965,7110,Naver
2025-09-30,226490,32330,35800,32055,35050,Naver
2025-09-30,226980,17955,19170,17705,18385,Naver
2025-09-30,227540,19200,20970,19110,19900,Naver
2025-09-30,227550,9710,10340,9615,10125,Naver
2025-09-30,227560,11556,11974,11451,11611,Naver
2025-09-30,227570,14985,15650,14755,14905,Naver
2025-09-30,227830,32735,35938,32316,35370,Naver
2025-09-30,228790,3984,4014,3794,3939,Naver
2025-09-30,228800,3625,3910,3525,3645,Naver
2025-09-30,228810,6960,7105,6570,6660,Naver
2025-09-30,228820,9083,10002,9014,9962,Naver
2025-09-30,229200,13235,14675,13060,13950,Naver
2025-09-30,229720,18105,19955,17915,19810,Naver
2025-09-30,230480,4775,4870,4620,4695,Naver
2025-09-30,232080,13565,15065,13375,14335,Naver
2025-09-30,233160,9740,11991,9481,10808,Naver
2025-09-30,233740,8675,10640,8450,9605,Naver
2025-09-30,234310,16220,17805,15995,17335,Naver
2025-09-30,236350,37074,39620,37074,37537,Naver
2025-09-30,237350,33080,37535,32635,36910,Naver
2025-09-30,237370,14085,14343,14042,14100,Naver
2025-09-30,237440,9881,10005,9866,9891,Naver
2025-09-30,238670,11835,12005,11770,11895,Naver
2025-09-30,238720,30107,32571,29715,32120,Naver
2025-09-30,239660,119890,120063,119836,119939,Naver
2025-09-30,241180,23688,25831,23337,25411,Naver
2025-09-30,241390,12639,13120,12501,12882,Naver
2025-09-30,243880,32627,49610,31498,46019,Naver
2025-09-30,243890,4787,5843,4712,5079,Naver
2025-09-30,244580,9390,10755,9225,10160,Naver
2025-09-30,244620,14507,15316,14337,14786,Naver
2025-09-30,244660,8900,9260,8800,9000,Naver
2025-09-30,244670,9530,10017,9421,9570,Naver
2025-09-30,245350,16513,16766,16115,16706,Naver
2025-09-30,245360,13249,14071,13021,14041,Naver
2025-09-30,245710,28010,28180,26210,27671,Naver
2025-09-30,248270,22155,23197,21886,22016,Naver
2025-09-30,250730,10475,11399,10355,11118,Naver
2025-09-30,250780,3505,3575,3145,3310,Naver
2025-09-30,251340,3475,3520,3115,3280,Naver
2025-09-30,251350,33104,34411,32820,34307,Naver
2025-09-30,251590,15206,15980,14992,15389,Naver
2025-09-30,252400,22175,28403,21729,27347,Naver
2025-09-30,252410,4530,4575,3995,4060,Naver
2025-09-30,252420,1338,1366,1038,1077,Naver
2025-09-30,252650,13821,14540,13591,13976,Naver
2025-09-30,252670,1331,1358,1031,1069,Naver
2025-09-30,252710,1408,1440,1093,1134,Naver
2025-09-30,253150,44430,57157,44059,55059,Naver
2025-09-30,253160,2695,2790,2115,2190,Naver
2025-09-30,253230,1354,1372,1041,1080,Naver
2025-09-30,253240,4570,4615,4025,4090,Naver
2025-09-30,253250,21973,28032,21458,26996,Naver
2025-09-30,253280,14660,15760,14490,14820,Naver
2025-09-30,253290,12192,12620,12172,12211,Naver
2025-09-30,256440,8386,8520,8017,8231,Naver
2025-09-30,256450,12395,13995,11700,13825,Naver
2025-09-30,256750,12585,14395,12000,14310,Naver
2025-09-30,261060,13115,16330,12950,15785,Naver
2025-09-30,261070,15815,17500,15610,16250,Naver
2025-09-30,261110,15655,16247,15394,15995,Naver
2025-09-30,261120,5435,5534,5237,5311,Naver
2025-09-30,261220,14590,15000,14115,14505,Naver
2025-09-30,261240,13881,14183,13797,14079,Naver
2025-09-30,261250,15616,16231,15378,15993,Naver
2025-09-30,261260,5505,5585,5295,5375,Naver
2025-09-30,261270,8090,8170,7945,8010,Naver
2025-09-30,261920,13416,13638,12681,12691,Naver
2025-09-30,266160,16564,17895,16365,17527,Naver
2025-09-30,266360,13440,14310,13240,13710,Naver
2025-09-30,266370,18220,22335,17960,21750,Naver
2025-09-30,266390,9600,10195,9335,9470,Naver
2025-09-30,266410,8400,8675,8235,8390,Naver
2025-09-30,266420,18290,20050,18200,19000,Naver
2025-09-30,266550,14850,15495,14545,14970,Naver
2025-09-30,267440,8322,8601,8234,8508,Naver
2025-09-30,267450,10892,10981,10587,10651,Naver
2025-09-30,267490,5506,5870,5418,5762,Naver
2025-09-30,267770,18461,23661,18079,22739,Naver
2025-09-30,269370,15885,16181,15550,15899,Naver
2025-09-30,269420,20217,20881,19882,20487,Naver
2025-09-30,269530,18505,18999,18180,18757,Naver
2025-09-30,269540,25665,26515,25405,26390,Naver
2025-09-30,270800,12911,13865,12807,13219,Naver
2025-09-30,270810,13200,14600,12990,13910,Naver
2025-09-30,271050,4040,4165,3920,4045,Naver
2025-09-30,271060,7805,8005,7670,7755,Naver
2025-09-30,272560,112455,112603,112455,112583,Naver
2025-09-30,272570,110786,111023,110238,110282,Naver
2025-09-30,272580,55667,55766,55662,55766,Naver
2025-09-30,272910,108340,108597,107895,107915,Naver
2025-09-30,273130,117237,117872,116656,116897,Naver
2025-09-30,273140,112901,113187,112901,113149,Naver
2025-09-30,275280,18650,20510,18540,20245,Naver
2025-09-30,275290,12790,14465,12635,14040,Naver
2025-09-30,275300,10460,12220,10320,12040,Naver
2025-09-30,275750,3500,3530,3135,3290,Naver
2025-09-30,275980,18737,19800,18419,19676,Naver
2025-09-30,276000,16116,16590,15861,16440,Naver
2025-09-30,276650,34528,37558,34145,36791,Naver
2025-09-30,276970,7422,7526,7277,7297,Naver
2025-09-30,276990,20545,21565,20000,21030,Naver
2025-09-30,277540,19114,22350,18818,21233,Naver
2025-09-30,277630,32810,36209,32466,35486,Naver
2025-09-30,277640,15977,17759,15777,17425,Naver
2025-09-30,277650,17780,18810,17440,18015,Naver
2025-09-30,278240,9729,11954,9455,10809,Naver
2025-09-30,278530,15330,17355,15165,17045,Naver
2025-09-30,278540,14305,16300,14130,16085,Naver
2025-09-30,278620,116654,116866,116654,116842,Naver
2025-09-30,279530,12688,13180,12579,12777,Naver
2025-09-30,279540,12345,13600,12270,13235,Naver
2025-09-30,280320,21254,22236,21052,21821,Naver
2025-09-30,280930,13932,14540,13702,14251,Naver
2025-09-30,280940,4365,4395,3935,3980,Naver
2025-09-30,281990,14600,15425,14442,14674,Naver
2025-09-30,282000,109432,110094,109388,110074,Naver
2025-09-30,283580,14030,14678,13547,14678,Naver
2025-09-30,284430,14286,15067,14177,14994,Naver
2025-09-30,284980,15218,16573,14956,15856,Naver
2025-09-30,285690,13610,14465,13510,14040,Naver
2025-09-30,289040,12320,14055,12320,13860,Naver
2025-09-30,289250,12482,14119,12407,13949,Naver
2025-09-30,289260,10791,12594,10746,12324,Naver
2025-09-30,289480,8292,8717,8203,8687,Naver
2025-09-30,289670,56353,56799,55769,55883,Naver
2025-09-30,290080,8775,8988,8576,8620,Naver
2025-09-30,290130,15625,18105,15380,17870,Naver
2025-09-30,291130,14841,16355,14757,16345,Naver
2025-09-30,291620,6210,6280,5570,5865,Naver
2025-09-30,291630,4290,5295,4185,4785,Naver
2025-09-30,291680,7591,7680,7076,7203,Naver
2025-09-30,291890,9405,10046,9305,9961,Naver
2025-09-30,292050,20507,23127,20252,22623,Naver
2025-09-30,292150,12828,15282,12653,15207,Naver
2025-09-30,292160,20189,22635,19855,22176,Naver
2025-09-30,292190,20045,22595,19775,22145,Naver
2025-09-30,292500,20357,22979,20113,22490,Naver
2025-09-30,292560,8776,8805,8677,8785,Naver
2025-09-30,294400,55670,63000,55070,61915,Naver
2025-09-30,295000,55669,56141,55097,55202,Naver
2025-09-30,295020,53867,54564,53398,54405,Naver
2025-09-30,295040,15940,17995,15740,17695,Naver
2025-09-30,298340,56737,57063,56549,56549,Naver
2025-09-30,298770,29274,33850,28649,33220,Naver
2025-09-30,300610,7070,7440,6880,7000,Naver
2025-09-30,300640,8400,8845,8180,8305,Naver
2025-09-30,300950,6840,7335,6655,6830,Naver
2025-09-30,301400,13485,15000,13220,14120,Naver
2025-09-30,301410,5275,5300,4725,4955,Naver
2025-09-30,302190,52320,52598,51984,52058,Naver
2025-09-30,302450,32682,36001,32343,35356,Naver
2025-09-30,304660,7460,7840,7395,7770,Naver
2025-09-30,304670,11946,12030,11362,11496,Naver
2025-09-30,304760,19529,22098,19405,21768,Naver
2025-09-30,304770,13270,14730,13080,13965,Naver
2025-09-30,304780,26945,34640,26680,33420,Naver
2025-09-30,304940,26596,28010,26319,27822,Naver
2025-09-30,305050,33000,36340,32500,35545,Naver
2025-09-30,305080,12554,12783,12529,12723,Naver
2025-09-30,305540,14725,15270,14360,14555,Naver
2025-09-30,305720,11850,12210,11535,11655,Naver
2025-09-30,306520,8120,8285,7210,7315,Naver
2025-09-30,306530,8630,10685,8430,9615,Naver
2025-09-30,306950,18910,24080,18600,23080,Naver
2025-09-30,307510,17470,19050,17115,18460,Naver
2025-09-30,307520,13638,15009,13438,13727,Naver
2025-09-30,308620,11761,11973,11741,11914,Naver
2025-09-30,309230,27480,27878,26948,27793,Naver
2025-09-30,310080,10599,11584,10442,11413,Naver
2025-09-30,310960,24855,28135,24610,27685,Naver
2025-09-30,310970,17990,20500,17765,20160,Naver
2025-09-30,314250,53348,57044,52775,55962,Naver
2025-09-30,314700,10135,10665,9945,10045,Naver
2025-09-30,315270,21648,22754,21294,22072,Naver
2025-09-30,315930,26485,31290,26085,30965,Naver
2025-09-30,315960,23710,27850,23315,27370,Naver
2025-09-30,316300,13227,13779,13086,13660,Naver
2025-09-30,319640,21415,23826,21390,23767,Naver
2025-09-30,321410,10109,10251,10036,10207,Naver
2025-09-30,322400,11465,12450,11290,12270,Naver
2025-09-30,322410,16819,17203,16593,16718,Naver
2025-09-30,325010,17580,19750,17300,19425,Naver
2025-09-30,326230,10015,10370,9835,10030,Naver
2025-09-30,326240,16970,19930,16775,19500,Naver
2025-09-30,329200,4066,4199,4056,4172,Naver
2025-09-30,329650,13886,14050,13769,13990,Naver
2025-09-30,329660,16636,16995,16504,16980,Naver
2025-09-30,329670,19653,20185,19560,20170,Naver
2025-09-30,332500,28605,32290,28275,31780,Naver
2025-09-30,332610,124303,126803,123501,125952,Naver
2025-09-30,332620,90788,95098,89915,94754,Naver
2025-09-30,332930,55735,62910,55115,61960,Naver
2025-09-30,332940,17775,20410,17665,20125,Naver
2025-09-30,334690,5515,6492,5450,6367,Naver
2025-09-30,334700,4748,4787,4032,4130,Naver
2025-09-30,336160,101799,102039,101647,101662,Naver
2025-09-30,337120,15185,16775,15015,16515,Naver
2025-09-30,337140,15430,17140,15230,16815,Naver
2025-09-30,337150,15560,17025,15350,16685,Naver
2025-09-30,337160,16569,19042,16489,18707,Naver
2025-09-30,341850,4633,4758,4583,4677,Naver
2025-09-30,352540,11836,12175,11633,11943,Naver
2025-09-30,352560,11789,11877,11584,11721,Naver
2025-09-30,354240,10900,11379,10820,11196,Naver
2025-09-30,354350,20865,21240,20335,21135,Naver
2025-09-30,354500,13295,15300,13145,14020,Naver
2025-09-30,356540,107812,108395,107195,107225,Naver
2025-09-30,357870,56410,56525,56405,56520,Naver
2025-09-30,359210,16165,17830,16000,17510,Naver
2025-09-30,360140,10448,11022,10279,11007,Naver
2025-09-30,360200,22461,23427,22316,23352,Naver
2025-09-30,360750,22251,23162,22081,23117,Naver
2025-09-30,361580,24050,27285,23830,26805,Naver
2025-09-30,363510,109697,109880,109697,109880,Naver
2025-09-30,363570,101091,102100,100170,100268,Naver
2025-09-30,363580,12585,15705,12475,15195,Naver
2025-09-30,364690,16620,18600,16465,18455,Naver
2025-09-30,364960,6670,7080,6575,6800,Naver
2025-09-30,364970,7735,8235,7735,7840,Naver
2025-09-30,364980,7840,8125,7740,7780,Naver
2025-09-30,364990,5605,6090,5450,5625,Naver
2025-09-30,365000,4435,4975,4400,4850,Naver
2025-09-30,365040,16075,17720,15870,17310,Naver
2025-09-30,367380,24838,26329,24663,26294,Naver
2025-09-30,367740,14715,16758,14595,16363,Naver
2025-09-30,367760,12915,16110,12765,15370,Naver
2025-09-30,368190,7625,8050,7595,7845,Naver
2025-09-30,368590,24019,25458,23850,25434,Naver
2025-09-30,368680,7725,8140,7690,7930,Naver
2025-09-30,371160,8831,9998,8566,9943,Naver
2025-09-30,371450,11381,12014,11102,11959,Naver
2025-09-30,371460,10660,13385,10567,13380,Naver
2025-09-30,371470,9349,9890,8867,9592,Naver
2025-09-30,371870,8564,9722,8355,9627,Naver
2025-09-30,373490,13510,14820,13350,14340,Naver
2025-09-30,373790,14987,15297,14510,15046,Naver
2025-09-30,375270,12444,13441,12085,13303,Naver
2025-09-30,375760,10286,11644,10236,11464,Naver
2025-09-30,375770,10505,11850,10470,11655,Naver
2025-09-30,376410,10394,11769,10320,11526,Naver
2025-09-30,377990,13665,15645,13365,14520,Naver
2025-09-30,379780,19359,20172,19225,20123,Naver
2025-09-30,379790,14558,14966,14384,14864,Naver
2025-09-30,379800,20321,21162,20172,21113,Naver
2025-09-30,379810,21635,22938,21486,22918,Naver
2025-09-30,380340,10655,12515,10620,12120,Naver
2025-09-30,381170,26904,28914,26580,28640,Naver
2025-09-30,381180,20749,23358,20326,23248,Naver
2025-09-30,381560,8030,8265,7860,7915,Naver
2025-09-30,381570,7370,7875,7160,7435,Naver
2025-09-30,385510,25485,27570,24660,25480,Naver
2025-09-30,385520,8400,8810,8340,8450,Naver
2025-09-30,385540,109483,110309,108825,108954,Naver
2025-09-30,385550,111389,111590,111389,111575,Naver
2025-09-30,385560,77989,80314,76596,76895,Naver
2025-09-30,385590,9655,10870,9485,10700,Naver
2025-09-30,385600,6600,6820,6480,6525,Naver
2025-09-30,385720,11695,12570,11500,12415,Naver
2025-09-30,387270,18281,19450,18052,19380,Naver
2025-09-30,387280,7285,8365,7025,8160,Naver
2025-09-30,388280,7380,7810,7195,7435,Naver
2025-09-30,388420,11175,14145,10990,13770,Naver
2025-09-30,390390,27418,31014,27059,30859,Naver
2025-09-30,390400,6621,7235,6467,7035,Naver
2025-09-30,391600,10204,10831,9821,10766,Naver
2025-09-30,391670,11678,13245,11544,12889,Naver
2025-09-30,394670,7253,8811,7128,8791,Naver
2025-09-30,395150,3260,3475,3180,3360,Naver
2025-09-30,395160,10485,13340,10360,12920,Naver
2025-09-30,395170,8366,9090,8271,8930,Naver
2025-09-30,395270,11845,15150,11645,14780,Naver
2025-09-30,395280,4145,4460,4065,4155,Naver
2025-09-30,395290,9585,9845,9020,9100,Naver
2025-09-30,395750,9810,10750,9685,10515,Naver
2025-09-30,396500,11490,14683,11275,14388,Naver
2025-09-30,396510,6341,7574,6158,7519,Naver
2025-09-30,396520,9331,10333,8004,10233,Naver
2025-09-30,397420,52087,52644,51511,51744,Naver
2025-09-30,399110,17328,18030,17189,17995,Naver
2025-09-30,399580,7464,8090,7248,8026,Naver
2025-09-30,400580,10585,11284,10505,11096,Naver
2025-09-30,400590,12680,13650,12680,13450,Naver
2025-09-30,400970,7700,8265,7560,8060,Naver
2025-09-30,401170,6916,7554,6896,7305,Naver
2025-09-30,401470,8025,8480,7855,8105,Naver
2025-09-30,401590,10205,11078,10205,10823,Naver
2025-09-30,402460,7680,8260,7645,8140,Naver
2025-09-30,402970,12234,12283,11896,12097,Naver
2025-09-30,403790,26106,28846,25962,28272,Naver
2025-09-30,404120,14630,15775,14300,15120,Naver
2025-09-30,404260,12365,13745,12130,13205,Naver
2025-09-30,404540,12338,13780,12248,13331,Naver
2025-09-30,404650,12341,13663,12091,13188,Naver
2025-09-30,407300,8021,8631,7961,8241,Naver
2025-09-30,407310,8909,9733,8874,9708,Naver
2025-09-30,407820,7755,8334,7735,8094,Naver
2025-09-30,407830,15135,18245,14790,17290,Naver
2025-09-30,409810,6820,6895,6485,6535,Naver
2025-09-30,409820,13876,15375,13578,15157,Naver
2025-09-30,410870,13300,13520,12560,12965,Naver
2025-09-30,411060,21680,27400,21670,27400,Naver
2025-09-30,411540,9060,9927,8875,9862,Naver
2025-09-30,411860,16565,16815,16280,16685,Naver
2025-09-30,412560,2100,2494,2100,2294,Naver
2025-09-30,412570,1057,1116,1018,1020,Naver
2025-09-30,412770,13176,14646,12438,14646,Naver
2025-09-30,413220,4698,5421,4376,5247,Naver
2025-09-30,413930,11660,13140,11635,12940,Naver
2025-09-30,414270,12054,14499,11924,13582,Naver
2025-09-30,414780,10740,12048,9627,11963,Naver
2025-09-30,415340,10915,12380,9850,12315,Naver
2025-09-30,415760,10288,11630,8991,11586,Naver
2025-09-30,415920,6150,6560,5320,6480,Naver
2025-09-30,416090,10360,12194,9270,11629,Naver
2025-09-30,417450,9093,11895,8483,10392,Naver
2025-09-30,417630,11629,12652,11574,12403,Naver
2025-09-30,418660,27649,31057,27333,30983,Naver
2025-09-30,419420,6963,8186,6743,7766,Naver
2025-09-30,419430,8040,10470,8040,10470,Naver
2025-09-30,419650,3890,4825,3605,4445,Naver
2025-09-30,419890,106098,106240,106069,106157,Naver
2025-09-30,421320,22160,24785,22105,24155,Naver
2025-09-30,422260,10713,11478,10154,10693,Naver
2025-09-30,422420,5752,5986,5592,5707,Naver
2025-09-30,423160,109015,109232,109010,109227,Naver
2025-09-30,423170,21330,24825,20915,24635,Naver
2025-09-30,423920,25043,31264,23771,30984,Naver
2025-09-30,424460,15290,15290,14716,14891,Naver
2025-09-30,426020,24061,26142,23702,25673,Naver
2025-09-30,426030,31732,35839,31308,35324,Naver
2025-09-30,426150,57973,58491,57444,57563,Naver
2025-09-30,427120,7824,8319,7714,8024,Naver
2025-09-30,428510,15331,16940,14216,16880,Naver
2025-09-30,428560,17357,17417,16332,16666,Naver
2025-09-30,429000,12230,12250,11927,12072,Naver
2025-09-30,429010,15166,15981,15062,15698,Naver
2025-09-30,429740,6448,6741,6429,6657,Naver
2025-09-30,429980,12855,13885,12530,13815,Naver
2025-09-30,430500,115795,116685,115247,115454,Naver
2025-09-30,432600,55708,55753,55084,55458,Naver
2025-09-30,432840,16841,17420,16601,17395,Naver
2025-09-30,433220,21475,24140,20690,23520,Naver
2025-09-30,433250,13615,15145,13520,14960,Naver
2025-09-30,433330,18593,19375,18469,19316,Naver
2025-09-30,433500,32350,34375,31560,32545,Naver
2025-09-30,433880,15841,16774,15796,16633,Naver
2025-09-30,433970,13214,13560,13065,13357,Naver
2025-09-30,433980,14322,14714,14198,14595,Naver
2025-09-30,434730,35745,38480,35145,36645,Naver
2025-09-30,434960,42921,48717,42753,47985,Naver
2025-09-30,435040,17726,18747,17552,18578,Naver
2025-09-30,435420,13221,13495,13181,13375,Naver
2025-09-30,435530,13500,14010,13405,14000,Naver
2025-09-30,435540,14790,15385,14700,15310,Naver
2025-09-30,435550,15035,15630,14925,15600,Naver
2025-09-30,436140,113113,113696,112462,112707,Naver
2025-09-30,437080,98844,100473,98507,99870,Naver
2025-09-30,437350,11914,12217,11899,12124,Naver
2025-09-30,437370,9346,9415,9131,9214,Naver
2025-09-30,438080,12877,13185,12828,13146,Naver
2025-09-30,438100,13566,13953,13487,13894,Naver
2025-09-30,438320,9469,11910,8952,11651,Naver
2025-09-30,438560,101135,101330,100760,100833,Naver
2025-09-30,438570,106464,107161,105414,105679,Naver
2025-09-30,438740,28071,31058,27851,29941,Naver
2025-09-30,438900,12555,13850,12245,12400,Naver
2025-09-30,439860,114710,115010,114327,114705,Naver
2025-09-30,439870,119364,121403,117149,117587,Naver
2025-09-30,440340,11046,11454,10858,11420,Naver
2025-09-30,440640,109666,109858,109666,109853,Naver
2025-09-30,440910,20921,22349,20457,22264,Naver
2025-09-30,441540,29500,30180,27665,28940,Naver
2025-09-30,441640,11219,11632,11163,11580,Naver
2025-09-30,441680,9327,9673,9280,9640,Naver
2025-09-30,441800,15208,16490,14999,16086,Naver
2025-09-30,442320,31945,36142,30912,35139,Naver
2025-09-30,442550,13186,13553,13068,13484,Naver
2025-09-30,442570,14249,14750,14055,14726,Naver
2025-09-30,442580,20845,31205,20115,26820,Naver
2025-09-30,444490,16975,17712,16860,17673,Naver
2025-09-30,445150,30315,31000,28350,29655,Naver
2025-09-30,445290,16655,19450,16375,19140,Naver
2025-09-30,445690,17620,19345,17450,19120,Naver
2025-09-30,445910,15462,16262,15203,15754,Naver
2025-09-30,446690,18976,22686,18298,21969,Naver
2025-09-30,446700,8720,9180,8600,8630,Naver
2025-09-30,446720,11038,11102,10759,10920,Naver
2025-09-30,446770,31323,36859,30013,36490,Naver
2025-09-30,447430,15012,15506,14622,14789,Naver
2025-09-30,447620,14135,15210,14000,14425,Naver
2025-09-30,447660,12471,13228,12406,12870,Naver
2025-09-30,447770,13755,15253,13700,15039,Naver
2025-09-30,448100,43649,49554,43375,48729,Naver
2025-09-30,448290,15249,15752,15095,15662,Naver
2025-09-30,448300,18654,19662,18474,19537,Naver
2025-09-30,448330,11219,12006,11115,11871,Naver
2025-09-30,448490,57540,57952,56886,57104,Naver
2025-09-30,448540,24164,25556,23763,24541,Naver
2025-09-30,448570,15265,16920,15205,16720,Naver
2025-09-30,448630,10190,10730,10165,10570,Naver
2025-09-30,449170,108924,109147,108924,109147,Naver
2025-09-30,449180,14709,15212,14575,15122,Naver
2025-09-30,449450,51800,57675,51795,56845,Naver
2025-09-30,449580,15243,16224,15243,16105,Naver
2025-09-30,449680,9015,10090,8751,10090,Naver
2025-09-30,449770,17889,18610,17775,18570,Naver
2025-09-30,449780,16040,16572,15875,16473,Naver
2025-09-30,450180,9280,10375,9150,10375,Naver
2025-09-30,450190,20345,24355,18970,24175,Naver
2025-09-30,451000,115811,115811,113931,114237,Naver
2025-09-30,451060,13785,15626,13652,15334,Naver
2025-09-30,451150,20410,21430,20115,20885,Naver
2025-09-30,451540,56375,56701,56015,56064,Naver
2025-09-30,451600,114504,116579,112825,112978,Naver
2025-09-30,451670,24426,25267,23460,23604,Naver
2025-09-30,452250,5257,5753,5140,5611,Naver
2025-09-30,452360,10889,10951,10613,10662,Naver
2025-09-30,453060,108555,108790,108550,108790,Naver
2025-09-30,453080,18699,19687,18504,19572,Naver
2025-09-30,453330,15470,15983,15323,15899,Naver
2025-09-30,453630,11779,11849,11473,11596,Naver
2025-09-30,453640,11494,11733,11370,11544,Naver
2025-09-30,453660,17403,18216,17144,18171,Naver
2025-09-30,453810,13148,13606,13073,13238,Naver
2025-09-30,453820,15503,16490,15334,15632,Naver
2025-09-30,453850,7442,7819,7358,7732,Naver
2025-09-30,453870,12877,13340,12842,12937,Naver
2025-09-30,453950,16845,19432,16457,19163,Naver
2025-09-30,454180,9154,9600,8976,9542,Naver
2025-09-30,454320,24490,27325,24150,25660,Naver
2025-09-30,454780,106628,107211,106098,106098,Naver
2025-09-30,455030,11668,11913,11596,11837,Naver
2025-09-30,455660,9569,9626,9524,9604,Naver
2025-09-30,455850,12170,15145,11920,14600,Naver
2025-09-30,455860,3865,4030,3770,3820,Naver
2025-09-30,455890,53854,53973,53854,53968,Naver
2025-09-30,455960,11725,11945,11600,11830,Naver
2025-09-30,456200,58105,59235,57785,58825,Naver
2025-09-30,456250,9833,10500,9749,10341,Naver
2025-09-30,456600,31262,36593,30777,35254,Naver
2025-09-30,456610,58047,59246,57682,58796,Naver
2025-09-30,456680,7432,11257,7159,11257,Naver
2025-09-30,456880,11765,12010,11692,11920,Naver
2025-09-30,457480,15482,20591,15276,20340,Naver
2025-09-30,457690,11116,11165,11003,11037,Naver
2025-09-30,457700,12074,12251,11843,11862,Naver
2025-09-30,457930,14610,16240,14460,16050,Naver
2025-09-30,458030,53584,53723,53579,53718,Naver
2025-09-30,458210,107625,107850,107615,107850,Naver
2025-09-30,458250,36774,40068,36231,39476,Naver
2025-09-30,458260,47273,48605,47055,48199,Naver
2025-09-30,458730,12064,12113,11740,11926,Naver
2025-09-30,458750,10481,10634,10294,10440,Naver
2025-09-30,458760,9048,9151,8841,8968,Naver
2025-09-30,459580,1056855,1058948,1056855,1058948,Naver
2025-09-30,459750,14937,15539,14799,15485,Naver
2025-09-30,459790,16061,17584,15722,16962,Naver
2025-09-30,460270,12175,12400,12075,12305,Naver
2025-09-30,460660,10761,10839,10519,10588,Naver
2025-09-30,460960,10579,10858,10376,10796,Naver
2025-09-30,461270,10995,11012,10976,11000,Naver
2025-09-30,461340,23540,27231,22741,26552,Naver
2025-09-30,461450,13170,14300,12950,13460,Naver
2025-09-30,461460,55810,56274,55267,55405,Naver
2025-09-30,461490,13573,14313,13568,14313,Naver
2025-09-30,461500,111641,112266,111122,111263,Naver
2025-09-30,461580,13585,14700,13260,13765,Naver
2025-09-30,461600,8559,8999,8471,8892,Naver
2025-09-30,461900,20200,21260,19605,21145,Naver
2025-09-30,461910,31716,36652,30859,35467,Naver
2025-09-30,461950,4020,4185,3920,3955,Naver
2025-09-30,462010,3995,4100,3830,3895,Naver
2025-09-30,462330,1018,1087,976,985,Naver
2025-09-30,462340,16605,16945,16400,16805,Naver
2025-09-30,462900,16830,19025,16520,17525,Naver
2025-09-30,463050,13940,15885,13690,14825,Naver
2025-09-30,463250,29020,33540,28875,32960,Naver
2025-09-30,463290,106417,106589,106393,106584,Naver
2025-09-30,463300,12157,12773,11817,12748,Naver
2025-09-30,463640,13452,14125,12800,14035,Naver
2025-09-30,463680,15907,18065,15477,17317,Naver
2025-09-30,463690,17585,18975,17515,18870,Naver
2025-09-30,464240,51580,51664,51551,51644,Naver
2025-09-30,464310,13265,14179,12941,13946,Naver
2025-09-30,464920,13440,15775,12610,15425,Naver
2025-09-30,464930,17045,18484,16360,18092,Naver
2025-09-30,465330,8080,8300,7870,7970,Naver
2025-09-30,465350,33773,34483,32738,33970,Naver
2025-09-30,465580,19696,21258,19492,20974,Naver
2025-09-30,465610,30305,35717,30157,34743,Naver
2025-09-30,465620,8433,8574,7819,7946,Naver
2025-09-30,465660,12638,15288,12007,14647,Naver
2025-09-30,465670,13142,13633,12867,13515,Naver
2025-09-30,465780,104018,104120,104003,104105,Naver
2025-09-30,466810,4735,4950,4590,4650,Naver
2025-09-30,466920,32965,33700,30940,32640,Naver
2025-09-30,466930,11765,12090,11575,11700,Naver
2025-09-30,466940,18690,20229,18412,19503,Naver
2025-09-30,468370,10976,11171,10874,11081,Naver
2025-09-30,468380,10834,11094,10777,11052,Naver
2025-09-30,468630,11045,11402,10935,11335,Naver
2025-09-30,469050,15205,16770,14955,16685,Naver
2025-09-30,469060,16439,18254,16110,18149,Naver
2025-09-30,469070,9590,10970,9265,10445,Naver
2025-09-30,469150,15165,19205,14855,18815,Naver
2025-09-30,469160,12572,14638,11827,14130,Naver
2025-09-30,469170,4920,5060,4770,4900,Naver
2025-09-30,469530,9390,9465,9200,9280,Naver
2025-09-30,469790,12146,15004,12101,14730,Naver
2025-09-30,469830,52736,52849,52736,52849,Naver
2025-09-30,470310,8450,9825,8320,9590,Naver
2025-09-30,471040,16490,19200,16160,18570,Naver
2025-09-30,471460,63032,64452,61836,62050,Naver
2025-09-30,471760,8795,10675,8580,10230,Naver
2025-09-30,471780,10955,13680,10945,13040,Naver
2025-09-30,471990,10170,12650,10060,12125,Naver
2025-09-30,472150,9847,10968,9712,10718,Naver
2025-09-30,472160,16624,17925,16459,17551,Naver
2025-09-30,472170,13332,14104,13208,13671,Naver
2025-09-30,472720,15179,16276,14885,15502,Naver
2025-09-30,472830,8232,8655,8170,8647,Naver
2025-09-30,472840,42311,48063,42088,47331,Naver
2025-09-30,472870,8008,8367,7852,8305,Naver
2025-09-30,472920,104319,104865,103937,103937,Naver
2025-09-30,473290,10675,10699,10670,10695,Naver
2025-09-30,473330,8242,8643,8184,8638,Naver
2025-09-30,473440,10541,10560,10531,10550,Naver
2025-09-30,473460,20662,24979,20403,23689,Naver
2025-09-30,473590,17937,19990,17937,19955,Naver
2025-09-30,473640,22271,27655,22271,27625,Naver
2025-09-30,474220,13446,14285,13298,14228,Naver
2025-09-30,474390,55204,56363,54305,54448,Naver
2025-09-30,474590,11285,14565,11100,14000,Naver
2025-09-30,474920,18515,19925,17420,19170,Naver
2025-09-30,475050,12860,13205,12115,12240,Naver
2025-09-30,475070,20245,23035,19310,21950,Naver
2025-09-30,475080,7974,8524,7969,8443,Naver
2025-09-30,475260,10473,10493,10463,10493,Naver
2025-09-30,475280,10455,10485,10455,10475,Naver
2025-09-30,475300,8885,11495,8505,11185,Naver
2025-09-30,475310,11770,14520,11600,13770,Naver
2025-09-30,475350,12938,13408,12651,13235,Naver
2025-09-30,475380,9933,10074,9815,10064,Naver
2025-09-30,475630,1045997,1048100,1045997,1048095,Naver
2025-09-30,475720,8296,8996,8199,8877,Naver
2025-09-30,476000,9285,10955,9170,10220,Naver
2025-09-30,476030,13697,14507,13598,14487,Naver
2025-09-30,476070,9260,9847,9025,9484,Naver
2025-09-30,476260,6275,8065,6145,7780,Naver
2025-09-30,476310,8312,8548,8159,8174,Naver
2025-09-30,476450,51261,51373,51261,51368,Naver
2025-09-30,476550,7259,7582,7194,7512,Naver
2025-09-30,476750,8593,8993,8447,8921,Naver
2025-09-30,476760,9179,9702,8950,9693,Naver
2025-09-30,476800,4492,4603,4482,4574,Naver
2025-09-30,476850,10607,11649,10506,11310,Naver
2025-09-30,477050,51939,52048,51934,52048,Naver
2025-09-30,477080,104580,104795,104575,104795,Naver
2025-09-30,477490,16900,20370,16725,18665,Naver
2025-09-30,477730,8469,8839,8215,8305,Naver
2025-09-30,478150,18028,19586,17869,19556,Naver
2025-09-30,479080,52162,52271,52157,52271,Naver
2025-09-30,479520,103689,103902,103654,103902,Naver
2025-09-30,479620,12020,13000,11690,12895,Naver
2025-09-30,479730,10540,11048,10385,10669,Naver
2025-09-30,479850,16425,16655,15670,16435,Naver
2025-09-30,480020,10297,11136,10229,11084,Naver
2025-09-30,480030,9243,9633,9174,9610,Naver
2025-09-30,480040,9000,10103,8746,10035,Naver
2025-09-30,480260,53154,53238,53119,53139,Naver
2025-09-30,480310,11657,12431,11422,12261,Naver
2025-09-30,480460,9338,9555,9318,9443,Naver
2025-09-30,481050,1005228,1007256,1005223,1007251,Naver
2025-09-30,481060,7856,8104,7787,8033,Naver
2025-09-30,481180,14540,15965,14235,15725,Naver
2025-09-30,481190,14515,15665,14400,15515,Naver
2025-09-30,481340,9114,9588,9003,9568,Naver
2025-09-30,481430,106753,107473,105746,105908,Naver
2025-09-30,482030,6958,8153,6818,7852,Naver
2025-09-30,483020,9700,11395,9610,10785,Naver
2025-09-30,483030,9323,9572,9109,9199,Naver
2025-09-30,483240,11123,11912,10994,11799,Naver
2025-09-30,483290,8656,8685,8372,8480,Naver
2025-09-30,483320,10550,12727,10411,12358,Naver
2025-09-30,483330,13387,14223,12720,13606,Naver
2025-09-30,483340,11951,13837,11951,13310,Naver
2025-09-30,483570,13570,14535,13350,14415,Naver
2025-09-30,484880,15088,16488,14712,15790,Naver
2025-09-30,484890,51214,51313,51209,51308,Naver
2025-09-30,485540,12717,13905,12647,13795,Naver
2025-09-30,485690,14481,16955,14357,16307,Naver
2025-09-30,485810,8436,9030,8377,8561,Naver
2025-09-30,486240,9505,11730,9365,11310,Naver
2025-09-30,486290,9083,9607,9024,9585,Naver
2025-09-30,486450,16820,19595,16820,19070,Naver
2025-09-30,486830,51751,51866,51741,51866,Naver
2025-09-30,487130,10820,13070,10685,12745,Naver
2025-09-30,487230,16227,18709,15947,17860,Naver
2025-09-30,487240,15895,18175,15645,16740,Naver
2025-09-30,487340,102632,102854,102617,102844,Naver
2025-09-30,487910,9515,10015,9350,9535,Naver
2025-09-30,487920,8400,8725,8300,8420,Naver
2025-09-30,487950,9070,10074,8782,9808,Naver
2025-09-30,488080,6188,10066,5988,9572,Naver
2025-09-30,488200,8165,8500,7955,8140,Naver
2025-09-30,488210,8690,11370,8570,11025,Naver
2025-09-30,488480,11089,11483,10681,11079,Naver
2025-09-30,488500,10984,11132,10820,11103,Naver
2025-09-30,488720,51685,51997,51384,51458,Naver
2025-09-30,488770,102185,102407,102185,102407,Naver
2025-09-30,488980,50951,51039,50946,50995,Naver
2025-09-30,489000,10011,10071,9898,10016,Naver
2025-09-30,489010,15580,15580,14045,15205,Naver
2025-09-30,489030,9268,9360,8760,8810,Naver
2025-09-30,489290,13835,15015,13705,14850,Naver
2025-09-30,489860,12105,12773,11791,12773,Naver
2025-09-30,490090,12720,13972,12720,13847,Naver
2025-09-30,490330,8800,10460,8330,9910,Naver
2025-09-30,490480,25000,28040,24985,27660,Naver
2025-09-30,490490,9986,10066,9854,10001,Naver
2025-09-30,490590,10510,12005,10465,11794,Naver
2025-09-30,490600,8004,8099,7904,8013,Naver
2025-09-30,491010,16542,19878,16082,18655,Naver
2025-09-30,491090,14147,15275,14042,15216,Naver
2025-09-30,491220,50465,57005,49915,56105,Naver
2025-09-30,491230,51043,51147,51043,51147,Naver
2025-09-30,491510,12625,13485,12515,12960,Naver
2025-09-30,491610,102068,102277,102068,102277,Naver
2025-09-30,491620,9279,9885,9106,9848,Naver
2025-09-30,491630,15315,15530,13694,13857,Naver
2025-09-30,491700,43133,48661,42726,47887,Naver
2025-09-30,491820,19160,21870,18865,20180,Naver
2025-09-30,491830,13253,13911,12889,13722,Naver
2025-09-30,492500,51005,51093,50955,50985,Naver
2025-09-30,493420,10166,10254,9916,10059,Naver
2025-09-30,493810,9831,10683,9769,10605,Naver
2025-09-30,494180,12401,13429,12051,13145,Naver
2025-09-30,494210,9559,9983,9506,9969,Naver
2025-09-30,494220,11690,16090,11505,15415,Naver
2025-09-30,494300,8432,8974,8374,8964,Naver
2025-09-30,494310,11205,18485,10910,17445,Naver
2025-09-30,494330,13421,14236,13313,13540,Naver
2025-09-30,494340,12644,13967,12220,12499,Naver
2025-09-30,494410,11899,12805,11719,12492,Naver
2025-09-30,494420,8379,8857,8379,8728,Naver
2025-09-30,494670,25768,26447,24226,25578,Naver
2025-09-30,494840,11540,12007,11247,11938,Naver
2025-09-30,494890,12333,13947,12199,13708,Naver
2025-09-30,495040,12204,13846,12104,13633,Naver
2025-09-30,495050,12414,13963,12172,13745,Naver
2025-09-30,495060,12195,13525,12030,13085,Naver
2025-09-30,495230,12396,14143,12191,13931,Naver
2025-09-30,495550,12630,14260,12440,14030,Naver
2025-09-30,495710,50787,50887,50787,50887,Naver
2025-09-30,495750,12281,13940,12166,13736,Naver
2025-09-30,495850,12337,13970,12154,13709,Naver
2025-09-30,495940,11773,13350,11443,12980,Naver
2025-09-30,496020,50835,50944,50820,50929,Naver
2025-09-30,496090,12270,13967,12191,13738,Naver
2025-09-30,496120,12601,14218,12421,13964,Naver
2025-09-30,496770,16440,18800,16245,18305,Naver
2025-09-30,497510,9909,10245,9760,9849,Naver
2025-09-30,497520,10292,10918,10237,10346,Naver
2025-09-30,497570,12267,13770,11943,13680,Naver
2025-09-30,497780,9028,9473,8775,9380,Naver
2025-09-30,497880,49160,49273,49155,49273,Naver
2025-09-30,498050,12500,13915,12255,12905,Naver
2025-09-30,498180,99490,100133,99186,99287,Naver
2025-09-30,498270,11123,14458,10824,13719,Naver
2025-09-30,498400,9829,10748,9721,10610,Naver
2025-09-30,498410,11112,11955,10878,11485,Naver
2025-09-30,498610,9687,10277,9509,9588,Naver
2025-09-30,499150,10359,10666,10169,10642,Naver
2025-09-30,499660,984402,986425,984397,986425,Naver
2025-10-01,0000H0,10435,11355,10320,11095,Yahoo
2025-10-01,0021D0,10825,11170,10800,11030,Yahoo
2025-10-01,0023B0,17540,23500,17450,21050,Yahoo
2025-10-01,0048J0,14040,14465,14010,14265,Yahoo
2025-10-01,0083S0,11065,12995,11030,12510,Yahoo
2025-10-01,0092B0,9400,12190,9400,11425,Yahoo
2025-10-01,0093B0,10725,11680,10650,11620,Yahoo
2025-10-01,0094M0,11010,13050,10945,12590,Yahoo
2025-10-01,0105E0,9875,10510,9570,10315,Yahoo
2025-10-01,091170,11900,12345,11365,11830,Yahoo
2025-10-01,099140,24725,25380,23810,24155,Yahoo
2025-10-01,104530,15235,15535,14690,15100,Yahoo
2025-10-01,105780,7430,9555,7430,9485,Yahoo
2025-10-01,114460,103305,104050,103235,103295,Yahoo
2025-10-01,122260,105175,105315,105175,105250,Yahoo
2025-10-01,136340,107210,107570,106780,106855,Yahoo
2025-10-01,138910,7815,8455,7745,8170,Yahoo
2025-10-01,139220,4105,4895,4105,4660,Yahoo
2025-10-01,139280,11575,12070,11260,11870,Yahoo
2025-10-01,139320,16635,19770,16575,17195,Yahoo
2025-10-01,147970,47345,54080,46605,53225,Yahoo
2025-10-01,153270,35935,44005,35900,43910,Yahoo
2025-10-01,174360,22680,24405,21995,23070,Yahoo
2025-10-01,182480,12650,12940,12125,12475,Yahoo
2025-10-01,195920,26600,29100,25720,28650,Yahoo
2025-10-01,196030,54600,62100,52770,61800,Yahoo
2025-10-01,217770,2635,2890,2615,2710,Yahoo
2025-10-01,219480,29560,30605,29125,30380,Yahoo
2025-10-01,245340,31795,33385,31640,33010,Yahoo
2025-10-01,251600,13795,14120,13670,13880,Yahoo
2025-10-01,252000,14750,16585,14700,16185,Yahoo
2025-10-01,261140,14945,18225,14945,18100,Yahoo
2025-10-01,280920,14380,16975,14380,16855,Yahoo
2025-10-01,287180,41145,45600,40105,44072,Yahoo
2025-10-01,292770,55995,56310,55920,56280,Yahoo
2025-10-01,293180,48105,58545,48075,58295,Yahoo
2025-10-01,316670,7010,7720,6890,7675,Yahoo
2025-10-01,325020,17430,19025,17185,18870,Yahoo
2025-10-01,328370,19100,22930,19050,22820,Yahoo
2025-10-01,329750,12970,13355,12940,13205,Yahoo
2025-10-01,360150,7795,7825,6950,7020,Yahoo
2025-10-01,365780,91340,94500,90540,90680,Yahoo
2025-10-01,367770,15245,18950,15225,18495,Yahoo
2025-10-01,371150,10055,10540,8975,9185,Yahoo
2025-10-01,372330,9965,10410,9105,9355,Yahoo
2025-10-01,385710,8970,9865,8930,9730,Yahoo
2025-10-01,394660,13220,14800,13160,14575,Yahoo
2025-10-01,395760,11350,13330,11330,13325,Yahoo
2025-10-01,400570,10775,11360,10770,11180,Yahoo
2025-10-01,411420,19995,21680,19090,21105,Yahoo
2025-10-01,418670,15160,15815,14440,14840,Yahoo
2025-10-01,429760,17340,18330,17265,18050,Yahoo
2025-10-01,434060,15625,16317,15610,16075,Yahoo
2025-10-01,437070,62135,64350,61980,63145,Yahoo
2025-10-01,438330,117215,118015,110300,116790,Yahoo
2025-10-01,440650,11850,12160,11795,12025,Yahoo
2025-10-01,442090,15740,24390,15660,19420,Yahoo
2025-10-01,442260,16915,20105,16860,20105,Yahoo
2025-10-01,442560,14355,15125,14340,14985,Yahoo
2025-10-01,444200,25395,31385,25345,31310,Yahoo
2025-10-01,449190,18975,20170,18820,20005,Yahoo
2025-10-01,449690,24000,27250,24000,26385,Yahoo
2025-10-01,450910,13785,15215,13545,15080,Yahoo
2025-10-01,451530,58620,60330,56125,56275,Yahoo
2025-10-01,453010,108495,113517,108495,108725,Yahoo
2025-10-01,453650,18635,18920,17900,18370,Yahoo
2025-10-01,457990,16765,23950,16700,22855,Yahoo
2025-10-01,459560,18080,20890,18030,20305,Yahoo
2025-10-01,464470,52495,55705,52115,53825,Yahoo
2025-10-01,464600,9890,11550,9755,11550,Yahoo
2025-10-01,464610,11495,11520,10695,11090,Yahoo
2025-10-01,466950,22735,25500,22400,24970,Yahoo
2025-10-01,471230,113770,114850,112730,112975,Yahoo
2025-10-01,473490,19200,23355,19200,22660,Yahoo
2025-10-01,474800,11510,12455,10785,11470,Yahoo
2025-10-01,475270,10600,10615,10590,10615,Yahoo
2025-10-01,476690,8860,9655,8835,9085,Yahoo
2025-10-01,482730,11360,12010,11335,11780,Yahoo
2025-10-01,483280,12300,13495,12250,13160,Yahoo
2025-10-01,483420,12880,14515,12750,14465,Yahoo
2025-10-01,484790,9075,9410,9055,9175,Yahoo
2025-10-01,487750,10510,14705,10510,13365,Yahoo
2025-10-01,488290,26980,34955,26470,33055,Yahoo
2025-10-01,489250,10505,10660,10265,10390,Yahoo
2025-10-01,495330,13765,16610,13765,16575,Yahoo
2025-10-01,496080,13920,16725,13865,16650,Yahoo
2025-10-01,496130,13600,15710,13510,15535,Yahoo
2025-10-01,498860,13995,14810,13520,14415,Yahoo
2025-10-31,0000D0,9334,10180,9287,9889,Naver
2025-10-31,0000J0,26385,29335,23895,27910,Naver
2025-10-31,0000Y0,99699,99859,99699,99772,Naver
2025-10-31,0000Z0,12975,14355,12780,14300,Naver
2025-10-31,0001P0,9800,10550,9590,10520,Naver
2025-10-31,0002C0,10380,11030,10285,10795,Naver
2025-10-31,0004G0,9088,9301,8872,8951,Naver
2025-10-31,0005A0,8820,9392,8801,9270,Naver
2025-10-31,0005C0,11075,11360,10441,11070,Naver
2025-10-31,0005D0,10531,14563,10391,13629,Naver
2025-10-31,0005G0,14922,20811,14922,19982,Naver
2025-10-31,0007F0,10124,10153,10109,10114,Naver
2025-10-31,0007G0,14874,19057,14874,18229,Naver
2025-10-31,0007N0,48465,59195,48465,58935,Naver
2025-10-31,0008E0,11145,11899,11010,11450,Naver
2025-10-31,0008S0,8239,8416,8104,8208,Naver
2025-10-31,0008T0,14551,14636,13258,13882,Naver
2025-10-31,0013P0,11038,11336,10005,11226,Naver
2025-10-31,0013R0,9113,9877,8690,9394,Naver
2025-10-31,0015B0,13335,15400,12525,14905,Naver
2025-10-31,0015E0,10661,11880,10340,11152,Naver
2025-10-31,0015F0,10994,11658,10772,11465,Naver
2025-10-31,0015K0,8665,8929,8372,8561,Naver
2025-10-31,0016X0,50544,50672,50514,50593,Naver
2025-10-31,0017Y0,100052,100784,99365,99409,Naver
2025-10-31,0018C0,10777,10855,10317,10633,Naver
2025-10-31,0018Z0,15931,19042,15746,18075,Naver
2025-10-31,0019K0,11609,11924,10945,11829,Naver
2025-10-31,0020H0,18095,24500,17560,22900,Naver
2025-10-31,0021C0,11677,12320,11532,12131,Naver
2025-10-31,0021E0,11337,11795,11222,11646,Naver
2025-10-31,0022T0,12109,13745,12021,12643,Naver
2025-10-31,0023A0,23817,33635,23642,30282,Naver
2025-10-31,0025N0,10946,11727,10917,11302,Naver
2025-10-31,0026E0,10352,10729,10332,10620,Naver
2025-10-31,0026S0,11358,12005,11313,11855,Naver
2025-10-31,0028X0,12404,12907,11566,12424,Naver
2025-10-31,0035T0,14452,16522,14447,16224,Naver
2025-10-31,0036D0,10055,10688,9361,10131,Naver
2025-10-31,0036R0,14082,15910,14022,15800,Naver
2025-10-31,0036Z0,10525,10852,9772,10114,Naver
2025-10-31,0038A0,14606,16394,14541,16139,Naver
2025-10-31,0040S0,15416,16625,15041,16400,Naver
2025-10-31,0040X0,10330,11120,9937,10887,Naver
2025-10-31,0040Y0,9011,9347,8922,9263,Naver
2025-10-31,0041D0,15724,16607,15619,16349,Naver
2025-10-31,0041E0,12974,13920,12930,13825,Naver
2025-10-31,0043B0,100647,100831,100647,100831,Naver
2025-10-31,0043Y0,14679,15004,13050,14139,Naver
2025-10-31,0046A0,9558,9839,9513,9741,Naver
2025-10-31,0046Y0,11222,12011,10517,11506,Naver
2025-10-31,0047A0,13720,15336,12622,13040,Naver
2025-10-31,0047N0,13031,14503,11574,12013,Naver
2025-10-31,0047P0,13279,14369,13229,14139,Naver
2025-10-31,0047R0,13254,14512,13244,14393,Naver
2025-10-31,0048K0,12103,12403,10490,11265,Naver
2025-10-31,0049K0,10480,11020,10160,10665,Naver
2025-10-31,0049M0,10530,11115,9854,10873,Naver
2025-10-31,0050E0,9805,10216,9191,10008,Naver
2025-10-31,0051A0,14285,16630,13690,16465,Naver
2025-10-31,0051G0,16978,21057,16734,19704,Naver
2025-10-31,0052D0,11961,12423,11591,12256,Naver
2025-10-31,0052S0,10882,11343,10857,11205,Naver
2025-10-31,0052T0,49884,50008,49850,49929,Naver
2025-10-31,0053L0,14468,14997,12595,13515,Naver
2025-10-31,0053M0,10300,11180,9970,11075,Naver
2025-10-31,0057H0,10987,12191,10342,11250,Naver
2025-10-31,0060H0,11096,11731,10431,11562,Naver
2025-10-31,0061Z0,49767,49861,49767,49856,Naver
2025-10-31,0064K0,11480,13105,11430,12020,Naver
2025-10-31,0065G0,12209,12764,11250,11530,Naver
2025-10-31,0066W0,11550,13195,11460,12160,Naver
2025-10-31,0067V0,12912,13209,11559,11870,Naver
2025-10-31,0067Y0,13679,13989,12190,13250,Naver
2025-10-31,0068M0,11020,11425,10900,11260,Naver
2025-10-31,0069M0,11481,12439,11441,12309,Naver
2025-10-31,0072R0,13355,15540,12020,12655,Naver
2025-10-31,0073X0,11268,11551,10388,11186,Naver
2025-10-31,0074K0,11155,13130,11055,13010,Naver
2025-10-31,0078V0,12844,13529,12345,13054,Naver
2025-10-31,0079X0,13397,13965,12374,12753,Naver
2025-10-31,0080G0,11140,11260,9730,10850,Naver
2025-10-31,0080X0,10591,11035,10017,10855,Naver
2025-10-31,0080Y0,16984,27074,15485,24307,Naver
2025-10-31,0082F0,11415,11515,10291,10636,Naver
2025-10-31,0082V0,10483,11014,10354,10811,Naver
2025-10-31,0084D0,10354,11029,10255,10906,Naver
2025-10-31,0084E0,9998,10220,9944,10008,Naver
2025-10-31,0085N0,10029,10184,10009,10082,Naver
2025-10-31,0085P0,10179,10601,10146,10391,Naver
2025-10-31,0086B0,9908,9946,9801,9826,Naver
2025-10-31,0086C0,9939,10015,9857,9861,Naver
2025-10-31,0087F0,12328,13038,10825,11419,Naver
2025-10-31,0088N0,10075,11490,9770,11400,Naver
2025-10-31,0089B0,10386,10842,10266,10754,Naver
2025-10-31,0089C0,10357,10863,10283,10717,Naver
2025-10-31,0089D0,10113,10638,9711,10276,Naver
2025-10-31,0090B0,11927,12036,10583,10608,Naver
2025-10-31,0091C0,9884,10049,9874,9938,Naver
2025-10-31,0091M0,10010,10035,10010,10020,Naver
2025-10-31,0091P0,9300,12190,9300,11400,Naver
2025-10-31,0092C0,49748,49877,49723,49733,Naver
2025-10-31,0093A0,13755,17114,13745,17094,Naver
2025-10-31,0093D0,11455,13475,11455,13175,Naver
2025-10-31,0094K0,99905,100185,99700,99745,Naver
2025-10-31,0094L0,10833,11054,9886,10258,Naver
2025-10-31,0094X0,11288,11878,10494,10594,Naver
2025-10-31,0097L0,10282,10951,10086,10714,Naver
2025-10-31,0098F0,9400,12170,9400,11425,Naver
2025-10-31,0098N0,9602,10180,9426,9927,Naver
2025-10-31,0098Z0,41105,49500,40900,49485,Naver
2025-10-31,0099L0,99272,99565,99208,99228,Naver
2025-10-31,0100K0,11100,11190,8305,10240,Naver
2025-10-31,0101N0,9720,14000,9665,13510,Naver
2025-10-31,0102A0,11804,12814,11609,12044,Naver
2025-10-31,0102X0,10854,10854,9324,9444,Naver
2025-10-31,0103T0,10257,10855,9774,10616,Naver
2025-10-31,0104G0,10410,11630,8130,10745,Naver
2025-10-31,0104H0,9991,13037,9752,10639,Naver
2025-10-31,0104N0,9699,11716,9689,11668,Naver
2025-10-31,0104P0,9222,9450,8910,9327,Naver
2025-10-31,0105D0,10185,10840,9775,10740,Naver
2025-10-31,0107F0,9828,9960,9489,9828,Naver
2025-10-31,0111J0,10235,10798,10120,10459,Naver
2025-10-31,0111P0,9941,10494,9776,10355,Naver
2025-10-31,0112X0,21065,21765,20745,21670,Naver
2025-10-31,0113D0,10284,10289,9994,10024,Naver
2025-10-31,0113P0,99831,100020,99831,100020,Naver
2025-10-31,0114X0,10229,10439,10004,10009,Naver
2025-10-31,0115C0,9955,10160,9880,9925,Naver
2025-10-31,0115D0,10900,12440,10200,10660,Naver
2025-10-31,0115E0,10320,11035,9955,10985,Naver
2025-10-31,0117L0,9950,9950,9940,9945,Naver
2025-10-31,0117V0,10390,13545,10175,13220,Naver
2025-10-31,0118S0,10545,10567,10170,10330,Naver
2025-10-31,0118Z0,10310,10540,9935,9935,Naver
2025-10-31,069500,47677,58303,47677,58083,Naver
2025-10-31,069660,47603,58216,47598,57927,Naver
2025-10-31,091160,46305,58755,46305,58740,Naver
2025-10-31,091180,18985,22787,18751,22318,Naver
2025-10-31,091220,12200,12684,11722,12201,Naver
2025-10-31,091230,48215,61436,48215,61436,Naver
2025-10-31,100910,7384,9154,7384,9114,Naver
2025-10-31,101280,25100,26588,24578,26311,Naver
2025-10-31,102110,47692,58236,47663,57957,Naver
2025-10-31,102780,11230,13700,11225,13600,Naver
2025-10-31,102960,11810,15990,11810,15435,Naver
2025-10-31,102970,13995,16680,13545,16120,Naver
2025-10-31,104520,10703,12118,10613,11854,Naver
2025-10-31,105010,4947,5272,4877,5212,Naver
2025-10-31,105190,47881,59418,47881,58315,Naver
2025-10-31,108450,18800,22980,18795,22785,Naver
2025-10-31,108590,47895,58208,47790,58133,Naver
2025-10-31,114100,108185,108556,107933,108032,Naver
2025-10-31,114260,62076,62303,61948,61973,Naver
2025-10-31,114470,109321,109865,109138,109192,Naver
2025-10-31,114800,3150,3150,2565,2570,Naver
2025-10-31,114820,105632,106015,105080,105502,Naver
2025-10-31,117460,11525,14845,11350,14070,Naver
2025-10-31,117680,11279,13124,10964,11657,Naver
2025-10-31,117690,23815,24111,22111,22864,Naver
2025-10-31,117700,3800,4320,3795,4080,Naver
2025-10-31,122090,32860,40966,32860,40926,Naver
2025-10-31,122630,30200,44895,30195,44535,Naver
2025-10-31,123310,3520,3525,2865,2875,Naver
2025-10-31,123320,29854,44351,29854,43994,Naver
2025-10-31,130680,4068,4098,3715,3954,Naver
2025-10-31,130730,100778,101749,100778,100889,Naver
2025-10-31,131890,23330,26430,23060,26085,Naver
2025-10-31,132030,22533,25463,22458,23309,Naver
2025-10-31,133690,152942,166605,152423,164250,Naver
2025-10-31,137610,5065,5174,4956,5140,Naver
2025-10-31,138230,15951,16421,15931,16253,Naver
2025-10-31,138520,15283,18440,15283,18305,Naver
2025-10-31,138530,7650,9212,7590,9000,Naver
2025-10-31,138540,35160,42830,34781,41775,Naver
2025-10-31,138920,10641,11638,10566,11638,Naver
2025-10-31,139230,12310,16300,12290,15770,Naver
2025-10-31,139240,11532,13067,11109,11690,Naver
2025-10-31,139250,11989,15357,11809,14650,Naver
2025-10-31,139260,38499,52910,38499,52226,Naver
2025-10-31,139270,11888,12513,11540,12091,Naver
2025-10-31,139290,17560,19880,17052,19525,Naver
2025-10-31,139660,8320,8345,8100,8190,Naver
2025-10-31,140570,15565,19360,15480,18900,Naver
2025-10-31,140580,16035,17750,15940,17530,Naver
2025-10-31,140700,12535,12640,11955,12020,Naver
2025-10-31,140710,5755,5960,5545,5920,Naver
2025-10-31,140950,36308,44675,36308,44560,Naver
2025-10-31,143850,69541,71935,68497,71326,Naver
2025-10-31,143860,42145,44950,40905,44835,Naver
2025-10-31,144600,8049,9241,7955,8348,Naver
2025-10-31,145670,4000,4000,3210,3220,Naver
2025-10-31,145850,51983,61256,51983,61256,Naver
2025-10-31,148020,48037,58705,48012,58450,Naver
2025-10-31,148070,112362,113404,111323,111579,Naver
2025-10-31,150460,7809,7839,7400,7455,Naver
2025-10-31,152100,48485,59222,48455,58977,Naver
2025-10-31,152380,69811,70459,69158,69292,Naver
2025-10-31,152500,12218,18142,12218,17989,Naver
2025-10-31,152870,48213,58990,48213,58725,Naver
2025-10-31,153130,112020,112331,112020,112180,Naver
2025-10-31,156080,21885,27085,21840,27040,Naver
2025-10-31,157450,110252,110440,110222,110381,Naver
2025-10-31,157490,9725,10225,9285,10050,Naver
2025-10-31,157500,9480,11445,9210,11065,Naver
2025-10-31,159800,37170,45450,37055,45395,Naver
2025-10-31,160580,12510,13725,12390,13545,Naver
2025-10-31,161510,19146,19933,18599,19628,Naver
2025-10-31,166400,15363,16453,15084,16364,Naver
2025-10-31,167860,109290,110970,106944,107310,Naver
2025-10-31,168580,33379,34255,32093,33463,Naver
2025-10-31,169950,24852,26590,23535,25425,Naver
2025-10-31,174350,16575,16909,16210,16765,Naver
2025-10-31,176950,54221,54919,53870,54909,Naver
2025-10-31,181480,80903,99339,78117,79400,Naver
2025-10-31,182490,13719,13764,13545,13675,Naver
2025-10-31,183700,67996,72965,67837,72965,Naver
2025-10-31,183710,49768,57897,49768,57569,Naver
2025-10-31,185680,30105,34705,30075,34505,Naver
2025-10-31,189400,22685,23375,20995,23175,Naver
2025-10-31,190620,99872,100081,99833,100008,Naver
2025-10-31,192090,11949,12676,11222,12183,Naver
2025-10-31,192720,42594,45145,41527,44440,Naver
2025-10-31,195930,20171,20904,19991,20620,Naver
2025-10-31,195970,14315,14765,13915,14455,Naver
2025-10-31,195980,11965,12694,11685,12629,Naver
2025-10-31,196230,114644,114812,114644,114797,Naver
2025-10-31,200030,37325,38765,36985,38360,Naver
2025-10-31,200250,24320,26530,24225,25805,Naver
2025-10-31,203780,24880,27949,24855,27860,Naver
2025-10-31,204450,3215,3365,2870,3000,Naver
2025-10-31,204480,24985,27128,24048,25828,Naver
2025-10-31,205720,2018,2148,1877,1893,Naver
2025-10-31,210780,18893,19446,18276,19072,Naver
2025-10-31,211560,24859,26775,24241,26300,Naver
2025-10-31,211900,19739,21385,19352,21050,Naver
2025-10-31,213610,10880,12660,10870,12610,Naver
2025-10-31,213630,18545,18545,16832,18035,Naver
2025-10-31,214980,113351,113529,113336,113485,Naver
2025-10-31,215620,15835,15915,15540,15580,Naver
2025-10-31,217780,5924,6075,5615,5736,Naver
2025-10-31,218420,14505,14855,14015,14480,Naver
2025-10-31,219390,5910,6025,5475,5590,Naver
2025-10-31,219900,4242,4565,4078,4327,Naver
2025-10-31,220130,6030,6200,5600,6005,Naver
2025-10-31,223190,15040,17320,14965,17250,Naver
2025-10-31,225030,2553,2587,2460,2474,Naver
2025-10-31,225040,54075,57851,52335,57004,Naver
2025-10-31,225050,12796,13843,12624,13735,Naver
2025-10-31,225060,10956,12248,10501,12060,Naver
2025-10-31,225130,45594,57718,45222,47920,Naver
2025-10-31,225800,15179,15996,15110,15664,Naver
2025-10-31,226380,7140,7175,6740,6825,Naver
2025-10-31,226490,35200,42405,35200,42040,Naver
2025-10-31,226980,18485,20415,18045,20130,Naver
2025-10-31,227540,20040,21740,19555,21500,Naver
2025-10-31,227550,10125,11515,9670,11125,Naver
2025-10-31,227560,11760,12104,11436,11800,Naver
2025-10-31,227570,14905,15655,14440,15370,Naver
2025-10-31,227830,35593,42713,35470,42489,Naver
2025-10-31,228790,3969,3989,3635,3735,Naver
2025-10-31,228800,3660,3670,3395,3405,Naver
2025-10-31,228810,6700,6720,6140,6590,Naver
2025-10-31,228820,9977,11540,9962,11455,Naver
2025-10-31,229200,13990,15490,13795,15365,Naver
2025-10-31,229720,19995,22965,19825,22790,Naver
2025-10-31,230480,4685,4705,4430,4525,Naver
2025-10-31,232080,14395,15855,14140,15750,Naver
2025-10-31,233160,10908,13238,10554,13034,Naver
2025-10-31,233740,9670,11775,9400,11580,Naver
2025-10-31,234310,17550,20090,17500,19875,Naver
2025-10-31,236350,37215,44586,37215,42152,Naver
2025-10-31,237350,37100,48100,37100,45500,Naver
2025-10-31,237370,14100,14419,13990,14364,Naver
2025-10-31,237440,9940,10080,9861,10010,Naver
2025-10-31,238670,11895,12270,11830,12225,Naver
2025-10-31,238720,31961,37550,31634,37550,Naver
2025-10-31,239660,119989,120196,119979,120033,Naver
2025-10-31,241180,25545,29328,25263,29121,Naver
2025-10-31,241390,13006,13774,12951,13739,Naver
2025-10-31,243880,46860,86283,46273,84358,Naver
2025-10-31,243890,5099,8433,5010,7599,Naver
2025-10-31,244580,10235,11130,9880,11115,Naver
2025-10-31,244620,14876,15556,14497,15281,Naver
2025-10-31,244660,9000,9105,8870,8975,Naver
2025-10-31,244670,9585,9932,9381,9749,Naver
2025-10-31,245350,16830,17262,16249,16696,Naver
2025-10-31,245360,14031,14492,13462,13886,Naver
2025-10-31,245710,27801,31411,27696,29152,Naver
2025-10-31,248270,22534,24574,22405,23651,Naver
2025-10-31,250730,11307,11442,10456,10823,Naver
2025-10-31,250780,3300,3360,2975,3010,Naver
2025-10-31,251340,3275,3320,2950,2970,Naver
2025-10-31,251350,34520,36336,34237,35783,Naver
2025-10-31,251590,15464,15583,15087,15321,Naver
2025-10-31,252400,27516,40947,27516,40585,Naver
2025-10-31,252410,4030,4040,3300,3310,Naver
2025-10-31,252420,1074,1074,702,707,Naver
2025-10-31,252650,14085,15555,13846,15305,Naver
2025-10-31,252670,1058,1058,696,702,Naver
2025-10-31,252710,1124,1125,739,745,Naver
2025-10-31,253150,55445,82312,55445,81744,Naver
2025-10-31,253160,2165,2190,1427,1442,Naver
2025-10-31,253230,1072,1072,715,717,Naver
2025-10-31,253240,4050,4065,3345,3380,Naver
2025-10-31,253250,27234,40427,27234,40080,Naver
2025-10-31,253280,14870,16025,14465,15910,Naver
2025-10-31,253290,12216,12675,12137,12655,Naver
2025-10-31,256440,8231,8799,8042,8590,Naver
2025-10-31,256450,13950,14494,12695,13970,Naver
2025-10-31,256750,14315,14970,13040,14355,Naver
2025-10-31,261060,15935,17615,15935,17380,Naver
2025-10-31,261070,16410,16960,15275,16900,Naver
2025-10-31,261110,15995,16912,15956,16523,Naver
2025-10-31,261120,5306,5341,5034,5143,Naver
2025-10-31,261220,14350,14530,13060,13895,Naver
2025-10-31,261240,14079,14495,14045,14337,Naver
2025-10-31,261250,16008,16931,15938,16539,Naver
2025-10-31,261260,5365,5395,5075,5190,Naver
2025-10-31,261270,8010,8025,7795,7880,Naver
2025-10-31,261920,12691,13347,12691,12854,Naver
2025-10-31,266160,17587,19686,17567,19596,Naver
2025-10-31,266360,13720,14280,13010,14120,Naver
2025-10-31,266370,22000,28850,21970,28850,Naver
2025-10-31,266390,9460,9855,9200,9470,Naver
2025-10-31,266410,8440,8530,8070,8185,Naver
2025-10-31,266420,19075,20345,18495,20290,Naver
2025-10-31,266550,14965,15330,14525,15005,Naver
2025-10-31,267440,8498,8699,8464,8547,Naver
2025-10-31,267450,10666,10730,10390,10597,Naver
2025-10-31,267490,5723,6013,5708,5787,Naver
2025-10-31,267770,22967,34061,22967,33734,Naver
2025-10-31,269370,15994,16798,15994,16486,Naver
2025-10-31,269420,20546,21959,20282,21091,Naver
2025-10-31,269530,20233,20233,18723,19091,Naver
2025-10-31,269540,26460,28190,26120,27245,Naver
2025-10-31,270800,13339,13736,13154,13453,Naver
2025-10-31,270810,13965,15370,13715,15280,Naver
2025-10-31,271050,4090,4475,4075,4185,Naver
2025-10-31,271060,7720,8120,7520,8020,Naver
2025-10-31,272560,112632,112795,112617,112751,Naver
2025-10-31,272570,110317,110801,109966,110060,Naver
2025-10-31,272580,55776,55880,55776,55865,Naver
2025-10-31,272910,107944,108419,107673,107737,Naver
2025-10-31,273130,116897,117715,116011,116183,Naver
2025-10-31,273140,113182,113375,113182,113375,Naver
2025-10-31,275280,20370,23740,20200,23565,Naver
2025-10-31,275290,14115,16855,14100,16685,Naver
2025-10-31,275300,12060,15085,12060,15060,Naver
2025-10-31,275750,3270,3335,2970,2985,Naver
2025-10-31,275980,19695,20962,19546,20798,Naver
2025-10-31,276000,16545,16625,16041,16181,Naver
2025-10-31,276650,36820,40524,36820,40401,Naver
2025-10-31,276970,7316,7408,7093,7166,Naver
2025-10-31,276990,21155,24400,21155,23025,Naver
2025-10-31,277540,21869,30600,21223,23317,Naver
2025-10-31,277630,35576,42999,35576,42600,Naver
2025-10-31,277640,17565,21565,17515,21370,Naver
2025-10-31,277650,18085,19575,17760,19090,Naver
2025-10-31,278240,10899,13223,10560,13029,Naver
2025-10-31,278530,17090,20950,17090,20860,Naver
2025-10-31,278540,16125,20095,16125,20095,Naver
2025-10-31,278620,116906,117098,116827,117024,Naver
2025-10-31,279530,12804,13339,12449,13026,Naver
2025-10-31,279540,13235,14515,13235,14500,Naver
2025-10-31,280320,21821,22009,20554,21447,Naver
2025-10-31,280930,14216,14814,14151,14335,Naver
2025-10-31,280940,3955,3965,3460,3730,Naver
2025-10-31,281990,14689,15422,14303,14989,Naver
2025-10-31,282000,110163,110755,109916,110661,Naver
2025-10-31,283580,14697,15355,14426,14967,Naver
2025-10-31,284430,15004,16565,15004,16460,Naver
2025-10-31,284980,15866,16641,15356,16058,Naver
2025-10-31,285690,14105,16040,13995,15915,Naver
2025-10-31,289040,13940,16895,13940,16860,Naver
2025-10-31,289250,14024,17030,14024,17030,Naver
2025-10-31,289260,12419,16085,12354,15775,Naver
2025-10-31,289480,8702,9074,8583,9034,Naver
2025-10-31,289670,55922,56477,55432,55501,Naver
2025-10-31,290080,8630,8630,8066,8096,Naver
2025-10-31,290130,17945,22350,17945,22340,Naver
2025-10-31,291130,16330,16518,15536,16365,Naver
2025-10-31,291620,5855,5920,5285,5310,Naver
2025-10-31,291630,4810,5850,4675,5780,Naver
2025-10-31,291680,7346,7856,7002,7400,Naver
2025-10-31,291890,10006,10612,9907,10324,Naver
2025-10-31,292050,22882,27560,22787,27495,Naver
2025-10-31,292150,15227,19314,15217,19309,Naver
2025-10-31,292160,22221,26990,22221,26905,Naver
2025-10-31,292190,22330,26980,22245,26980,Naver
2025-10-31,292500,22625,27312,22625,27252,Naver
2025-10-31,292560,8790,8849,8599,8624,Naver
2025-10-31,294400,62220,76055,59835,75670,Naver
2025-10-31,295000,55276,55748,54745,54814,Naver
2025-10-31,295020,54465,55107,53991,55003,Naver
2025-10-31,295040,17825,21725,17785,21620,Naver
2025-10-31,298340,56544,56781,56474,56509,Naver
2025-10-31,298770,33285,40442,33285,40163,Naver
2025-10-31,300610,7030,7035,6615,6710,Naver
2025-10-31,300640,8360,8375,7895,7950,Naver
2025-10-31,300950,6830,6880,6360,6560,Naver
2025-10-31,301400,14245,16000,13905,15560,Naver
2025-10-31,301410,4965,5020,4480,4510,Naver
2025-10-31,302190,52063,52405,51796,51865,Naver
2025-10-31,302450,35589,42835,35529,42346,Naver
2025-10-31,304660,7715,7995,7700,7820,Naver
2025-10-31,304670,11560,11560,11145,11372,Naver
2025-10-31,304760,21818,26448,21818,26448,Naver
2025-10-31,304770,14020,15460,13810,15390,Naver
2025-10-31,304780,33690,49980,33690,49610,Naver
2025-10-31,304940,27802,29563,27564,29330,Naver
2025-10-31,305050,35585,43135,35585,42675,Naver
2025-10-31,305080,12723,13236,12698,12957,Naver
2025-10-31,305540,14595,21660,14290,20050,Naver
2025-10-31,305720,11655,17650,11425,16180,Naver
2025-10-31,306520,7370,7370,5920,5970,Naver
2025-10-31,306530,9785,11785,9400,11630,Naver
2025-10-31,306950,23335,33925,23335,33730,Naver
2025-10-31,307510,18535,18665,17730,18335,Naver
2025-10-31,307520,13752,16845,13543,16180,Naver
2025-10-31,308620,11914,12383,11889,12126,Naver
2025-10-31,309230,27873,29663,27768,28906,Naver
2025-10-31,310080,11511,11624,10741,11060,Naver
2025-10-31,310960,27785,33950,27785,33830,Naver
2025-10-31,310970,20265,25175,20265,25100,Naver
2025-10-31,314250,55797,59578,54825,59479,Naver
2025-10-31,314700,10090,11709,9995,11255,Naver
2025-10-31,315270,22201,22929,21234,22500,Naver
2025-10-31,315930,31170,39875,31045,39835,Naver
2025-10-31,315960,27500,35800,27500,35750,Naver
2025-10-31,316300,13616,14793,13576,14186,Naver
2025-10-31,319640,23797,26892,23718,24554,Naver
2025-10-31,321410,10188,10281,10056,10212,Naver
2025-10-31,322400,12295,12365,11510,12125,Naver
2025-10-31,322410,16718,17832,16368,17536,Naver
2025-10-31,325010,19590,23985,19500,23970,Naver
2025-10-31,326230,10060,10335,9880,10285,Naver
2025-10-31,326240,19790,24530,19605,24530,Naver
2025-10-31,329200,4172,4265,4158,4245,Naver
2025-10-31,329650,14015,14265,13990,14145,Naver
2025-10-31,329660,17000,17465,16965,17315,Naver
2025-10-31,329670,20194,20963,20180,20785,Naver
2025-10-31,332500,31985,39020,31920,38900,Naver
2025-10-31,332610,126504,131816,125841,128303,Naver
2025-10-31,332620,94386,99525,94270,96900,Naver
2025-10-31,332930,62375,76000,62280,75775,Naver
2025-10-31,332940,20275,25145,20200,25145,Naver
2025-10-31,334690,6297,8210,6158,7279,Naver
2025-10-31,334700,4164,4257,3203,3492,Naver
2025-10-31,336160,101800,102061,101587,101647,Naver
2025-10-31,337120,16620,19725,16570,19640,Naver
2025-10-31,337140,16850,20825,16850,20600,Naver
2025-10-31,337150,16810,20425,16750,20060,Naver
2025-10-31,337160,18837,23255,18822,23255,Naver
2025-10-31,341850,4677,4787,4662,4732,Naver
2025-10-31,352540,11953,12327,11793,12229,Naver
2025-10-31,352560,11731,11983,10944,11499,Naver
2025-10-31,354240,11201,11624,11116,11365,Naver
2025-10-31,354350,21145,22070,20205,21460,Naver
2025-10-31,354500,14095,15625,13890,15475,Naver
2025-10-31,356540,107338,108099,106588,106721,Naver
2025-10-31,357870,56550,56655,56550,56650,Naver
2025-10-31,359210,17525,21225,17525,21000,Naver
2025-10-31,360140,11012,12320,10982,12205,Naver
2025-10-31,360200,23412,24774,23312,24466,Naver
2025-10-31,360750,23157,24524,23082,24216,Naver
2025-10-31,361580,26935,32940,26935,32815,Naver
2025-10-31,363510,109919,110057,109919,110057,Naver
2025-10-31,363570,100643,101603,98771,98963,Naver
2025-10-31,363580,15220,20955,15220,20675,Naver
2025-10-31,364690,18575,22140,18485,22030,Naver
2025-10-31,364960,6830,7580,6735,7370,Naver
2025-10-31,364970,7895,8562,7665,8460,Naver
2025-10-31,364980,7780,11115,7655,10290,Naver
2025-10-31,364990,5660,5720,5215,5410,Naver
2025-10-31,365000,4850,5137,4660,4955,Naver
2025-10-31,365040,17365,20830,17365,20750,Naver
2025-10-31,367380,26324,28518,26204,28240,Naver
2025-10-31,367740,16363,20485,16363,20430,Naver
2025-10-31,367760,15445,20850,15445,20850,Naver
2025-10-31,368190,7890,9230,7715,8945,Naver
2025-10-31,368590,25434,27572,25344,27307,Naver
2025-10-31,368680,7940,9340,7795,9045,Naver
2025-10-31,371160,9998,10411,9130,9369,Naver
2025-10-31,371450,11755,12487,11207,12108,Naver
2025-10-31,371460,13400,13662,12203,13069,Naver
2025-10-31,371470,9592,9910,8520,9026,Naver
2025-10-31,371870,9632,10131,8893,9113,Naver
2025-10-31,373490,14490,18610,14475,18125,Naver
2025-10-31,373790,15046,16032,14684,15125,Naver
2025-10-31,375270,13411,14658,13323,14069,Naver
2025-10-31,375760,11464,13722,11464,13722,Naver
2025-10-31,375770,11710,13970,11710,13920,Naver
2025-10-31,376410,11626,13829,11586,13784,Naver
2025-10-31,377990,14610,19970,14585,19480,Naver
2025-10-31,379780,20152,21339,20103,21071,Naver
2025-10-31,379790,15010,15558,14859,15495,Naver
2025-10-31,379800,21157,22404,21083,22122,Naver
2025-10-31,379810,22928,24838,22833,24605,Naver
2025-10-31,380340,12250,15385,12105,15370,Naver
2025-10-31,381170,28730,31523,28565,31388,Naver
2025-10-31,381180,23373,27578,23248,27229,Naver
2025-10-31,381560,7985,10670,7875,10195,Naver
2025-10-31,381570,7500,9595,7340,8990,Naver
2025-10-31,385510,25445,32780,25445,31500,Naver
2025-10-31,385520,8515,10800,8470,10555,Naver
2025-10-31,385540,108959,110309,108257,108385,Naver
2025-10-31,385550,111541,111821,111541,111786,Naver
2025-10-31,385560,76885,79156,74001,74193,Naver
2025-10-31,385590,10760,12780,10725,12610,Naver
2025-10-31,385600,6545,8545,6530,8215,Naver
2025-10-31,385720,12430,14802,12430,14695,Naver
2025-10-31,387270,19211,20948,19211,20793,Naver
2025-10-31,387280,8290,10130,8290,9865,Naver
2025-10-31,388280,7460,7460,7130,7320,Naver
2025-10-31,388420,13830,17110,13830,17015,Naver
2025-10-31,390390,31044,36116,31019,35592,Naver
2025-10-31,390400,7040,7608,7035,7405,Naver
2025-10-31,391600,10841,11976,10697,11404,Naver
2025-10-31,391670,12889,15775,12889,15495,Naver
2025-10-31,394670,8806,9990,8072,9770,Naver
2025-10-31,395150,3360,3395,3140,3340,Naver
2025-10-31,395160,12995,17070,12995,17070,Naver
2025-10-31,395170,9010,11487,9010,11222,Naver
2025-10-31,395270,14830,19500,14830,19500,Naver
2025-10-31,395280,4185,4185,3890,4010,Naver
2025-10-31,395290,9125,9645,8575,9560,Naver
2025-10-31,395750,10580,12395,10530,12395,Naver
2025-10-31,396500,14473,18795,14468,18795,Naver
2025-10-31,396510,7332,8087,6903,7786,Naver
2025-10-31,396520,10278,10827,9296,9705,Naver
2025-10-31,397420,51854,52062,51252,51620,Naver
2025-10-31,399110,18040,19214,17950,19016,Naver
2025-10-31,399580,8031,9306,8031,9074,Naver
2025-10-31,400580,11036,11636,10962,11443,Naver
2025-10-31,400590,13345,15000,12900,13890,Naver
2025-10-31,400970,8085,8350,7765,8300,Naver
2025-10-31,401170,7340,7884,7170,7884,Naver
2025-10-31,401470,8105,8360,7815,8350,Naver
2025-10-31,401590,10723,11472,10723,11242,Naver
2025-10-31,402460,8110,8655,8045,8625,Naver
2025-10-31,402970,12176,12414,11955,12063,Naver
2025-10-31,403790,28287,33961,28287,33472,Naver
2025-10-31,404120,15120,19030,15120,18575,Naver
2025-10-31,404260,13320,16940,13280,16515,Naver
2025-10-31,404540,13331,17093,13331,16643,Naver
2025-10-31,404650,13293,16885,13243,16466,Naver
2025-10-31,407300,8281,9095,8281,8796,Naver
2025-10-31,407310,9743,12081,9683,11907,Naver
2025-10-31,407820,8049,8229,7730,8069,Naver
2025-10-31,407830,17290,18500,16950,17490,Naver
2025-10-31,409810,6530,6587,6140,6190,Naver
2025-10-31,409820,15167,17132,14854,16864,Naver
2025-10-31,410870,13075,13130,11840,12530,Naver
2025-10-31,411060,27980,32795,25185,26495,Naver
2025-10-31,411540,9887,12578,9739,12082,Naver
2025-10-31,411860,16880,17355,16625,16885,Naver
2025-10-31,412560,2294,2823,2235,2718,Naver
2025-10-31,412570,1024,2036,985,1732,Naver
2025-10-31,412770,14656,15449,14123,14766,Naver
2025-10-31,413220,5252,5792,4861,5426,Naver
2025-10-31,413930,13085,15610,13005,15580,Naver
2025-10-31,414270,13712,14434,13353,14200,Naver
2025-10-31,414780,11983,12507,11030,11609,Naver
2025-10-31,415340,12315,12700,11270,11860,Naver
2025-10-31,415760,11615,12061,10551,11110,Naver
2025-10-31,415920,6475,9620,6350,6825,Naver
2025-10-31,416090,11644,12314,10365,10909,Naver
2025-10-31,417450,10596,14329,10541,13124,Naver
2025-10-31,417630,12433,14430,12228,14410,Naver
2025-10-31,418660,30983,36261,30765,35618,Naver
2025-10-31,419420,7841,9324,7701,8566,Naver
2025-10-31,419430,10580,11300,9740,10920,Naver
2025-10-31,419650,4580,5660,4470,5270,Naver
2025-10-31,419890,106215,106381,106210,106225,Naver
2025-10-31,421320,24155,24600,22100,23770,Naver
2025-10-31,422260,10758,11048,9709,9709,Naver
2025-10-31,422420,5717,8511,5572,7807,Naver
2025-10-31,423160,109237,109489,109237,109489,Naver
2025-10-31,423170,24835,30800,24760,30685,Naver
2025-10-31,423920,31159,42908,30920,41895,Naver
2025-10-31,424460,15130,15634,14921,15050,Naver
2025-10-31,426020,25683,28328,24755,27635,Naver
2025-10-31,426030,35424,37937,33736,37268,Naver
2025-10-31,426150,57602,58190,56832,56852,Naver
2025-10-31,427120,8069,8069,7559,7754,Naver
2025-10-31,428510,16770,18200,15326,16690,Naver
2025-10-31,428560,16666,16909,15730,16461,Naver
2025-10-31,429000,12072,12506,11882,12177,Naver
2025-10-31,429010,15802,16647,15648,16428,Naver
2025-10-31,429740,6714,6763,6622,6738,Naver
2025-10-31,429980,13990,15710,13290,15265,Naver
2025-10-31,430500,115410,116097,114382,114570,Naver
2025-10-31,432600,55513,55648,54884,55364,Naver
2025-10-31,432840,17430,18432,17365,18205,Naver
2025-10-31,433220,23520,26705,23520,25345,Naver
2025-10-31,433250,15025,17455,15000,17310,Naver
2025-10-31,433330,19346,20492,19297,20240,Naver
2025-10-31,433500,32865,44355,32620,42285,Naver
2025-10-31,433880,16618,17928,16534,17220,Naver
2025-10-31,433970,13328,13749,13075,13575,Naver
2025-10-31,433980,14649,15214,14590,14966,Naver
2025-10-31,434730,36730,51490,36730,50250,Naver
2025-10-31,434960,48438,58812,48438,58663,Naver
2025-10-31,435040,18648,19769,18523,19614,Naver
2025-10-31,435420,13390,14729,13390,13734,Naver
2025-10-31,435530,13685,14700,13685,14500,Naver
2025-10-31,435540,15350,16100,15285,15855,Naver
2025-10-31,435550,15600,16530,15565,16295,Naver
2025-10-31,436140,112673,113485,111841,112105,Naver
2025-10-31,437080,99784,101100,99740,100113,Naver
2025-10-31,437350,12188,12550,12124,12364,Naver
2025-10-31,437370,9239,9591,9126,9229,Naver
2025-10-31,438080,13234,13839,12794,13502,Naver
2025-10-31,438100,13899,14998,13875,14522,Naver
2025-10-31,438320,11681,12775,9559,9956,Naver
2025-10-31,438560,100872,101213,100652,100735,Naver
2025-10-31,438570,105684,106716,104782,104836,Naver
2025-10-31,438740,30330,31716,29367,31172,Naver
2025-10-31,438900,12480,12600,11645,11780,Naver
2025-10-31,439860,114705,114991,114440,114474,Naver
2025-10-31,439870,118232,120320,114313,114491,Naver
2025-10-31,440340,11420,11900,11206,11609,Naver
2025-10-31,440640,109903,110070,109858,110050,Naver
2025-10-31,440910,22529,24954,22484,24570,Naver
2025-10-31,441540,28995,35980,27870,34160,Naver
2025-10-31,441640,11590,12193,10839,11992,Naver
2025-10-31,441680,9650,10257,9409,10144,Naver
2025-10-31,441800,16086,18725,16086,18514,Naver
2025-10-31,442320,35044,45203,34755,44505,Naver
2025-10-31,442550,13484,14058,13474,13930,Naver
2025-10-31,442570,14726,16424,14726,15480,Naver
2025-10-31,442580,27030,38445,27020,37260,Naver
2025-10-31,444490,17712,18729,17648,18505,Naver
2025-10-31,445150,29690,37000,28720,33795,Naver
2025-10-31,445290,19145,23580,19070,23370,Naver
2025-10-31,445690,19165,21040,19120,20995,Naver
2025-10-31,445910,15844,16552,15467,16407,Naver
2025-10-31,446690,22119,28292,22119,28197,Naver
2025-10-31,446700,8665,12000,8530,11115,Naver
2025-10-31,446720,11010,11222,10719,10930,Naver
2025-10-31,446770,36859,46098,36839,45704,Naver
2025-10-31,447430,14824,14839,14236,14696,Naver
2025-10-31,447620,14540,15120,14210,15055,Naver
2025-10-31,447660,12870,13589,12685,13314,Naver
2025-10-31,447770,15049,15586,14715,15103,Naver
2025-10-31,448100,49172,59734,49032,59470,Naver
2025-10-31,448290,15697,16270,15463,16145,Naver
2025-10-31,448300,19532,20804,19382,20625,Naver
2025-10-31,448330,11896,12856,11896,12836,Naver
2025-10-31,448490,57104,57669,56624,56678,Naver
2025-10-31,448540,24709,27251,23783,25690,Naver
2025-10-31,448570,16830,19095,16695,19010,Naver
2025-10-31,448630,10575,11925,10575,11820,Naver
2025-10-31,449170,109157,109401,109152,109396,Naver
2025-10-31,449180,15142,15685,14923,15565,Naver
2025-10-31,449450,56835,60795,50590,58690,Naver
2025-10-31,449580,16105,16848,15852,16610,Naver
2025-10-31,449680,9915,11784,9780,11534,Naver
2025-10-31,449770,18620,19684,18540,19441,Naver
2025-10-31,449780,16517,17120,16268,16960,Naver
2025-10-31,450180,10375,12100,10050,11870,Naver
2025-10-31,450190,23970,27535,23495,26670,Naver
2025-10-31,451000,115352,115352,113432,113566,Naver
2025-10-31,451060,15433,18824,15408,18735,Naver
2025-10-31,451150,20855,21075,19895,20000,Naver
2025-10-31,451540,56079,56558,55758,55812,Naver
2025-10-31,451600,113166,115976,110079,110380,Naver
2025-10-31,451670,23861,24624,22267,22356,Naver
2025-10-31,452250,5567,5940,5547,5714,Naver
2025-10-31,452360,10701,10825,10407,10496,Naver
2025-10-31,453060,108810,109035,108810,109035,Naver
2025-10-31,453080,19547,20839,19417,20625,Naver
2025-10-31,453330,15909,16496,15689,16372,Naver
2025-10-31,453630,11616,12130,11033,11580,Naver
2025-10-31,453640,11787,12746,11738,12498,Naver
2025-10-31,453660,18126,18619,16775,18365,Naver
2025-10-31,453810,13203,14436,13178,14053,Naver
2025-10-31,453820,15651,18132,15632,17135,Naver
2025-10-31,453850,7702,7982,7692,7830,Naver
2025-10-31,453870,13007,14270,12937,13752,Naver
2025-10-31,453950,19163,22170,19163,22015,Naver
2025-10-31,454180,9620,9625,9117,9219,Naver
2025-10-31,454320,25860,34700,25860,33580,Naver
2025-10-31,454780,106244,106968,105449,105525,Naver
2025-10-31,455030,11837,12189,11802,12063,Naver
2025-10-31,455660,9604,9637,9481,9584,Naver
2025-10-31,455850,14670,17760,14645,17700,Naver
2025-10-31,455860,3835,5820,3685,5325,Naver
2025-10-31,455890,53992,54098,53992,54096,Naver
2025-10-31,455960,11830,12200,11830,12105,Naver
2025-10-31,456200,58845,60445,58770,60055,Naver
2025-10-31,456250,10336,11327,10022,11044,Naver
2025-10-31,456600,35244,39691,35029,38492,Naver
2025-10-31,456610,58861,60590,58682,59931,Naver
2025-10-31,456680,11163,11594,9334,10637,Naver
2025-10-31,456880,11935,12285,11902,12155,Naver
2025-10-31,457480,20374,22756,19715,21949,Naver
2025-10-31,457690,11037,11131,10954,10983,Naver
2025-10-31,457700,11862,12123,11572,11587,Naver
2025-10-31,457930,16225,19905,16125,19905,Naver
2025-10-31,458030,53742,53802,53738,53797,Naver
2025-10-31,458210,107885,108095,107880,108095,Naver
2025-10-31,458250,39158,41487,39073,40312,Naver
2025-10-31,458260,48077,48979,48064,48333,Naver
2025-10-31,458730,11991,12232,11790,11916,Naver
2025-10-31,458750,10492,10735,10332,10440,Naver
2025-10-31,458760,9016,9258,8921,8987,Naver
2025-10-31,459580,1059507,1061396,1059507,1061396,Naver
2025-10-31,459750,15534,16427,15529,16180,Naver
2025-10-31,459790,16962,18435,16827,18296,Naver
2025-10-31,460270,12310,12660,12295,12550,Naver
2025-10-31,460660,10662,10919,10425,10465,Naver
2025-10-31,460960,10843,11248,10796,11110,Naver
2025-10-31,461270,11000,11040,11000,11020,Naver
2025-10-31,461340,26672,29505,26497,29410,Naver
2025-10-31,461450,13625,15475,13380,15155,Naver
2025-10-31,461460,55953,55953,54921,55020,Naver
2025-10-31,461490,14308,14948,14089,14502,Naver
2025-10-31,461500,111403,112067,110620,110655,Naver
2025-10-31,461580,13920,15810,13745,15535,Naver
2025-10-31,461600,8853,9190,8838,8990,Naver
2025-10-31,461900,21200,27700,20490,22995,Naver
2025-10-31,461910,36122,42817,34704,42063,Naver
2025-10-31,461950,3960,6420,3825,5760,Naver
2025-10-31,462010,3900,6340,3770,5695,Naver
2025-10-31,462330,992,2190,940,1842,Naver
2025-10-31,462340,16865,17500,16650,16850,Naver
2025-10-31,462900,17650,18790,16750,18700,Naver
2025-10-31,463050,14950,16240,14050,16160,Naver
2025-10-31,463250,32935,33230,28785,32055,Naver
2025-10-31,463290,106624,106811,106619,106796,Naver
2025-10-31,463300,12748,13423,12443,12921,Naver
2025-10-31,463640,14120,15281,14035,14807,Naver
2025-10-31,463680,17208,19433,17108,18914,Naver
2025-10-31,463690,18870,19248,18287,18920,Naver
2025-10-31,464240,51654,51733,51654,51699,Naver
2025-10-31,464310,14045,15616,13961,15204,Naver
2025-10-31,464920,15405,19195,15230,18720,Naver
2025-10-31,464930,18633,19507,17943,19273,Naver
2025-10-31,465330,7970,12275,7810,11240,Naver
2025-10-31,465350,33665,34399,21280,23226,Naver
2025-10-31,465580,21009,23363,20909,23274,Naver
2025-10-31,465610,35035,42265,34452,42063,Naver
2025-10-31,465620,7950,8375,7156,7258,Naver
2025-10-31,465660,14711,17581,14563,17437,Naver
2025-10-31,465670,13510,14110,13177,13549,Naver
2025-10-31,465780,104164,104285,104159,104232,Naver
2025-10-31,466810,4650,7355,4540,6690,Naver
2025-10-31,466920,32705,41465,31280,39395,Naver
2025-10-31,466930,11780,15275,11670,14160,Naver
2025-10-31,466940,19531,20189,18708,19375,Naver
2025-10-31,468370,11131,11492,11061,11241,Naver
2025-10-31,468380,11052,11377,10994,11207,Naver
2025-10-31,468630,11389,11810,11307,11537,Naver
2025-10-31,469050,16740,19373,16680,19089,Naver
2025-10-31,469060,18149,21390,18149,21110,Naver
2025-10-31,469070,10460,12490,10330,12370,Naver
2025-10-31,469150,19040,26055,18970,26055,Naver
2025-10-31,469160,14036,17158,13854,17065,Naver
2025-10-31,469170,4915,6779,4765,6091,Naver
2025-10-31,469530,9285,9295,9040,9120,Naver
2025-10-31,469790,14780,18899,14740,18879,Naver
2025-10-31,469830,52878,52972,52878,52962,Naver
2025-10-31,470310,9650,11555,9580,11380,Naver
2025-10-31,471040,18660,21810,18350,21775,Naver
2025-10-31,471460,62380,63879,60258,60393,Naver
2025-10-31,471760,10255,12425,10200,11870,Naver
2025-10-31,471780,13245,16430,13000,16370,Naver
2025-10-31,471990,12185,15780,12125,15580,Naver
2025-10-31,472150,10731,12298,10731,12258,Naver
2025-10-31,472160,17566,18998,17262,18913,Naver
2025-10-31,472170,13691,14289,13188,14174,Naver
2025-10-31,472720,15502,18009,15463,17627,Naver
2025-10-31,472830,8633,9185,8614,8926,Naver
2025-10-31,472840,47904,58010,47649,57871,Naver
2025-10-31,472870,8286,8545,8076,8181,Naver
2025-10-31,472920,103937,104557,103391,103391,Naver
2025-10-31,473290,10704,10803,10685,10690,Naver
2025-10-31,473330,8606,9139,8582,8945,Naver
2025-10-31,473440,10555,10580,10550,10580,Naver
2025-10-31,473460,23764,25818,23355,25379,Naver
2025-10-31,473590,19955,23487,19875,22603,Naver
2025-10-31,473640,27655,31028,24950,26457,Naver
2025-10-31,474220,14384,15606,14228,15543,Naver
2025-10-31,474390,54619,55621,53038,53200,Naver
2025-10-31,474590,14080,18625,14080,18535,Naver
2025-10-31,474920,19850,20030,17905,18560,Naver
2025-10-31,475050,12300,13000,11500,12860,Naver
2025-10-31,475070,23365,28915,22390,26270,Naver
2025-10-31,475080,8457,8725,8301,8558,Naver
2025-10-31,475260,10493,10518,10488,10508,Naver
2025-10-31,475280,10485,10504,10475,10499,Naver
2025-10-31,475300,11300,12480,11295,12220,Naver
2025-10-31,475310,14000,17690,13820,17500,Naver
2025-10-31,475350,13240,13839,12889,13587,Naver
2025-10-31,475380,10059,10517,9638,10084,Naver
2025-10-31,475630,1048677,1050571,1048677,1050571,Naver
2025-10-31,475720,8913,10234,8913,10230,Naver
2025-10-31,476000,10295,11355,10055,11175,Naver
2025-10-31,476030,14507,15718,14447,15560,Naver
2025-10-31,476070,9673,10460,9623,10222,Naver
2025-10-31,476260,7855,9890,7855,9320,Naver
2025-10-31,476310,8381,9090,8381,8627,Naver
2025-10-31,476450,51397,51480,51397,51480,Naver
2025-10-31,476550,7489,7732,7470,7597,Naver
2025-10-31,476750,8901,9161,8712,8851,Naver
2025-10-31,476760,9673,10272,9635,9978,Naver
2025-10-31,476800,4584,4646,4565,4623,Naver
2025-10-31,476850,11348,13173,11315,13085,Naver
2025-10-31,477050,52067,52186,52067,52156,Naver
2025-10-31,477080,104830,105035,104830,105030,Naver
2025-10-31,477490,18720,20525,18520,19355,Naver
2025-10-31,477730,8300,8963,8285,8799,Naver
2025-10-31,478150,19666,20642,19437,20283,Naver
2025-10-31,479080,52276,52395,52276,52395,Naver
2025-10-31,479520,103902,104136,103902,104126,Naver
2025-10-31,479620,13060,16000,12965,15685,Naver
2025-10-31,479730,10789,11447,10410,10983,Naver
2025-10-31,479850,16440,16615,15300,15730,Naver
2025-10-31,480020,11099,12136,11007,12104,Naver
2025-10-31,480030,9619,10101,9585,10027,Naver
2025-10-31,480040,10099,11620,10035,11620,Naver
2025-10-31,480260,53178,53302,53154,53178,Naver
2025-10-31,480310,12301,14289,12152,13879,Naver
2025-10-31,480460,9458,9623,9370,9537,Naver
2025-10-31,481050,1007799,1009763,1007799,1009763,Naver
2025-10-31,481060,8015,8273,8010,8141,Naver
2025-10-31,481180,15685,16455,15420,16145,Naver
2025-10-31,481190,15670,17090,15475,17015,Naver
2025-10-31,481340,9568,10179,9491,9818,Naver
2025-10-31,481430,106116,106985,105074,105262,Naver
2025-10-31,482030,7976,9988,7966,9429,Naver
2025-10-31,483020,10795,12430,10685,12350,Naver
2025-10-31,483030,9407,10103,9407,9775,Naver
2025-10-31,483240,11868,12781,11443,12652,Naver
2025-10-31,483290,8521,8782,8455,8520,Naver
2025-10-31,483320,12632,15392,12493,14949,Naver
2025-10-31,483330,13606,14427,13049,13935,Naver
2025-10-31,483340,13325,15842,13325,15509,Naver
2025-10-31,483570,14480,15985,14260,15635,Naver
2025-10-31,484880,15746,16688,15130,16022,Naver
2025-10-31,484890,51332,51421,51327,51416,Naver
2025-10-31,485540,13930,15328,13805,15119,Naver
2025-10-31,485690,16471,19015,16406,18695,Naver
2025-10-31,485810,8751,9499,8746,9364,Naver
2025-10-31,486240,11545,14970,11530,14800,Naver
2025-10-31,486290,9585,10359,9281,10275,Naver
2025-10-31,486450,19155,22350,19110,21650,Naver
2025-10-31,486830,51886,51990,51886,51980,Naver
2025-10-31,487130,12755,16440,12755,16125,Naver
2025-10-31,487230,17835,20937,17665,19839,Naver
2025-10-31,487240,16875,25500,16875,24980,Naver
2025-10-31,487340,102899,103086,102839,103081,Naver
2025-10-31,487910,9695,10330,9500,9915,Naver
2025-10-31,487920,8420,9160,8400,8940,Naver
2025-10-31,487950,9793,10415,9535,9999,Naver
2025-10-31,488080,9812,16195,9707,16195,Naver
2025-10-31,488200,8220,12570,8110,11710,Naver
2025-10-31,488210,11105,13045,11105,12840,Naver
2025-10-31,488480,11375,12167,10868,11911,Naver
2025-10-31,488500,11118,11615,11009,11242,Naver
2025-10-31,488720,51493,51868,51127,51186,Naver
2025-10-31,488770,102412,102658,102412,102658,Naver
2025-10-31,488980,51029,51107,51025,51039,Naver
2025-10-31,489000,10090,10110,9789,9789,Naver
2025-10-31,489010,15460,18145,15350,17360,Naver
2025-10-31,489030,8810,8828,8128,8216,Naver
2025-10-31,489290,15040,15705,14745,15505,Naver
2025-10-31,489860,13007,13814,12334,13611,Naver
2025-10-31,490090,13962,15903,13852,15289,Naver
2025-10-31,490330,9730,11370,9730,11195,Naver
2025-10-31,490480,27665,29050,24690,28125,Naver
2025-10-31,490490,10061,10381,9923,10076,Naver
2025-10-31,490590,11823,13702,11823,13449,Naver
2025-10-31,490600,8081,8227,7933,7933,Naver
2025-10-31,491010,18710,22231,18510,21946,Naver
2025-10-31,491090,15285,16958,15206,16864,Naver
2025-10-31,491220,56440,68810,56440,68685,Naver
2025-10-31,491230,51162,51256,51162,51246,Naver
2025-10-31,491510,12865,13880,12670,13725,Naver
2025-10-31,491610,102326,102505,102326,102505,Naver
2025-10-31,491620,9853,10672,9820,10579,Naver
2025-10-31,491630,13689,13852,11714,11814,Naver
2025-10-31,491700,48215,58550,48215,58550,Naver
2025-10-31,491820,20320,30700,20320,30090,Naver
2025-10-31,491830,13906,17071,13782,16703,Naver
2025-10-31,492500,51029,51152,50995,51009,Naver
2025-10-31,493420,10314,10369,9666,10084,Naver
2025-10-31,493810,10661,11733,10618,11682,Naver
2025-10-31,494180,13205,13664,12800,13539,Naver
2025-10-31,494210,9969,10562,9927,10440,Naver
2025-10-31,494220,15610,22000,15600,20010,Naver
2025-10-31,494300,8964,9617,8933,9552,Naver
2025-10-31,494310,17775,28175,17680,28100,Naver
2025-10-31,494330,13579,14856,13411,14741,Naver
2025-10-31,494340,12320,13787,12320,13458,Naver
2025-10-31,494410,12845,13614,12062,13235,Naver
2025-10-31,494420,8728,9186,8728,9035,Naver
2025-10-31,494670,25563,32595,24246,30925,Naver
2025-10-31,494840,12137,12729,11898,12430,Naver
2025-10-31,494890,13783,16818,13763,16748,Naver
2025-10-31,495040,13672,16496,13672,16421,Naver
2025-10-31,495050,13855,16624,13770,16549,Naver
2025-10-31,495060,13180,15635,13110,15515,Naver
2025-10-31,495230,13931,17043,13931,16949,Naver
2025-10-31,495550,14140,16965,14065,16900,Naver
2025-10-31,495710,50921,50986,50906,50986,Naver
2025-10-31,495750,13756,16597,13756,16547,Naver
2025-10-31,495850,13768,16594,13739,16489,Naver
2025-10-31,495940,13170,14587,12287,14323,Naver
2025-10-31,496020,50958,51067,50958,51052,Naver
2025-10-31,496090,13822,16600,13787,16550,Naver
2025-10-31,496120,14009,16887,14009,16832,Naver
2025-10-31,496770,19060,19060,16855,17575,Naver
2025-10-31,497510,10027,11246,10027,10533,Naver
2025-10-31,497520,10515,11603,10515,11235,Naver
2025-10-31,497570,13840,16539,13770,16136,Naver
2025-10-31,497780,9375,9423,8983,9160,Naver
2025-10-31,497880,49288,49393,49288,49388,Naver
2025-10-31,498050,13030,13805,12560,13795,Naver
2025-10-31,498180,99210,99843,98673,98673,Naver
2025-10-31,498270,13654,17324,13510,15532,Naver
2025-10-31,498400,10647,12652,10647,12629,Naver
2025-10-31,498410,11485,11721,10886,11215,Naver
2025-10-31,498610,9588,10524,9514,10282,Naver
2025-10-31,499150,10697,10939,9945,10682,Naver
2025-10-31,499660,986983,988773,986983,988773,Naver
2025-11-01,0000H0,11125,12130,11050,11620,Yahoo
2025-11-01,0021D0,11080,11280,10870,11080,Yahoo
2025-11-01,0023B0,21500,21500,16095,17640,Yahoo
2025-11-01,0048J0,14290,14825,14280,14710,Yahoo
2025-11-01,0083S0,12525,12555,11365,12530,Yahoo
2025-11-01,0092B0,11500,11540,9975,10735,Yahoo
2025-11-01,0093B0,11555,11700,10925,11435,Yahoo
2025-11-01,0094M0,12570,13110,11520,11880,Yahoo
2025-11-01,0105E0,10320,11040,9935,10640,Yahoo
2025-11-01,0127M0,10235,10400,9805,10295,Yahoo
2025-11-01,0127V0,10325,10445,9870,10300,Yahoo
2025-11-01,091170,11800,13340,11715,12520,Yahoo
2025-11-01,099140,24120,25950,23990,24645,Yahoo
2025-11-01,104530,15100,16220,14635,15585,Yahoo
2025-11-01,105780,9500,9715,8705,8935,Yahoo
2025-11-01,114460,103295,103295,102390,102650,Yahoo
2025-11-01,122260,105250,105385,105200,105340,Yahoo
2025-11-01,136340,106860,107555,105680,105880,Yahoo
2025-11-01,138910,8205,8275,7865,8215,Yahoo
2025-11-01,139220,4625,4640,4215,4495,Yahoo
2025-11-01,139280,11875,12575,11740,12495,Yahoo
2025-11-01,139320,17205,18180,16790,17955,Yahoo
2025-11-01,147970,53820,54905,48550,49950,Yahoo
2025-11-01,153270,43995,45540,40335,41955,Yahoo
2025-11-01,174360,23070,24240,22495,23335,Yahoo
2025-11-01,182480,12475,13120,12325,12710,Yahoo
2025-11-01,195920,28650,30290,27350,28825,Yahoo
2025-11-01,196030,61460,63500,56980,62865,Yahoo
2025-11-01,217770,2650,2815,2650,2755,Yahoo
2025-11-01,219480,30355,30380,28930,30170,Yahoo
2025-11-01,245340,33195,34765,32830,33985,Yahoo
2025-11-01,251600,13885,14450,13735,14205,Yahoo
2025-11-01,252000,16350,16845,15585,16090,Yahoo
2025-11-01,261140,18120,18440,16610,17255,Yahoo
2025-11-01,280920,17015,17345,15170,15620,Yahoo
2025-11-01,287180,45385,45385,40130,42530,Yahoo
2025-11-01,292770,56305,56945,56305,56945,Yahoo
2025-11-01,293180,58340,60135,54180,55910,Yahoo
2025-11-01,316670,7685,8105,7330,7930,Yahoo
2025-11-01,325020,18900,19700,17950,18895,Yahoo
2025-11-01,328370,22885,23400,21280,21835,Yahoo
2025-11-01,329750,13230,13720,13125,13545,Yahoo
2025-11-01,360150,7065,7555,6855,7535,Yahoo
2025-11-01,365780,90680,90785,88480,88885,Yahoo
2025-11-01,367770,18770,19045,16415,17145,Yahoo
2025-11-01,371150,9335,9660,8590,8925,Yahoo
2025-11-01,372330,9390,9780,8700,9100,Yahoo
2025-11-01,385710,9875,10280,9290,9950,Yahoo
2025-11-01,394660,14595,15005,13040,14380,Yahoo
2025-11-01,395760,13380,13665,12490,12960,Yahoo
2025-11-01,400570,11170,11720,11115,11615,Yahoo
2025-11-01,411420,21105,21260,18540,20055,Yahoo
2025-11-01,418670,14945,15280,13790,13965,Yahoo
2025-11-01,429760,18105,18685,17800,18595,Yahoo
2025-11-01,434060,16075,16495,15815,16300,Yahoo
2025-11-01,437070,63300,65510,63165,64810,Yahoo
2025-11-01,438330,116790,116790,115020,115405,Yahoo
2025-11-01,440650,12050,12485,12020,12440,Yahoo
2025-11-01,442090,19450,20025,18275,19000,Yahoo
2025-11-01,442260,20105,20750,18660,19335,Yahoo
2025-11-01,442560,14985,15225,14565,15015,Yahoo
2025-11-01,444200,31565,32830,28700,29895,Yahoo
2025-11-01,449190,19935,19960,18450,19450,Yahoo
2025-11-01,449690,26385,27400,24195,25365,Yahoo
2025-11-01,450910,15170,15935,14405,15570,Yahoo
2025-11-01,451530,55805,56375,51300,51930,Yahoo
2025-11-01,453010,108735,108927,107730,108925,Yahoo
2025-11-01,453650,18375,19440,18180,19045,Yahoo
2025-11-01,457990,23385,25495,20415,21400,Yahoo
2025-11-01,459560,20590,21000,18175,19320,Yahoo
2025-11-01,464470,54095,55710,53500,55425,Yahoo
2025-11-01,464600,11710,11910,10700,11900,Yahoo
2025-11-01,464610,11155,11380,10160,11010,Yahoo
2025-11-01,466950,25055,25100,21520,23275,Yahoo
2025-11-01,471230,112975,113985,110090,110655,Yahoo
2025-11-01,473490,22660,22865,20105,20950,Yahoo
2025-11-01,474800,11485,12470,10710,12055,Yahoo
2025-11-01,475270,10615,10630,10495,10495,Yahoo
2025-11-01,476690,9130,10670,8905,10540,Yahoo
2025-11-01,482730,11780,12175,11615,12000,Yahoo
2025-11-01,483280,13125,13290,12430,13000,Yahoo
2025-11-01,483420,14365,14760,13625,14580,Yahoo
2025-11-01,484790,9165,9190,9010,9145,Yahoo
2025-11-01,487750,13360,14520,12000,13190,Yahoo
2025-11-01,488290,33055,33460,30035,31385,Yahoo
2025-11-01,489250,10410,11000,10355,10990,Yahoo
2025-11-01,495330,16615,17245,15435,15875,Yahoo
2025-11-01,496080,16675,17370,15520,15975,Yahoo
2025-11-01,496130,15725,16250,14805,15375,Yahoo
2025-11-01,498860,14395,15870,14015,14610,Yahoo
2025-11-28,0000D0,9889,10066,9562,9838,Naver
2025-11-28,0000J0,28160,28860,23170,23280,Naver
2025-11-28,0000Y0,99801,99840,99694,99830,Naver
2025-11-28,0000Z0,14345,16565,14195,16050,Naver
2025-11-28,0001P0,10560,12005,10460,11860,Naver
2025-11-28,0002C0,10830,11150,10610,11035,Naver
2025-11-28,0004G0,8981,9168,8813,9089,Naver
2025-11-28,0005A0,9270,9502,9072,9502,Naver
2025-11-28,0005C0,11080,11591,10603,11080,Naver
2025-11-28,0005D0,13919,14598,12690,13504,Naver
2025-11-28,0005G0,19767,21651,17927,19512,Naver
2025-11-28,0007F0,10114,10119,10050,10065,Naver
2025-11-28,0007G0,18090,18324,13587,14644,Naver
2025-11-28,0007N0,59075,60770,54145,56405,Naver
2025-11-28,0008E0,11615,11669,10775,11595,Naver
2025-11-28,0008S0,8213,8671,8146,8671,Naver
2025-11-28,0008T0,14207,14307,12149,13123,Naver
2025-11-28,0013P0,11361,11916,11028,11639,Naver
2025-11-28,0013R0,9412,9696,9230,9651,Naver
2025-11-28,0015B0,14905,15380,13240,14305,Naver
2025-11-28,0015E0,11152,11251,10499,10737,Naver
2025-11-28,0015F0,11465,11489,10306,10915,Naver
2025-11-28,0015K0,8586,8695,7755,8342,Naver
2025-11-28,0016X0,50593,50608,50425,50490,Naver
2025-11-28,0017Y0,99320,99355,97590,98055,Naver
2025-11-28,0018C0,10633,11460,10340,11112,Naver
2025-11-28,0018Z0,18449,18489,14874,16150,Naver
2025-11-28,0019K0,11829,11904,11185,11609,Naver
2025-11-28,0020H0,22995,23280,17460,19105,Naver
2025-11-28,0021C0,12205,12639,11961,12455,Naver
2025-11-28,0021E0,11556,12039,11486,11855,Naver
2025-11-28,0022T0,12583,13666,12505,13618,Naver
2025-11-28,0023A0,30702,30982,23557,26360,Naver
2025-11-28,0025N0,11317,11598,11173,11569,Naver
2025-11-28,0026E0,10620,11032,10595,10992,Naver
2025-11-28,0026S0,11880,12258,11676,12184,Naver
2025-11-28,0028X0,12494,12968,11091,12574,Naver
2025-11-28,0035T0,16313,17324,13885,16398,Naver
2025-11-28,0036D0,10136,10631,9708,10380,Naver
2025-11-28,0036R0,15825,16189,14796,15795,Naver
2025-11-28,0036Z0,10158,10915,9958,10588,Naver
2025-11-28,0038A0,16169,16434,14726,15905,Naver
2025-11-28,0040S0,16410,16760,14751,16140,Naver
2025-11-28,0040X0,10887,11118,10318,10635,Naver
2025-11-28,0040Y0,9267,9354,8860,9062,Naver
2025-11-28,0041D0,16543,16623,14209,14949,Naver
2025-11-28,0041E0,13825,14264,13496,14105,Naver
2025-11-28,0043B0,100835,100995,99490,100995,Naver
2025-11-28,0043Y0,14204,14259,12515,13450,Naver
2025-11-28,0046A0,9756,10111,9741,10077,Naver
2025-11-28,0046Y0,11501,12004,11352,11885,Naver
2025-11-28,0047A0,13045,13435,12000,12600,Naver
2025-11-28,0047N0,12038,12771,11110,11569,Naver
2025-11-28,0047P0,14314,14414,13324,14099,Naver
2025-11-28,0047R0,14412,14647,13214,13879,Naver
2025-11-28,0048K0,11250,11345,9825,10350,Naver
2025-11-28,0049K0,10645,11035,10467,10859,Naver
2025-11-28,0049M0,10878,11234,10689,11181,Naver
2025-11-28,0050E0,10008,10077,9201,9483,Naver
2025-11-28,0051A0,16415,16510,14840,16490,Naver
2025-11-28,0051G0,19435,19604,15625,16674,Naver
2025-11-28,0052D0,12256,13289,11875,13000,Naver
2025-11-28,0052S0,11205,11594,11195,11564,Naver
2025-11-28,0052T0,49943,49943,49775,49820,Naver
2025-11-28,0053L0,13520,13520,11681,12640,Naver
2025-11-28,0053M0,11315,11585,10160,10610,Naver
2025-11-28,0057H0,11260,11652,11255,11592,Naver
2025-11-28,0060H0,11582,12005,11343,11845,Naver
2025-11-28,0061Z0,49856,49937,49851,49935,Naver
2025-11-28,0064K0,11980,12995,11905,12915,Naver
2025-11-28,0065G0,11515,11920,10790,11240,Naver
2025-11-28,0066W0,11980,13140,11980,12990,Naver
2025-11-28,0067V0,12211,12211,10256,11386,Naver
2025-11-28,0067Y0,13520,13550,12300,12735,Naver
2025-11-28,0068M0,11260,11785,11240,11785,Naver
2025-11-28,0069M0,12304,12523,11735,12369,Naver
2025-11-28,0072R0,12655,13765,12420,13290,Naver
2025-11-28,0073X0,11186,11405,10488,11183,Naver
2025-11-28,0074K0,13135,13520,11720,12240,Naver
2025-11-28,0078V0,13134,13304,11245,12100,Naver
2025-11-28,0079X0,12718,12968,11586,12204,Naver
2025-11-28,0080G0,10900,11310,8710,9170,Naver
2025-11-28,0080X0,10860,11227,10840,11212,Naver
2025-11-28,0080Y0,24956,25875,15875,16064,Naver
2025-11-28,0082F0,10850,11070,9791,10141,Naver
2025-11-28,0082V0,10811,11119,10577,10965,Naver
2025-11-28,0084D0,10926,11200,10816,10986,Naver
2025-11-28,0084E0,10013,10525,9949,10261,Naver
2025-11-28,0085N0,10097,10152,10024,10147,Naver
2025-11-28,0085P0,10391,10825,10391,10821,Naver
2025-11-28,0086B0,9835,10226,9446,10177,Naver
2025-11-28,0086C0,9861,10076,9823,10046,Naver
2025-11-28,0087F0,11244,11704,10495,11094,Naver
2025-11-28,0088N0,11490,11645,10430,11015,Naver
2025-11-28,0089B0,10754,11036,10654,10941,Naver
2025-11-28,0089C0,10751,10991,10491,10967,Naver
2025-11-28,0089D0,10251,11524,10201,10736,Naver
2025-11-28,0090B0,10693,10908,8385,8700,Naver
2025-11-28,0091C0,9943,10040,9894,10010,Naver
2025-11-28,0091M0,10025,10025,9985,10000,Naver
2025-11-28,0091P0,11370,11375,9615,10370,Naver
2025-11-28,0092C0,49748,49748,49470,49509,Naver
2025-11-28,0093A0,17014,17654,14705,16280,Naver
2025-11-28,0093D0,13285,13500,10500,12335,Naver
2025-11-28,0094K0,99785,99785,98680,98865,Naver
2025-11-28,0094L0,10239,10701,9655,9956,Naver
2025-11-28,0094X0,10604,10764,9425,9985,Naver
2025-11-28,0097L0,10714,11213,10172,10829,Naver
2025-11-28,0098F0,11385,11455,9860,10655,Naver
2025-11-28,0098N0,9937,10665,9685,10425,Naver
2025-11-28,0098Z0,50540,51220,46140,47690,Naver
2025-11-28,0099L0,99272,99282,98645,98740,Naver
2025-11-28,0100K0,10295,11105,6400,7070,Naver
2025-11-28,0101N0,13965,14830,11750,12410,Naver
2025-11-28,0102A0,12249,12324,9425,10500,Naver
2025-11-28,0102X0,9514,9844,8460,8700,Naver
2025-11-28,0103T0,10989,11046,9475,9814,Naver
2025-11-28,0104G0,11200,11610,6865,7175,Naver
2025-11-28,0104H0,10669,10898,9981,10400,Naver
2025-11-28,0104N0,11711,12045,10813,11163,Naver
2025-11-28,0104P0,9347,10086,9026,9915,Naver
2025-11-28,0105D0,11100,11225,9590,9920,Naver
2025-11-28,0107F0,9896,10418,9773,10307,Naver
2025-11-28,0111J0,10499,10788,9367,9687,Naver
2025-11-28,0111P0,10355,10634,10265,10599,Naver
2025-11-28,0112X0,21810,22415,20120,20760,Naver
2025-11-28,0113D0,10064,10239,9485,9900,Naver
2025-11-28,0113G0,10220,11230,10035,11010,Naver
2025-11-28,0113P0,100025,100160,100025,100155,Naver
2025-11-28,0114X0,10074,10594,9734,9939,Naver
2025-11-28,0115C0,10034,10803,9870,10733,Naver
2025-11-28,0115D0,10775,11020,8840,8915,Naver
2025-11-28,0115E0,11250,11460,10050,10490,Naver
2025-11-28,0117L0,9945,9950,9935,9950,Naver
2025-11-28,0117V0,13740,14950,11855,12305,Naver
2025-11-28,0118S0,10460,10610,7575,8440,Naver
2025-11-28,0118Z0,10070,10130,8005,8650,Naver
2025-11-28,0119H0,9969,9974,9890,9890,Naver
2025-11-28,0122W0,49895,49940,49890,49930,Naver
2025-11-28,0123G0,9945,10030,7595,8025,Naver
2025-11-28,0127P0,10290,10355,9660,10220,Naver
2025-11-28,0127R0,10645,11100,10340,11100,Naver
2025-11-28,0127T0,10040,10229,9711,10159,Naver
2025-11-28,0128D0,9392,9412,8736,9083,Naver
2025-11-28,0131A0,10200,10545,10000,10480,Naver
2025-11-28,0131V0,10400,10450,10325,10440,Naver
2025-11-28,0131W0,100015,100060,100000,100060,Naver
2025-11-28,0132D0,10080,10100,9715,9995,Naver
2025-11-28,0132H0,10480,10710,10265,10690,Naver
2025-11-28,069500,58223,59946,53868,55591,Naver
2025-11-28,069660,58042,59848,53802,55543,Naver
2025-11-28,091160,58730,61675,52205,55660,Naver
2025-11-28,091180,22503,23082,20507,22772,Naver
2025-11-28,091220,12087,13747,12087,12947,Naver
2025-11-28,091230,60991,64334,54615,58353,Naver
2025-11-28,100910,9114,9394,8430,8700,Naver
2025-11-28,101280,26316,27455,25607,26671,Naver
2025-11-28,102110,58067,59892,53818,55578,Naver
2025-11-28,102780,13600,13865,12420,13065,Naver
2025-11-28,102960,15695,16060,13120,13470,Naver
2025-11-28,102970,16190,16590,14360,14860,Naver
2025-11-28,104520,11854,12353,11305,11529,Naver
2025-11-28,105010,5252,6139,4984,5668,Naver
2025-11-28,105190,58404,60217,54155,55903,Naver
2025-11-28,108450,22810,23210,20685,21685,Naver
2025-11-28,108590,58287,59905,53984,55657,Naver
2025-11-28,114100,108046,111648,107103,107286,Naver
2025-11-28,114260,61982,61997,61459,61617,Naver
2025-11-28,114470,109217,109217,108293,108521,Naver
2025-11-28,114800,2575,2760,2490,2670,Naver
2025-11-28,114820,105502,105502,102821,104865,Naver
2025-11-28,117460,14220,14760,12875,13295,Naver
2025-11-28,117680,11782,12322,10942,12137,Naver
2025-11-28,117690,22864,24291,22218,22854,Naver
2025-11-28,117700,4065,4070,3695,3900,Naver
2025-11-28,122090,41016,42558,37926,39284,Naver
2025-11-28,122630,44700,47415,37815,40225,Naver
2025-11-28,123310,2870,3080,2785,2980,Naver
2025-11-28,123320,44188,46850,37393,39757,Naver
2025-11-28,130680,4009,4023,3800,3879,Naver
2025-11-28,130730,100933,101098,100904,101064,Naver
2025-11-28,131890,26205,26315,24800,25840,Naver
2025-11-28,132030,23135,24498,22826,24319,Naver
2025-11-28,133690,164190,167091,156271,164775,Naver
2025-11-28,137610,5169,5308,5016,5234,Naver
2025-11-28,138230,16282,17435,16263,16827,Naver
2025-11-28,138520,18320,18720,16735,17750,Naver
2025-11-28,138530,9105,9445,8575,8695,Naver
2025-11-28,138540,42200,42200,37455,38790,Naver
2025-11-28,138920,11638,12132,11379,11843,Naver
2025-11-28,139230,15925,16345,13255,13470,Naver
2025-11-28,139240,11760,12165,10945,12020,Naver
2025-11-28,139250,14775,15650,13725,14200,Naver
2025-11-28,139260,52156,55619,47713,50731,Naver
2025-11-28,139270,12076,13462,11996,12500,Naver
2025-11-28,139290,19580,19680,18080,19425,Naver
2025-11-28,139660,8180,8185,7905,7945,Naver
2025-11-28,140570,19130,19490,17420,17865,Naver
2025-11-28,140580,17560,18050,16580,17320,Naver
2025-11-28,140700,12005,13500,11750,12455,Naver
2025-11-28,140710,5915,5915,5495,5635,Naver
2025-11-28,140950,44610,46000,41325,42580,Naver
2025-11-28,143850,71361,71400,67993,70723,Naver
2025-11-28,143860,44910,49690,44460,49030,Naver
2025-11-28,144600,8249,9330,7984,9241,Naver
2025-11-28,145670,3275,3485,3125,3330,Naver
2025-11-28,145850,61266,62589,57963,59695,Naver
2025-11-28,148020,58585,60346,54263,56025,Naver
2025-11-28,148070,111579,111647,108683,109288,Naver
2025-11-28,150460,7540,7707,7230,7495,Naver
2025-11-28,152100,59122,60843,54747,56533,Naver
2025-11-28,152380,69262,69351,67452,67823,Naver
2025-11-28,152500,18068,19144,15303,16290,Naver
2025-11-28,152870,58725,60570,54550,56250,Naver
2025-11-28,153130,112180,112495,112145,112313,Naver
2025-11-28,156080,27125,28070,24930,25745,Naver
2025-11-28,157450,110396,110575,110376,110545,Naver
2025-11-28,157490,10350,10440,9040,9340,Naver
2025-11-28,157500,11130,11395,9770,10115,Naver
2025-11-28,159800,45395,49525,42100,43290,Naver
2025-11-28,160580,13555,13875,12955,13760,Naver
2025-11-28,161510,19628,21265,19150,20547,Naver
2025-11-28,166400,16199,16939,15168,15731,Naver
2025-11-28,167860,107074,107402,101536,102666,Naver
2025-11-28,168580,33350,34842,32509,33839,Naver
2025-11-28,169950,25390,26655,25010,25860,Naver
2025-11-28,174350,16765,17990,16470,17585,Naver
2025-11-28,176950,54880,56399,54820,56182,Naver
2025-11-28,181480,79400,81044,77862,80683,Naver
2025-11-28,182490,13695,13740,13585,13735,Naver
2025-11-28,183700,73060,73696,70801,71718,Naver
2025-11-28,183710,57648,58709,54567,55687,Naver
2025-11-28,185680,34685,38880,31790,38820,Naver
2025-11-28,189400,22955,23305,22185,23020,Naver
2025-11-28,190620,100028,103040,98468,100159,Naver
2025-11-28,192090,12178,12764,12051,12290,Naver
2025-11-28,192720,44630,47985,43135,46375,Naver
2025-11-28,195930,20705,20959,19827,20505,Naver
2025-11-28,195970,14455,14999,13955,14345,Naver
2025-11-28,195980,12594,12639,11375,12175,Naver
2025-11-28,196230,114812,114965,114778,114965,Naver
2025-11-28,200030,38400,39370,37505,38670,Naver
2025-11-28,200250,25795,27030,25660,26900,Naver
2025-11-28,203780,27969,32152,27208,31620,Naver
2025-11-28,204450,3020,3235,2775,2930,Naver
2025-11-28,204480,26364,27812,24896,25982,Naver
2025-11-28,205720,1883,1957,1852,1855,Naver
2025-11-28,210780,19097,20314,18483,19820,Naver
2025-11-28,211560,26495,27695,25120,26370,Naver
2025-11-28,211900,21150,22100,20053,21106,Naver
2025-11-28,213610,12620,12845,11605,12290,Naver
2025-11-28,213630,18510,18807,17589,18366,Naver
2025-11-28,214980,113504,113614,113470,113614,Naver
2025-11-28,215620,15595,16460,15425,16185,Naver
2025-11-28,217780,5736,5828,5518,5682,Naver
2025-11-28,218420,14620,15565,14400,15145,Naver
2025-11-28,219390,5655,5955,5500,5835,Naver
2025-11-28,219900,4317,4694,4173,4401,Naver
2025-11-28,220130,5980,6020,5300,5760,Naver
2025-11-28,223190,17320,17635,16190,16925,Naver
2025-11-28,225030,2479,2611,2474,2509,Naver
2025-11-28,225040,56810,56954,51403,55953,Naver
2025-11-28,225050,13701,14271,12717,13430,Naver
2025-11-28,225060,12060,12085,10733,11332,Naver
2025-11-28,225130,47563,52819,45718,51063,Naver
2025-11-28,225800,15818,16842,15733,16724,Naver
2025-11-28,226380,6925,6930,6460,6625,Naver
2025-11-28,226490,42160,43355,39330,40375,Naver
2025-11-28,226980,20490,20770,19330,20145,Naver
2025-11-28,227540,21505,23430,21230,22620,Naver
2025-11-28,227550,11280,11555,9820,10130,Naver
2025-11-28,227560,11940,12755,11635,12655,Naver
2025-11-28,227570,15470,16365,14810,15865,Naver
2025-11-28,227830,42569,43746,39590,40648,Naver
2025-11-28,228790,3800,3840,3315,3485,Naver
2025-11-28,228800,3425,3530,3210,3350,Naver
2025-11-28,228810,6830,6850,5265,5635,Naver
2025-11-28,228820,11560,11780,10530,10850,Naver
2025-11-28,229200,15515,16275,14700,15900,Naver
2025-11-28,229720,22885,23350,21070,21575,Naver
2025-11-28,230480,4505,4510,4210,4245,Naver
2025-11-28,232080,15805,16650,15010,16230,Naver
2025-11-28,233160,13228,14556,11716,13623,Naver
2025-11-28,233740,11800,12920,10445,12185,Naver
2025-11-28,234310,20110,20200,18485,19210,Naver
2025-11-28,236350,42044,45601,41371,45171,Naver
2025-11-28,237350,45670,47075,42005,43455,Naver
2025-11-28,237370,14319,14511,14151,14334,Naver
2025-11-28,237440,10010,10199,9980,10145,Naver
2025-11-28,238670,12225,12285,11950,12065,Naver
2025-11-28,238720,37435,37554,34327,35958,Naver
2025-11-28,239660,120043,120088,119776,119920,Naver
2025-11-28,241180,29955,29955,26982,28375,Naver
2025-11-28,241390,13803,13843,13249,13457,Naver
2025-11-28,243880,84129,94665,69145,77508,Naver
2025-11-28,243890,7738,8631,6627,7014,Naver
2025-11-28,244580,11175,12405,10975,12350,Naver
2025-11-28,244620,15361,15566,14257,14617,Naver
2025-11-28,244660,8900,9395,8710,9185,Naver
2025-11-28,244670,9739,10528,9376,10171,Naver
2025-11-28,245350,16696,17982,16327,17942,Naver
2025-11-28,245360,14055,14872,13692,14110,Naver
2025-11-28,245710,29147,30164,28265,30035,Naver
2025-11-28,248270,23651,27122,23566,27037,Naver
2025-11-28,250730,10867,11220,10379,10770,Naver
2025-11-28,250780,2985,3130,2840,2890,Naver
2025-11-28,251340,2950,3100,2805,2850,Naver
2025-11-28,251350,35923,37284,35409,36701,Naver
2025-11-28,251590,15405,16171,14972,15952,Naver
2025-11-28,252400,40685,43231,34497,36716,Naver
2025-11-28,252410,3305,3530,3205,3430,Naver
2025-11-28,252420,709,798,663,747,Naver
2025-11-28,252650,15425,15875,14685,15215,Naver
2025-11-28,252670,702,794,657,744,Naver
2025-11-28,252710,740,841,697,790,Naver
2025-11-28,253150,81546,86799,69542,73731,Naver
2025-11-28,253160,1450,1614,1352,1520,Naver
2025-11-28,253230,718,800,670,750,Naver
2025-11-28,253240,3380,3575,3230,3465,Naver
2025-11-28,253250,40135,42698,34081,36297,Naver
2025-11-28,253280,16000,17420,15730,17165,Naver
2025-11-28,253290,12635,13003,12455,12934,Naver
2025-11-28,256440,8590,9177,8555,9003,Naver
2025-11-28,256450,13940,14314,12740,13595,Naver
2025-11-28,256750,14345,14730,13375,14080,Naver
2025-11-28,261060,17380,18080,15050,16395,Naver
2025-11-28,261070,16950,19490,16705,19345,Naver
2025-11-28,261110,16626,17844,16587,17653,Naver
2025-11-28,261120,5123,5123,4767,4836,Naver
2025-11-28,261220,14165,14185,13355,13640,Naver
2025-11-28,261240,14367,14897,14347,14837,Naver
2025-11-28,261250,16638,17833,16588,17690,Naver
2025-11-28,261260,5165,5180,4820,4865,Naver
2025-11-28,261270,7865,7875,7602,7630,Naver
2025-11-28,261920,12982,13520,12143,13421,Naver
2025-11-28,266160,19601,20354,18560,19536,Naver
2025-11-28,266360,14515,14685,12585,12955,Naver
2025-11-28,266370,28960,30410,25970,27815,Naver
2025-11-28,266390,9475,10020,9110,9810,Naver
2025-11-28,266410,8245,8535,7955,8390,Naver
2025-11-28,266420,20325,22500,20130,22200,Naver
2025-11-28,266550,15040,15820,14610,15295,Naver
2025-11-28,267440,8547,8615,8454,8542,Naver
2025-11-28,267450,10597,10700,10469,10498,Naver
2025-11-28,267490,5777,5875,5664,5856,Naver
2025-11-28,267770,33794,35965,28732,30547,Naver
2025-11-28,269370,16486,17375,16298,17331,Naver
2025-11-28,269420,21086,22194,20916,22084,Naver
2025-11-28,269530,19115,20797,19105,20180,Naver
2025-11-28,269540,27245,27545,26130,27260,Naver
2025-11-28,270800,13508,13802,12876,13334,Naver
2025-11-28,270810,15280,16170,14605,15800,Naver
2025-11-28,271050,4120,4355,4105,4255,Naver
2025-11-28,271060,8005,8275,7920,8065,Naver
2025-11-28,272560,112731,112859,112662,112830,Naver
2025-11-28,272570,110090,110090,108603,108885,Naver
2025-11-28,272580,55880,55955,55860,55945,Naver
2025-11-28,272910,107712,107712,106330,106695,Naver
2025-11-28,273130,116001,116114,113912,114326,Naver
2025-11-28,273140,113365,113569,113365,113569,Naver
2025-11-28,275280,23685,24635,21745,22315,Naver
2025-11-28,275290,16755,17475,15805,16435,Naver
2025-11-28,275300,15095,15735,13930,14360,Naver
2025-11-28,275750,2965,3105,2820,2860,Naver
2025-11-28,275980,20818,20947,19109,20108,Naver
2025-11-28,276000,16186,16875,15856,16525,Naver
2025-11-28,276650,40018,40018,36604,38704,Naver
2025-11-28,276970,7171,7370,7141,7350,Naver
2025-11-28,276990,22940,23500,20280,22860,Naver
2025-11-28,277540,23176,24434,21247,22967,Naver
2025-11-28,277630,42660,43884,39613,40712,Naver
2025-11-28,277640,21495,22090,19665,20260,Naver
2025-11-28,277650,19330,19762,18440,19090,Naver
2025-11-28,278240,13357,14557,11760,13671,Naver
2025-11-28,278530,20920,21545,19360,20015,Naver
2025-11-28,278540,20065,20825,18440,19030,Naver
2025-11-28,278620,117019,117897,116866,116945,Naver
2025-11-28,279530,13065,14129,12602,13647,Naver
2025-11-28,279540,14720,15350,14170,14940,Naver
2025-11-28,280320,21654,21910,19514,20426,Naver
2025-11-28,280930,14475,14495,13383,14420,Naver
2025-11-28,280940,3760,3815,3550,3580,Naver
2025-11-28,281990,15034,15775,14392,15477,Naver
2025-11-28,282000,110706,112783,102720,111747,Naver
2025-11-28,283580,14952,15585,14743,15047,Naver
2025-11-28,284430,16470,16892,16167,16555,Naver
2025-11-28,284980,16068,17945,15969,16649,Naver
2025-11-28,285690,16150,16310,15210,15550,Naver
2025-11-28,289040,17055,17370,15795,16230,Naver
2025-11-28,289250,17030,17450,15885,16415,Naver
2025-11-28,289260,15880,16950,14935,15320,Naver
2025-11-28,289480,9034,9354,8504,8804,Naver
2025-11-28,289670,55511,55585,54064,54332,Naver
2025-11-28,290080,8096,8609,7882,8524,Naver
2025-11-28,290130,22380,23275,20845,21530,Naver
2025-11-28,291130,16360,17386,16113,16848,Naver
2025-11-28,291620,5265,5530,5025,5115,Naver
2025-11-28,291630,5845,6445,5205,6070,Naver
2025-11-28,291680,7419,7689,7100,7463,Naver
2025-11-28,291890,10498,10553,9837,10026,Naver
2025-11-28,292050,27470,28370,25610,26430,Naver
2025-11-28,292150,19304,20382,17837,18481,Naver
2025-11-28,292160,26910,27724,25102,25926,Naver
2025-11-28,292190,26935,27760,25065,25940,Naver
2025-11-28,292500,27297,28205,25471,26274,Naver
2025-11-28,292560,8624,8825,8594,8702,Naver
2025-11-28,294400,75715,78235,70310,72665,Naver
2025-11-28,295000,54839,54854,53463,53642,Naver
2025-11-28,295020,55048,56535,55043,56347,Naver
2025-11-28,295040,21670,22335,20075,20740,Naver
2025-11-28,298340,56469,56469,56000,56000,Naver
2025-11-28,298770,40712,41945,36972,38700,Naver
2025-11-28,300610,6780,7000,6270,6565,Naver
2025-11-28,300640,8030,8285,7435,7760,Naver
2025-11-28,300950,6650,6865,5900,6305,Naver
2025-11-28,301400,15515,16500,14825,16020,Naver
2025-11-28,301410,4485,4695,4275,4340,Naver
2025-11-28,302190,51830,51860,50970,51155,Naver
2025-11-28,302450,42515,43708,39621,40724,Naver
2025-11-28,304660,7820,7865,7690,7865,Naver
2025-11-28,304670,11377,11560,11333,11348,Naver
2025-11-28,304760,26353,27087,24565,25434,Naver
2025-11-28,304770,15530,16245,14675,15890,Naver
2025-11-28,304780,49715,52735,42225,44800,Naver
2025-11-28,304940,29231,29266,27008,28432,Naver
2025-11-28,305050,42950,43995,39705,40860,Naver
2025-11-28,305080,12982,13534,12967,13510,Naver
2025-11-28,305540,20410,20945,17610,18635,Naver
2025-11-28,305720,16405,17145,14235,15135,Naver
2025-11-28,306520,5925,6365,5780,6190,Naver
2025-11-28,306530,11875,12955,10500,12210,Naver
2025-11-28,306950,33790,35865,29025,31000,Naver
2025-11-28,307510,18485,19300,17460,19275,Naver
2025-11-28,307520,16225,17215,15285,15935,Naver
2025-11-28,308620,12151,12650,12141,12576,Naver
2025-11-28,309230,29185,30426,28846,30362,Naver
2025-11-28,310080,11133,11477,10452,10692,Naver
2025-11-28,310960,33950,34945,31400,32400,Naver
2025-11-28,310970,25100,26125,23175,23865,Naver
2025-11-28,314250,58625,58710,54159,57054,Naver
2025-11-28,314700,11400,11775,10785,11085,Naver
2025-11-28,315270,23020,23020,20860,21305,Naver
2025-11-28,315930,39965,41610,37150,38695,Naver
2025-11-28,315960,35750,38015,33345,34785,Naver
2025-11-28,316300,14176,14659,13897,14592,Naver
2025-11-28,319640,24445,25886,24104,25530,Naver
2025-11-28,321410,10212,10385,10094,10335,Naver
2025-11-28,322400,12360,12460,11610,12030,Naver
2025-11-28,322410,17561,18573,16941,18115,Naver
2025-11-28,325010,24060,24840,21970,22655,Naver
2025-11-28,326230,10340,10735,10100,10720,Naver
2025-11-28,326240,24665,25505,22090,23115,Naver
2025-11-28,329200,4235,4323,4186,4308,Naver
2025-11-28,329650,14145,14300,14045,14200,Naver
2025-11-28,329660,17315,17610,17131,17540,Naver
2025-11-28,329670,20785,21335,20590,21215,Naver
2025-11-28,332500,39010,40175,36085,37245,Naver
2025-11-28,332610,128609,133107,128303,132082,Naver
2025-11-28,332620,97164,100134,96257,99647,Naver
2025-11-28,332930,75695,78090,70315,72620,Naver
2025-11-28,332940,25240,25850,23070,23835,Naver
2025-11-28,334690,7079,7403,6636,7015,Naver
2025-11-28,334700,3620,3806,3448,3610,Naver
2025-11-28,336160,101662,101687,100857,101079,Naver
2025-11-28,337120,19755,20170,18630,19220,Naver
2025-11-28,337140,20750,21345,18990,19630,Naver
2025-11-28,337150,20320,20960,18765,19330,Naver
2025-11-28,337160,23270,24074,21636,22345,Naver
2025-11-28,341850,4732,4898,4652,4770,Naver
2025-11-28,352540,12234,12817,11502,12645,Naver
2025-11-28,352560,11499,11747,11347,11673,Naver
2025-11-28,354240,11426,11746,11271,11530,Naver
2025-11-28,354350,21310,22695,20675,22260,Naver
2025-11-28,354500,15675,20115,14600,16010,Naver
2025-11-28,356540,106667,107477,101653,105095,Naver
2025-11-28,357870,56650,56765,56650,56765,Naver
2025-11-28,359210,21120,21645,19615,20175,Naver
2025-11-28,360140,12110,12434,11257,11282,Naver
2025-11-28,360200,24496,25314,24087,25124,Naver
2025-11-28,360750,24241,25044,23842,24894,Naver
2025-11-28,361580,32820,33845,30440,31430,Naver
2025-11-28,363510,110082,110235,110047,110195,Naver
2025-11-28,363570,99008,99008,95620,96171,Naver
2025-11-28,363580,20675,22055,18890,20090,Naver
2025-11-28,364690,22195,22720,20480,20880,Naver
2025-11-28,364960,7460,7630,6970,7155,Naver
2025-11-28,364970,8475,9210,8390,8895,Naver
2025-11-28,364980,10385,10700,9145,9510,Naver
2025-11-28,364990,5470,5700,4895,5245,Naver
2025-11-28,365000,5080,5115,4555,4690,Naver
2025-11-28,365040,20780,21200,19270,19860,Naver
2025-11-28,367380,28230,28734,26926,28364,Naver
2025-11-28,367740,20430,21090,19090,20365,Naver
2025-11-28,367760,20825,21695,19100,21255,Naver
2025-11-28,368190,9045,9440,8485,8705,Naver
2025-11-28,368590,27287,27801,26042,27432,Naver
2025-11-28,368680,9175,9450,8545,8760,Naver
2025-11-28,371160,9399,9804,8730,9120,Naver
2025-11-28,371450,12278,12816,11391,11959,Naver
2025-11-28,371460,13054,13578,12055,12391,Naver
2025-11-28,371470,9041,9483,8688,9130,Naver
2025-11-28,371870,9113,9467,8499,8854,Naver
2025-11-28,373490,18410,18975,16665,17160,Naver
2025-11-28,373790,15244,16371,15036,16133,Naver
2025-11-28,375270,14079,14437,12778,13239,Naver
2025-11-28,375760,13827,14062,12752,13212,Naver
2025-11-28,375770,13950,14345,13005,13430,Naver
2025-11-28,376410,13899,14214,12855,13300,Naver
2025-11-28,377990,19985,21325,16735,17595,Naver
2025-11-28,379780,21096,21802,20758,21672,Naver
2025-11-28,379790,15311,15772,14830,15471,Naver
2025-11-28,379800,22147,22883,21784,22769,Naver
2025-11-28,379810,24605,25034,23453,24685,Naver
2025-11-28,380340,15450,15710,14090,15070,Naver
2025-11-28,381170,31089,31693,29767,31548,Naver
2025-11-28,381180,27204,27583,24422,26779,Naver
2025-11-28,381560,10265,10485,9260,9760,Naver
2025-11-28,381570,9090,9465,7765,8170,Naver
2025-11-28,385510,32035,33810,27235,28750,Naver
2025-11-28,385520,10785,10815,9865,10455,Naver
2025-11-28,385540,108385,108748,106451,106837,Naver
2025-11-28,385550,111801,111870,111742,111821,Naver
2025-11-28,385560,74193,74359,68920,69842,Naver
2025-11-28,385590,12725,13160,12085,12455,Naver
2025-11-28,385600,8345,8415,7595,8000,Naver
2025-11-28,385720,14700,15260,13505,14075,Naver
2025-11-28,387270,20793,22600,17902,20555,Naver
2025-11-28,387280,9965,10265,8850,9600,Naver
2025-11-28,388280,7430,7575,6990,7415,Naver
2025-11-28,388420,16995,17400,14925,16020,Naver
2025-11-28,390390,35487,35946,32417,34998,Naver
2025-11-28,390400,7410,7529,6437,6985,Naver
2025-11-28,391600,11453,12394,10931,11483,Naver
2025-11-28,391670,15885,16202,14065,14930,Naver
2025-11-28,394670,9655,10355,8986,10010,Naver
2025-11-28,395150,3470,3470,2885,2975,Naver
2025-11-28,395160,17070,17840,15415,16595,Naver
2025-11-28,395170,11227,11547,10179,10358,Naver
2025-11-28,395270,19330,20400,17225,18900,Naver
2025-11-28,395280,4065,4215,3640,3895,Naver
2025-11-28,395290,9950,10045,7630,8240,Naver
2025-11-28,395750,12435,12715,11520,11835,Naver
2025-11-28,396500,18710,19745,16760,17930,Naver
2025-11-28,396510,7889,8619,7416,7707,Naver
2025-11-28,396520,9710,10069,8857,9341,Naver
2025-11-28,397420,51655,51655,50919,51048,Naver
2025-11-28,399110,19101,19779,18767,19625,Naver
2025-11-28,399580,9380,9867,8676,9178,Naver
2025-11-28,400580,11383,11979,11383,11894,Naver
2025-11-28,400590,14000,14690,13905,14640,Naver
2025-11-28,400970,8535,8570,7285,7585,Naver
2025-11-28,401170,7954,8063,6916,7350,Naver
2025-11-28,401470,8540,8575,7435,7805,Naver
2025-11-28,401590,11192,11856,11172,11791,Naver
2025-11-28,402460,8730,8790,7930,8310,Naver
2025-11-28,402970,12118,12823,12053,12823,Naver
2025-11-28,403790,33731,34390,31301,32304,Naver
2025-11-28,404120,18930,19300,15825,16715,Naver
2025-11-28,404260,16695,17410,14540,15265,Naver
2025-11-28,404540,16703,17482,14655,15419,Naver
2025-11-28,404650,16715,17339,14469,15268,Naver
2025-11-28,407300,8796,9225,8326,8995,Naver
2025-11-28,407310,12051,12201,11117,11272,Naver
2025-11-28,407820,8099,8294,7645,7914,Naver
2025-11-28,407830,17230,18705,15930,16890,Naver
2025-11-28,409810,6210,6710,6200,6380,Naver
2025-11-28,409820,16745,16785,14243,15822,Naver
2025-11-28,410870,12915,12920,10745,11325,Naver
2025-11-28,411060,26485,28915,26010,27880,Naver
2025-11-28,411540,12152,12636,11257,11442,Naver
2025-11-28,411860,16750,17995,16555,17240,Naver
2025-11-28,412560,2853,2883,2334,2444,Naver
2025-11-28,412570,1780,1882,1361,1472,Naver
2025-11-28,412770,14786,15459,13171,13739,Naver
2025-11-28,413220,5431,6238,5134,5431,Naver
2025-11-28,413930,15700,16015,14530,14990,Naver
2025-11-28,414270,14429,14718,12562,13154,Naver
2025-11-28,414780,11609,11963,10481,11250,Naver
2025-11-28,415340,11890,12265,11010,11485,Naver
2025-11-28,415760,11219,11487,9932,10719,Naver
2025-11-28,415920,6820,7575,5980,7270,Naver
2025-11-28,416090,10909,11344,9995,10639,Naver
2025-11-28,417450,13367,13923,11503,12281,Naver
2025-11-28,417630,14590,14770,13200,13610,Naver
2025-11-28,418660,35489,36760,32130,35608,Naver
2025-11-28,419420,8590,9190,7941,8680,Naver
2025-11-28,419430,10855,11670,10110,10575,Naver
2025-11-28,419650,5275,5630,4470,4920,Naver
2025-11-28,419890,106220,106220,105899,105972,Naver
2025-11-28,421320,24105,24310,20625,20960,Naver
2025-11-28,422260,9709,11478,9390,10199,Naver
2025-11-28,422420,7962,8301,6765,7214,Naver
2025-11-28,423160,109494,109698,109494,109693,Naver
2025-11-28,423170,30710,31250,27790,29770,Naver
2025-11-28,423920,41835,42784,33237,39888,Naver
2025-11-28,424460,15040,15634,14961,15549,Naver
2025-11-28,426020,27789,28533,26242,27749,Naver
2025-11-28,426030,37452,37832,32522,35279,Naver
2025-11-28,426150,56842,56936,55317,55569,Naver
2025-11-28,427120,7954,8034,7069,7374,Naver
2025-11-28,428510,17085,17085,14750,15755,Naver
2025-11-28,428560,16461,17130,16197,16915,Naver
2025-11-28,429000,12197,12941,12082,12906,Naver
2025-11-28,429010,16573,17388,15872,16896,Naver
2025-11-28,429740,6738,6905,6481,6895,Naver
2025-11-28,429980,15420,16030,14055,14835,Naver
2025-11-28,430500,114575,114673,113181,113744,Naver
2025-11-28,432600,55408,55408,54914,54989,Naver
2025-11-28,432840,18245,18805,17880,18611,Naver
2025-11-28,433220,25345,25960,23865,25180,Naver
2025-11-28,433250,17405,17840,15895,16510,Naver
2025-11-28,433330,20260,22327,19930,20801,Naver
2025-11-28,433500,42380,43695,37565,40495,Naver
2025-11-28,433880,17215,17964,16647,17615,Naver
2025-11-28,433970,13575,13754,13202,13585,Naver
2025-11-28,433980,14966,15567,13764,15110,Naver
2025-11-28,434730,51345,54070,45625,48410,Naver
2025-11-28,434960,58687,60344,54520,56207,Naver
2025-11-28,435040,19679,20782,18471,20303,Naver
2025-11-28,435420,13734,13764,13380,13704,Naver
2025-11-28,435530,14310,14875,14305,14705,Naver
2025-11-28,435540,15990,16390,15745,16180,Naver
2025-11-28,435550,16360,16800,16105,16525,Naver
2025-11-28,436140,111772,111978,109893,110309,Naver
2025-11-28,437080,100089,100877,99721,100556,Naver
2025-11-28,437350,12457,12883,12379,12785,Naver
2025-11-28,437370,9229,9713,9073,9601,Naver
2025-11-28,438080,13502,14098,13429,13971,Naver
2025-11-28,438100,14522,15003,14414,14846,Naver
2025-11-28,438320,9912,10165,8018,8793,Naver
2025-11-28,438560,100730,100730,99930,100179,Naver
2025-11-28,438570,104903,105049,102258,102873,Naver
2025-11-28,438740,31611,31621,29253,30504,Naver
2025-11-28,438900,11810,12350,11630,12035,Naver
2025-11-28,439860,114465,114484,113511,113860,Naver
2025-11-28,439870,114491,114811,108578,109489,Naver
2025-11-28,440340,11624,12167,11599,12090,Naver
2025-11-28,440640,110055,110140,110026,110100,Naver
2025-11-28,440910,24560,25240,22035,23240,Naver
2025-11-28,441540,34540,35145,29000,29185,Naver
2025-11-28,441640,11982,12491,11786,12414,Naver
2025-11-28,441680,10163,10610,9610,10549,Naver
2025-11-28,441800,18562,19490,17609,18205,Naver
2025-11-28,442320,43567,45029,35393,38018,Naver
2025-11-28,442550,13925,14043,13563,13905,Naver
2025-11-28,442570,15480,15898,15033,15575,Naver
2025-11-28,442580,37535,40405,33500,36560,Naver
2025-11-28,444490,18535,19140,18235,19020,Naver
2025-11-28,445150,34115,34900,28655,28855,Naver
2025-11-28,445290,23845,25380,20975,22990,Naver
2025-11-28,445690,21130,21530,19945,20975,Naver
2025-11-28,445910,16407,16891,15632,16812,Naver
2025-11-28,446690,28317,29470,25471,27593,Naver
2025-11-28,446700,11220,11460,9935,10930,Naver
2025-11-28,446720,10950,11584,10881,11579,Naver
2025-11-28,446770,45839,47042,41480,44041,Naver
2025-11-28,447430,14696,15266,14081,15048,Naver
2025-11-28,447620,15050,15335,14755,15170,Naver
2025-11-28,447660,13319,13564,12485,13344,Naver
2025-11-28,447770,15278,15382,14466,15044,Naver
2025-11-28,448100,59564,61341,55218,57006,Naver
2025-11-28,448290,16130,16155,15372,16060,Naver
2025-11-28,448300,20555,20580,19026,20055,Naver
2025-11-28,448330,12836,12979,12192,12539,Naver
2025-11-28,448490,56678,56752,55300,55558,Naver
2025-11-28,448540,25631,25948,24476,24942,Naver
2025-11-28,448570,19125,19445,17610,18220,Naver
2025-11-28,448630,11820,12000,11360,11460,Naver
2025-11-28,449170,109406,109615,109406,109615,Naver
2025-11-28,449180,15550,15565,14827,15505,Naver
2025-11-28,449450,59215,60660,47200,48110,Naver
2025-11-28,449580,16387,16783,15951,16506,Naver
2025-11-28,449680,11414,12044,10555,10815,Naver
2025-11-28,449770,19481,20094,18942,19959,Naver
2025-11-28,449780,16960,16970,16167,16846,Naver
2025-11-28,450180,11870,12250,10810,11205,Naver
2025-11-28,450190,26690,27670,24190,25715,Naver
2025-11-28,451000,113477,114395,111335,111754,Naver
2025-11-28,451060,18878,19349,17396,17971,Naver
2025-11-28,451150,20280,20315,19070,20225,Naver
2025-11-28,451540,55827,55832,54780,54985,Naver
2025-11-28,451600,109793,109793,104187,105047,Naver
2025-11-28,451670,22069,22411,19975,20337,Naver
2025-11-28,452250,5694,5729,5444,5650,Naver
2025-11-28,452360,10526,10831,10338,10748,Naver
2025-11-28,453060,109035,109240,109035,109240,Naver
2025-11-28,453080,20590,20610,19086,20065,Naver
2025-11-28,453330,16353,16377,14929,16304,Naver
2025-11-28,453630,11566,12211,11382,12067,Naver
2025-11-28,453640,12493,14132,12408,14132,Naver
2025-11-28,453660,18420,18954,17522,18550,Naver
2025-11-28,453810,14043,14782,13958,14607,Naver
2025-11-28,453820,16907,18688,16907,18345,Naver
2025-11-28,453850,7820,7840,7672,7801,Naver
2025-11-28,453870,13747,14500,13633,14351,Naver
2025-11-28,453950,21980,22095,20050,21055,Naver
2025-11-28,454180,9333,9657,8915,9443,Naver
2025-11-28,454320,34540,36275,30185,31480,Naver
2025-11-28,454780,105510,105549,103679,103926,Naver
2025-11-28,455030,12068,12525,12063,12462,Naver
2025-11-28,455660,9579,9629,9519,9629,Naver
2025-11-28,455850,17710,18275,15790,17445,Naver
2025-11-28,455860,5405,5650,4755,5145,Naver
2025-11-28,455890,54096,54165,54096,54165,Naver
2025-11-28,455960,12105,12565,12100,12490,Naver
2025-11-28,456200,60095,62199,60095,61939,Naver
2025-11-28,456250,10989,11823,10834,11453,Naver
2025-11-28,456600,38707,39007,32726,35129,Naver
2025-11-28,456610,60066,62269,59986,62005,Naver
2025-11-28,456680,10741,11306,8908,9523,Naver
2025-11-28,456880,12185,12630,12165,12575,Naver
2025-11-28,457480,22382,22933,19424,20812,Naver
2025-11-28,457690,10959,10983,10737,10796,Naver
2025-11-28,457700,11552,11626,11041,11179,Naver
2025-11-28,457930,20230,20770,17870,18740,Naver
2025-11-28,458030,53807,53886,53797,53886,Naver
2025-11-28,458210,108075,108315,108075,108315,Naver
2025-11-28,458250,40093,40153,38794,39935,Naver
2025-11-28,458260,48197,49172,47814,48235,Naver
2025-11-28,458730,11951,12639,11867,12635,Naver
2025-11-28,458750,10459,11119,10415,11109,Naver
2025-11-28,458760,8987,9606,8948,9562,Naver
2025-11-28,459580,1061466,1063483,1061466,1063483,Naver
2025-11-28,459750,16171,16856,15978,16624,Naver
2025-11-28,459790,18296,20541,17270,18276,Naver
2025-11-28,460270,12585,13030,12560,12990,Naver
2025-11-28,460660,10465,11183,10375,11103,Naver
2025-11-28,460960,11147,11593,11070,11522,Naver
2025-11-28,461270,11030,11050,11015,11040,Naver
2025-11-28,461340,29545,29580,25231,27480,Naver
2025-11-28,461450,15290,16190,14345,15425,Naver
2025-11-28,461460,55025,55425,53613,53904,Naver
2025-11-28,461490,14502,14904,14343,14621,Naver
2025-11-28,461500,110575,110615,108850,109060,Naver
2025-11-28,461580,15500,16460,14610,15680,Naver
2025-11-28,461600,8980,9025,8833,8975,Naver
2025-11-28,461900,23680,23790,21200,22740,Naver
2025-11-28,461910,40948,42063,36473,40473,Naver
2025-11-28,461950,5860,6135,5055,5535,Naver
2025-11-28,462010,5820,6140,4970,5440,Naver
2025-11-28,462330,1906,2060,1411,1580,Naver
2025-11-28,462340,17055,18375,16775,17570,Naver
2025-11-28,462900,18845,23505,18520,23465,Naver
2025-11-28,463050,16245,20110,15885,20030,Naver
2025-11-28,463250,32275,33420,25800,27200,Naver
2025-11-28,463290,106806,106948,106806,106943,Naver
2025-11-28,463300,13143,13601,12808,13083,Naver
2025-11-28,463640,14618,15254,14002,15204,Naver
2025-11-28,463680,18779,19283,17291,18160,Naver
2025-11-28,463690,18890,19259,18366,19214,Naver
2025-11-28,464240,51699,51733,51571,51708,Naver
2025-11-28,464310,15313,15810,13792,14572,Naver
2025-11-28,464920,19285,19415,16480,17495,Naver
2025-11-28,464930,19512,21224,18370,20335,Naver
2025-11-28,465330,11465,11970,9875,10525,Naver
2025-11-28,465350,22758,26139,21792,24330,Naver
2025-11-28,465580,23004,23548,22016,23528,Naver
2025-11-28,465610,41642,42824,37526,42497,Naver
2025-11-28,465620,7258,7521,7010,7063,Naver
2025-11-28,465660,17452,18358,14929,15949,Naver
2025-11-28,465670,13683,14469,13534,14225,Naver
2025-11-28,465780,104212,104334,104169,104281,Naver
2025-11-28,466810,6805,7090,5795,6280,Naver
2025-11-28,466920,39865,40580,32220,32490,Naver
2025-11-28,466930,14215,14220,12840,13520,Naver
2025-11-28,466940,19322,21845,19242,20650,Naver
2025-11-28,468370,11241,11721,11241,11608,Naver
2025-11-28,468380,11207,11641,11178,11607,Naver
2025-11-28,468630,11537,11986,11487,11901,Naver
2025-11-28,469050,19059,19109,16447,18055,Naver
2025-11-28,469060,21165,21335,18749,20551,Naver
2025-11-28,469070,12780,13685,10655,12090,Naver
2025-11-28,469150,25915,27355,22920,24315,Naver
2025-11-28,469160,17065,17810,14954,15797,Naver
2025-11-28,469170,6186,6491,5592,5912,Naver
2025-11-28,469530,9125,9130,8820,8840,Naver
2025-11-28,469790,18939,19923,17197,17961,Naver
2025-11-28,469830,52967,53060,52964,53055,Naver
2025-11-28,470310,11490,11865,10535,11255,Naver
2025-11-28,471040,21605,22145,19315,20730,Naver
2025-11-28,471460,60348,60540,56921,57475,Naver
2025-11-28,471760,11870,12445,10605,11620,Naver
2025-11-28,471780,16470,17405,15340,17260,Naver
2025-11-28,471990,15580,16655,14160,16625,Naver
2025-11-28,472150,12322,12575,11376,11700,Naver
2025-11-28,472160,18674,18708,17342,18394,Naver
2025-11-28,472170,14129,14209,13721,14115,Naver
2025-11-28,472720,17897,18563,16829,17618,Naver
2025-11-28,472830,8955,9253,8906,9204,Naver
2025-11-28,472840,58140,59798,53602,55434,Naver
2025-11-28,472870,8196,8407,8101,8296,Naver
2025-11-28,472920,103363,103363,101829,101857,Naver
2025-11-28,473290,10695,10704,10665,10685,Naver
2025-11-28,473330,8958,9278,8926,9264,Naver
2025-11-28,473440,10585,10610,10575,10605,Naver
2025-11-28,473460,25589,25749,22140,23644,Naver
2025-11-28,473590,22768,22912,19211,20780,Naver
2025-11-28,473640,26058,30669,24950,30669,Naver
2025-11-28,474220,15573,15803,14927,15735,Naver
2025-11-28,474390,52753,53200,50381,50956,Naver
2025-11-28,474590,18535,19635,16565,18045,Naver
2025-11-28,474920,18705,19130,17385,17890,Naver
2025-11-28,475050,13525,13565,9945,10890,Naver
2025-11-28,475070,26750,27645,23225,24810,Naver
2025-11-28,475080,8566,8713,8449,8600,Naver
2025-11-28,475260,10508,10529,10508,10525,Naver
2025-11-28,475280,10499,10504,10485,10485,Naver
2025-11-28,475300,12200,12630,10535,11300,Naver
2025-11-28,475310,17530,18850,16180,18730,Naver
2025-11-28,475350,13596,14546,13507,14532,Naver
2025-11-28,475380,10124,10474,10031,10396,Naver
2025-11-28,475630,1050630,1052805,1050630,1052805,Naver
2025-11-28,475720,10239,10420,9498,9823,Naver
2025-11-28,476000,11260,12060,10740,12035,Naver
2025-11-28,476030,15545,15869,14830,15629,Naver
2025-11-28,476070,10347,11915,10104,11845,Naver
2025-11-28,476260,9320,9635,7820,8290,Naver
2025-11-28,476310,8765,10273,8632,10273,Naver
2025-11-28,476450,51485,51553,51470,51538,Naver
2025-11-28,476550,7587,7634,7478,7597,Naver
2025-11-28,476750,8851,9048,8706,8911,Naver
2025-11-28,476760,9973,10289,9929,10269,Naver
2025-11-28,476800,4623,4726,4584,4706,Naver
2025-11-28,476850,13149,13498,12085,12498,Naver
2025-11-28,477050,52161,52235,52156,52235,Naver
2025-11-28,477080,105030,105245,105030,105245,Naver
2025-11-28,477490,19935,20225,18555,19780,Naver
2025-11-28,477730,8769,9114,8719,8894,Naver
2025-11-28,478150,20313,20587,18521,18710,Naver
2025-11-28,479080,52400,52490,52395,52490,Naver
2025-11-28,479520,104146,104330,104136,104330,Naver
2025-11-28,479620,15680,15860,13875,15200,Naver
2025-11-28,479730,10983,11453,10873,11298,Naver
2025-11-28,479850,16005,16190,14035,15075,Naver
2025-11-28,480020,12104,12536,11271,12337,Naver
2025-11-28,480030,10032,10315,9092,10250,Naver
2025-11-28,480040,11620,11764,10511,11395,Naver
2025-11-28,480260,53178,53183,52955,53035,Naver
2025-11-28,480310,13979,13979,12380,13165,Naver
2025-11-28,480460,9552,9809,9322,9809,Naver
2025-11-28,481050,1009807,1011849,1009807,1011849,Naver
2025-11-28,481060,8141,8175,8005,8161,Naver
2025-11-28,481180,16300,16410,14425,14790,Naver
2025-11-28,481190,16850,17150,16045,17090,Naver
2025-11-28,481340,9876,10171,9759,10143,Naver
2025-11-28,481430,105291,105291,102647,103198,Naver
2025-11-28,482030,9574,9748,8311,9144,Naver
2025-11-28,483020,12350,13790,12275,13760,Naver
2025-11-28,483030,9775,11125,9486,11115,Naver
2025-11-28,483240,12647,12860,12070,12652,Naver
2025-11-28,483290,8569,9120,8474,9084,Naver
2025-11-28,483320,14964,15168,13494,14550,Naver
2025-11-28,483330,13935,14054,12327,12810,Naver
2025-11-28,483340,15972,15972,13981,14693,Naver
2025-11-28,483570,15635,16000,14945,15795,Naver
2025-11-28,484880,15998,18069,15908,16861,Naver
2025-11-28,484890,51416,51515,51416,51505,Naver
2025-11-28,485540,14979,15154,14105,14984,Naver
2025-11-28,485690,18591,18655,16297,17324,Naver
2025-11-28,485810,9364,11568,9361,11089,Naver
2025-11-28,486240,15040,15800,12910,13745,Naver
2025-11-28,486290,10270,10406,9786,10323,Naver
2025-11-28,486450,21650,21675,19040,20270,Naver
2025-11-28,486830,51975,52070,51975,52060,Naver
2025-11-28,487130,16310,17350,14275,14930,Naver
2025-11-28,487230,19829,19978,16520,17910,Naver
2025-11-28,487240,25990,28220,22180,22985,Naver
2025-11-28,487340,103091,103245,103081,103245,Naver
2025-11-28,487910,9915,10170,9775,10000,Naver
2025-11-28,487920,8910,9170,8790,9035,Naver
2025-11-28,487950,9955,10500,9649,9926,Naver
2025-11-28,488080,16145,17819,12696,14265,Naver
2025-11-28,488200,11860,12310,10205,10920,Naver
2025-11-28,488210,12805,13460,11650,12480,Naver
2025-11-28,488480,11911,12497,11498,11990,Naver
2025-11-28,488500,11242,11765,11157,11721,Naver
2025-11-28,488720,51161,51161,50232,50425,Naver
2025-11-28,488770,102658,102821,102658,102821,Naver
2025-11-28,488980,51039,51059,50937,51000,Naver
2025-11-28,489000,9765,10076,9765,9913,Naver
2025-11-28,489010,18045,18045,15250,15640,Naver
2025-11-28,489030,8216,8833,7956,8593,Naver
2025-11-28,489290,15515,15775,14850,15775,Naver
2025-11-28,489860,13680,14010,12847,13366,Naver
2025-11-28,490090,15139,15369,14216,15314,Naver
2025-11-28,490330,11200,12315,10360,12315,Naver
2025-11-28,490480,28455,29210,23180,23705,Naver
2025-11-28,490490,10076,10659,10076,10634,Naver
2025-11-28,490590,13437,13454,11829,12542,Naver
2025-11-28,490600,7979,8352,7877,8267,Naver
2025-11-28,491010,22096,22096,17910,19574,Naver
2025-11-28,491090,16659,16949,16090,16839,Naver
2025-11-28,491220,68560,70760,63735,65765,Naver
2025-11-28,491230,51251,51330,51246,51320,Naver
2025-11-28,491510,13775,14400,13130,14090,Naver
2025-11-28,491610,102515,102710,102505,102710,Naver
2025-11-28,491620,10547,10770,10114,10591,Naver
2025-11-28,491630,11776,13392,11776,12323,Naver
2025-11-28,491700,59120,60325,54430,56075,Naver
2025-11-28,491820,31390,33965,26755,27660,Naver
2025-11-28,491830,16773,16858,14705,15529,Naver
2025-11-28,492500,51044,51044,50734,50807,Naver
2025-11-28,493420,10103,10696,10010,10671,Naver
2025-11-28,493810,11575,11827,11028,11724,Naver
2025-11-28,494180,13669,13814,12630,13284,Naver
2025-11-28,494210,10440,10777,10254,10664,Naver
2025-11-28,494220,19900,22040,18000,19260,Naver
2025-11-28,494300,9552,9617,9147,9568,Naver
2025-11-28,494310,27985,30970,21820,24700,Naver
2025-11-28,494330,14801,15244,13776,14856,Naver
2025-11-28,494340,13463,13657,11481,13043,Naver
2025-11-28,494410,13250,13594,12770,13394,Naver
2025-11-28,494420,9035,9370,8821,9366,Naver
2025-11-28,494670,31390,32000,25885,26000,Naver
2025-11-28,494840,12540,12630,12076,12181,Naver
2025-11-28,494890,16778,17277,14776,16044,Naver
2025-11-28,495040,16496,17122,15316,15734,Naver
2025-11-28,495050,16549,17254,15339,15887,Naver
2025-11-28,495060,15560,16240,14125,14920,Naver
2025-11-28,495230,17048,17663,15632,16197,Naver
2025-11-28,495550,16930,17630,15785,16240,Naver
2025-11-28,495710,50956,51035,50956,51030,Naver
2025-11-28,495750,16582,17206,15389,15893,Naver
2025-11-28,495850,16489,17222,15408,15859,Naver
2025-11-28,495940,14313,14567,11628,12965,Naver
2025-11-28,496020,51057,51116,51057,51111,Naver
2025-11-28,496090,16580,17248,15418,15897,Naver
2025-11-28,496120,16812,17551,15705,16109,Naver
2025-11-28,496770,17690,18500,16415,16745,Naver
2025-11-28,497510,10687,12385,10653,12385,Naver
2025-11-28,497520,11375,13476,11375,13073,Naver
2025-11-28,497570,16061,16235,14487,15661,Naver
2025-11-28,497780,9160,9715,9027,9553,Naver
2025-11-28,497880,49388,49501,49388,49491,Naver
2025-11-28,498050,13840,16465,13625,16350,Naver
2025-11-28,498180,98436,98436,96935,96935,Naver
2025-11-28,498270,15921,16031,12286,13310,Naver
2025-11-28,498400,12661,12960,11729,12088,Naver
2025-11-28,498410,11215,12536,11074,11703,Naver
2025-11-28,498610,10257,12877,10197,10678,Naver
2025-11-28,499150,10692,11010,10224,10623,Naver
2025-11-28,499660,988818,990817,988818,990817,Naver
2025-12-01,0000H0,11615,11665,11005,11010,Yahoo
2025-12-01,0021D0,11080,11315,10995,11025,Yahoo
2025-12-01,0023B0,17980,19260,16570,17005,Yahoo
2025-12-01,0048J0,14675,14895,14300,14415,Yahoo
2025-12-01,0083S0,12570,12620,11440,11535,Yahoo
2025-12-01,0092B0,10880,11750,10440,10625,Yahoo
2025-12-01,0093B0,11435,11700,11145,11285,Yahoo
2025-12-01,0094M0,11955,12870,11750,12835,Yahoo
2025-12-01,0105E0,10685,11150,10570,10830,Yahoo
2025-12-01,0127M0,10480,10925,10170,10390,Yahoo
2025-12-01,0127V0,10400,10465,10025,10090,Yahoo
2025-12-01,091170,12610,13240,12350,12655,Yahoo
2025-12-01,099140,24645,24980,23480,23900,Yahoo
2025-12-01,104530,15680,16125,15455,15670,Yahoo
2025-12-01,105780,9050,9780,8815,9640,Yahoo
2025-12-01,114460,102675,102720,101455,101945,Yahoo
2025-12-01,122260,105340,105590,102650,102660,Yahoo
2025-12-01,136340,105900,106617,105640,106045,Yahoo
2025-12-01,138910,8435,9415,8305,9045,Yahoo
2025-12-01,139220,4535,4980,4400,4625,Yahoo
2025-12-01,139280,12565,12770,12155,12280,Yahoo
2025-12-01,139320,18260,20015,18055,19210,Yahoo
2025-12-01,147970,50310,52275,49065,51535,Yahoo
2025-12-01,153270,42310,46415,41535,46220,Yahoo
2025-12-01,174360,23335,24325,21870,23565,Yahoo
2025-12-01,182480,12715,12760,12305,12430,Yahoo
2025-12-01,195920,28950,32000,27840,29255,Yahoo
2025-12-01,196030,63055,65340,61165,63565,Yahoo
2025-12-01,217770,2735,2890,2695,2745,Yahoo
2025-12-01,219480,30185,30580,29625,30135,Yahoo
2025-12-01,245340,33995,38150,33800,34035,Yahoo
2025-12-01,251600,14205,14425,14105,14300,Yahoo
2025-12-01,252000,16240,16770,16000,16165,Yahoo
2025-12-01,261140,17355,18340,17150,18185,Yahoo
2025-12-01,280920,15730,16695,15350,16605,Yahoo
2025-12-01,287180,42885,46095,42300,42875,Yahoo
2025-12-01,292770,56820,57070,56260,56265,Yahoo
2025-12-01,293180,56500,61350,55340,61155,Yahoo
2025-12-01,316670,8025,8175,7470,7680,Yahoo
2025-12-01,325020,18935,20000,18740,19800,Yahoo
2025-12-01,328370,21955,23510,21615,23510,Yahoo
2025-12-01,329750,13525,13735,13255,13365,Yahoo
2025-12-01,360150,7535,7800,6625,6680,Yahoo
2025-12-01,365780,88885,89400,86110,86385,Yahoo
2025-12-01,367770,17170,18680,16670,17800,Yahoo
2025-12-01,371150,9000,9215,8460,8675,Yahoo
2025-12-01,372330,9120,9260,8680,8845,Yahoo
2025-12-01,385710,9990,10300,9605,10110,Yahoo
2025-12-01,394660,14410,15205,14190,14390,Yahoo
2025-12-01,395760,13020,13585,12825,13570,Yahoo
2025-12-01,400570,11750,12180,11545,12015,Yahoo
2025-12-01,411420,20210,20755,18750,19710,Yahoo
2025-12-01,418670,14170,14590,13420,13505,Yahoo
2025-12-01,429760,18555,20150,18195,18395,Yahoo
2025-12-01,434060,16400,16610,16170,16245,Yahoo
2025-12-01,437070,64900,65590,63060,63435,Yahoo
2025-12-01,438330,115445,115895,114850,115570,Yahoo
2025-12-01,440650,12410,12830,11770,11860,Yahoo
2025-12-01,442090,19265,20440,18750,19305,Yahoo
2025-12-01,442260,19380,21335,19115,21330,Yahoo
2025-12-01,442560,15045,15820,14845,14925,Yahoo
2025-12-01,444200,30205,32015,29415,31440,Yahoo
2025-12-01,449190,19490,19770,18910,19530,Yahoo
2025-12-01,449690,25385,27650,25060,27570,Yahoo
2025-12-01,450910,15820,16065,14635,15110,Yahoo
2025-12-01,451530,51985,53375,51170,51700,Yahoo
2025-12-01,453010,108940,109020,107905,108035,Yahoo
2025-12-01,453650,19215,20215,18930,19645,Yahoo
2025-12-01,457990,21670,22970,20835,21190,Yahoo
2025-12-01,459560,18845,20500,18845,19695,Yahoo
2025-12-01,464470,55140,55245,52655,53100,Yahoo
2025-12-01,464600,12080,13775,11870,13250,Yahoo
2025-12-01,464610,11105,11175,9820,10045,Yahoo
2025-12-01,466950,23290,24105,21855,22575,Yahoo
2025-12-01,471230,110610,110740,108175,108880,Yahoo
2025-12-01,473490,20955,22350,20520,21420,Yahoo
2025-12-01,474800,12060,13000,11770,11860,Yahoo
2025-12-01,475270,10500,10530,10495,10530,Yahoo
2025-12-01,476690,10540,10870,9500,10530,Yahoo
2025-12-01,482730,12000,12200,11680,11775,Yahoo
2025-12-01,483280,13030,13290,12530,12620,Yahoo
2025-12-01,483420,14585,15500,14340,14710,Yahoo
2025-12-01,484790,9115,9115,8852,8910,Yahoo
2025-12-01,487750,13325,14725,12655,14620,Yahoo
2025-12-01,488290,31765,32915,30220,30990,Yahoo
2025-12-01,489250,10995,11260,10855,10945,Yahoo
2025-12-01,495330,16085,17675,15690,17675,Yahoo
2025-12-01,496080,16110,17785,15790,17725,Yahoo
2025-12-01,496130,15560,16330,15420,16185,Yahoo
2025-12-01,498860,14655,15370,14520,15010,Yahoo
2025-12-30,0000D0,9838,9949,9459,9539,Naver
2025-12-30,0000J0,23455,26025,22670,24800,Naver
2025-12-30,0000Y0,99840,100070,99787,100060,Naver
2025-12-30,0000Z0,16280,16795,14280,15380,Naver
2025-12-30,0001P0,11870,12450,11625,12025,Naver
2025-12-30,0002C0,11005,11140,10240,10315,Naver
2025-12-30,0004G0,9075,9219,8838,8907,Naver
2025-12-30,0005A0,9497,9730,9381,9448,Naver
2025-12-30,0005C0,11183,11350,10960,10960,Naver
2025-12-30,0005D0,13714,15033,12250,12540,Naver
2025-12-30,0005G0,19947,21081,19112,20766,Naver
2025-12-30,0007F0,10065,10125,10050,10110,Naver
2025-12-30,0007G0,14569,15656,13777,14095,Naver
2025-12-30,0007N0,56960,61950,55805,61775,Naver
2025-12-30,0008E0,11644,12599,11465,11530,Naver
2025-12-30,0008S0,8671,8934,8608,8670,Naver
2025-12-30,0008T0,13278,13278,11930,12140,Naver
2025-12-30,0013P0,11644,12632,11569,12175,Naver
2025-12-30,0013R0,9622,10065,9395,9491,Naver
2025-12-30,0015B0,14450,14905,13170,13990,Naver
2025-12-30,0015E0,10787,10787,10295,10606,Naver
2025-12-30,0015F0,10835,11183,10687,10925,Naver
2025-12-30,0015K0,8342,8546,8185,8255,Naver
2025-12-30,0016X0,50485,50715,50445,50685,Naver
2025-12-30,0017Y0,98010,98525,97540,98150,Naver
2025-12-30,0018C0,11112,11465,11033,11263,Naver
2025-12-30,0018Z0,16290,17412,15750,15970,Naver
2025-12-30,0019K0,11674,11709,11330,11440,Naver
2025-12-30,0020H0,19470,21050,18230,19060,Naver
2025-12-30,0021C0,12619,12983,12300,12410,Naver
2025-12-30,0021E0,11985,12299,11735,11915,Naver
2025-12-30,0022T0,13687,14773,13554,13869,Naver
2025-12-30,0023A0,26700,28958,25281,26100,Naver
2025-12-30,0025N0,11613,11702,11350,11450,Naver
2025-12-30,0026E0,11007,11146,10784,10824,Naver
2025-12-30,0026S0,12179,12404,11965,12060,Naver
2025-12-30,0028X0,12803,13068,12444,12559,Naver
2025-12-30,0035T0,16662,19180,16423,17950,Naver
2025-12-30,0036D0,10446,10839,10154,10265,Naver
2025-12-30,0036R0,15875,16559,15515,15855,Naver
2025-12-30,0036Z0,10647,11120,10310,10530,Naver
2025-12-30,0038A0,15965,16634,15690,15850,Naver
2025-12-30,0040S0,16185,16990,15391,16105,Naver
2025-12-30,0040X0,10686,11150,10156,10645,Naver
2025-12-30,0040Y0,9062,9533,9016,9359,Naver
2025-12-30,0041D0,14949,16184,14814,15294,Naver
2025-12-30,0041E0,14105,14374,13855,13970,Naver
2025-12-30,0043B0,100995,101295,100995,101280,Naver
2025-12-30,0043Y0,13545,14340,13240,14340,Naver
2025-12-30,0046A0,10058,10186,9795,9889,Naver
2025-12-30,0046Y0,12009,12286,11755,11850,Naver
2025-12-30,0047A0,12860,13085,11845,12135,Naver
2025-12-30,0047N0,11759,11943,11120,11575,Naver
2025-12-30,0047P0,14099,14872,14009,14159,Naver
2025-12-30,0047R0,13899,14792,13844,14109,Naver
2025-12-30,0048K0,10400,11779,10085,11779,Naver
2025-12-30,0049K0,10859,11081,10630,10840,Naver
2025-12-30,0049M0,11181,11523,11044,11137,Naver
2025-12-30,0050E0,9493,10365,9473,9875,Naver
2025-12-30,0051A0,16595,17615,15435,16400,Naver
2025-12-30,0051G0,16794,17967,15675,15765,Naver
2025-12-30,0052D0,13098,13575,12937,13107,Naver
2025-12-30,0052S0,11579,11753,11290,11374,Naver
2025-12-30,0052T0,49850,50045,49805,50020,Naver
2025-12-30,0053L0,12640,13704,12445,13704,Naver
2025-12-30,0053M0,10725,10840,10210,10355,Naver
2025-12-30,0057H0,11577,11776,11345,11413,Naver
2025-12-30,0060H0,11925,12264,11731,11796,Naver
2025-12-30,0061Z0,49935,50055,49930,50055,Naver
2025-12-30,0064K0,12945,14035,12870,13165,Naver
2025-12-30,0065G0,11275,11465,10785,11135,Naver
2025-12-30,0066W0,13070,14200,13025,13375,Naver
2025-12-30,0067V0,11386,11757,10725,11248,Naver
2025-12-30,0067Y0,13115,13215,12060,12315,Naver
2025-12-30,0068M0,11675,11810,11400,11505,Naver
2025-12-30,0069M0,12394,12589,12090,12179,Naver
2025-12-30,0072R0,13415,14625,13325,13850,Naver
2025-12-30,0073X0,11191,11388,10557,10615,Naver
2025-12-30,0074K0,12345,12615,11895,12530,Naver
2025-12-30,0078V0,12155,12929,12020,12230,Naver
2025-12-30,0079X0,12204,12768,11750,12530,Naver
2025-12-30,0080G0,9130,10190,8710,9940,Naver
2025-12-30,0080X0,11300,11336,10930,11010,Naver
2025-12-30,0080Y0,15985,18862,14866,15615,Naver
2025-12-30,0082F0,10116,10925,9841,10326,Naver
2025-12-30,0082V0,10980,11159,10861,10915,Naver
2025-12-30,0084D0,11061,11151,10589,10663,Naver
2025-12-30,0084E0,10261,10436,9959,10023,Naver
2025-12-30,0085N0,10157,10168,9989,10078,Naver
2025-12-30,0085P0,10786,10801,10430,10515,Naver
2025-12-30,0086B0,10231,10411,10049,10206,Naver
2025-12-30,0086C0,10076,10169,10011,10096,Naver
2025-12-30,0087F0,11284,11689,10490,11070,Naver
2025-12-30,0088N0,11070,11665,10675,11055,Naver
2025-12-30,0089B0,10966,11111,10694,10774,Naver
2025-12-30,0089C0,10864,11154,10781,10859,Naver
2025-12-30,0089D0,10844,11304,10342,10549,Naver
2025-12-30,0090B0,8755,9884,8510,9430,Naver
2025-12-30,0091C0,10015,10015,9894,9963,Naver
2025-12-30,0091M0,9995,10030,9990,10030,Naver
2025-12-30,0091P0,10425,11585,10055,10540,Naver
2025-12-30,0092C0,49519,49715,49465,49680,Naver
2025-12-30,0093A0,16465,17245,15320,16510,Naver
2025-12-30,0093D0,12425,13210,11820,12540,Naver
2025-12-30,0094K0,98965,105385,98675,99395,Naver
2025-12-30,0094L0,10052,10241,9676,9818,Naver
2025-12-30,0094X0,9985,10324,9465,9700,Naver
2025-12-30,0097L0,10888,11205,10571,10839,Naver
2025-12-30,0098F0,10810,12235,10385,11000,Naver
2025-12-30,0098N0,10537,11005,10385,10680,Naver
2025-12-30,0098Z0,47995,52200,47165,51965,Naver
2025-12-30,0099L0,98795,99250,98665,99190,Naver
2025-12-30,0100K0,7070,8700,6405,8175,Naver
2025-12-30,0101N0,12540,13280,11920,12250,Naver
2025-12-30,0102A0,10500,11419,10330,10590,Naver
2025-12-30,0102X0,8795,9584,8540,9125,Naver
2025-12-30,0103T0,9844,10182,9375,9968,Naver
2025-12-30,0104G0,7155,8795,6580,8230,Naver
2025-12-30,0104H0,10420,11068,10200,10375,Naver
2025-12-30,0104N0,11265,12206,11055,12158,Naver
2025-12-30,0104P0,9929,10281,9779,9910,Naver
2025-12-30,0105D0,10030,10555,9835,10510,Naver
2025-12-30,0107F0,10307,10588,10183,10203,Naver
2025-12-30,0111J0,9742,10210,9372,9961,Naver
2025-12-30,0111P0,10609,10704,10295,10395,Naver
2025-12-30,0112X0,20840,22810,20595,22780,Naver
2025-12-30,0113D0,9954,10149,9725,9950,Naver
2025-12-30,0113G0,11225,11225,10375,10395,Naver
2025-12-30,0113P0,100160,100425,100160,100425,Naver
2025-12-30,0114X0,9939,10029,9030,9100,Naver
2025-12-30,0115C0,10847,10847,10388,10477,Naver
2025-12-30,0115D0,8915,9720,8605,8930,Naver
2025-12-30,0115E0,10560,10870,10165,10545,Naver
2025-12-30,0117L0,9950,10005,9945,9955,Naver
2025-12-30,0117V0,12390,13560,11690,12170,Naver
2025-12-30,0118S0,8565,9455,8000,8545,Naver
2025-12-30,0118Z0,8830,9550,8045,8315,Naver
2025-12-30,0119H0,9904,9975,9880,9960,Naver
2025-12-30,0120J0,10055,10455,9635,10410,Naver
2025-12-30,0122W0,49930,50060,49900,50050,Naver
2025-12-30,0123G0,8150,8557,7180,7265,Naver
2025-12-30,0123S0,10020,10055,10000,10025,Naver
2025-12-30,0127P0,10370,11005,9840,10070,Naver
2025-12-30,0127R0,11200,12250,9565,10335,Naver
2025-12-30,0127T0,10263,10392,10010,10095,Naver
2025-12-30,0128D0,9083,9240,8725,8913,Naver
2025-12-30,0131A0,10700,10700,9105,9225,Naver
2025-12-30,0131V0,10640,14040,10110,12690,Naver
2025-12-30,0131W0,100065,100305,100060,100300,Naver
2025-12-30,0132D0,10140,10425,9705,10250,Naver
2025-12-30,0132H0,10715,11500,9515,9820,Naver
2025-12-30,0132K0,9364,9499,9074,9241,Naver
2025-12-30,0135Y0,100090,100375,100005,100310,Naver
2025-12-30,0137V0,10019,10064,9639,9804,Naver
2025-12-30,0137W0,9990,10164,9760,9810,Naver
2025-12-30,0138D0,9935,10320,9525,10200,Naver
2025-12-30,0138T0,9608,9656,9304,9375,Naver
2025-12-30,0138Y0,10010,10310,9950,10020,Naver
2025-12-30,0139F0,100015,100250,100005,100245,Naver
2025-12-30,0139P0,10897,11031,10695,10908,Naver
2025-12-30,0141S0,10015,10760,9415,9830,Naver
2025-12-30,0141T0,50065,50225,50035,50200,Naver
2025-12-30,0142D0,10165,10165,7830,8610,Naver
2025-12-30,0144L0,9802,9847,9453,9541,Naver
2025-12-30,0144M0,10475,10510,9525,9630,Naver
2025-12-30,069500,56150,61070,55017,60831,Naver
2025-12-30,069660,56087,60955,54959,60800,Naver
2025-12-30,091160,56390,61700,54185,61300,Naver
2025-12-30,091180,22807,25836,22398,24808,Naver
2025-12-30,091220,13116,13702,12847,13121,Naver
2025-12-30,091230,59257,64659,56834,63999,Naver
2025-12-30,100910,8735,9559,8610,9534,Naver
2025-12-30,101280,27130,29593,26346,26671,Naver
2025-12-30,102110,56112,61029,54965,60770,Naver
2025-12-30,102780,13140,14025,12955,13970,Naver
2025-12-30,102960,13625,14715,13230,13350,Naver
2025-12-30,102970,14895,15615,14310,15235,Naver
2025-12-30,104520,11479,12053,11435,11729,Naver
2025-12-30,105010,5728,5876,5559,5619,Naver
2025-12-30,105190,56437,61360,55304,61186,Naver
2025-12-30,108450,21950,23315,21515,23080,Naver
2025-12-30,108590,55761,60998,55127,60903,Naver
2025-12-30,114100,107345,107689,106918,107490,Naver
2025-12-30,114260,61622,61855,61385,61775,Naver
2025-12-30,114470,108604,108894,108142,108805,Naver
2025-12-30,114800,2645,2700,2420,2430,Naver
2025-12-30,114820,104865,107000,104465,105000,Naver
2025-12-30,117460,13415,13930,12580,12655,Naver
2025-12-30,117680,12247,14275,11992,12471,Naver
2025-12-30,117690,23121,23514,21791,22090,Naver
2025-12-30,117700,3910,4290,3820,4115,Naver
2025-12-30,122090,39778,43816,38879,43616,Naver
2025-12-30,122630,40920,48200,39310,47785,Naver
2025-12-30,123310,2935,3015,2710,2750,Naver
2025-12-30,123320,40597,47700,38888,47290,Naver
2025-12-30,130680,3904,3959,3671,3830,Naver
2025-12-30,130730,101025,103980,98059,101300,Naver
2025-12-30,131890,25865,27730,25630,27320,Naver
2025-12-30,132030,24498,26264,24160,25235,Naver
2025-12-30,133690,165184,167815,156091,162802,Naver
2025-12-30,137610,5249,5263,4956,5075,Naver
2025-12-30,138230,16792,17029,16405,16535,Naver
2025-12-30,138520,17860,19030,17575,18785,Naver
2025-12-30,138530,8760,9345,8515,8640,Naver
2025-12-30,138540,38880,44100,37810,42510,Naver
2025-12-30,138920,11878,11933,10935,11020,Naver
2025-12-30,139230,13550,14445,13030,13300,Naver
2025-12-30,139240,12095,13785,11820,12350,Naver
2025-12-30,139250,14230,14800,13355,13595,Naver
2025-12-30,139260,51661,56663,50272,56508,Naver
2025-12-30,139270,12634,13118,12400,12759,Naver
2025-12-30,139290,19580,22000,19205,21380,Naver
2025-12-30,139660,7945,8140,7850,8095,Naver
2025-12-30,140570,18100,19115,17635,18030,Naver
2025-12-30,140580,17420,18250,17335,18045,Naver
2025-12-30,140700,12530,13020,12300,12855,Naver
2025-12-30,140710,5690,6035,5660,5885,Naver
2025-12-30,140950,43155,47055,42195,46995,Naver
2025-12-30,143850,70926,71668,69472,71235,Naver
2025-12-30,143860,49195,49760,46445,47975,Naver
2025-12-30,144600,9789,13920,9669,12605,Naver
2025-12-30,145670,3355,3365,3030,3045,Naver
2025-12-30,145850,60084,65018,59535,64954,Naver
2025-12-30,148020,56619,61509,55391,61280,Naver
2025-12-30,148070,109293,109979,108214,109180,Naver
2025-12-30,150460,7540,7580,7190,7255,Naver
2025-12-30,152100,57096,62010,55919,61990,Naver
2025-12-30,152380,67803,68204,67185,67780,Naver
2025-12-30,152500,16606,19500,15930,19385,Naver
2025-12-30,152870,56965,61760,55870,61460,Naver
2025-12-30,153130,112308,112581,112303,112576,Naver
2025-12-30,156080,25995,28450,25445,28260,Naver
2025-12-30,157450,110550,112500,110530,110810,Naver
2025-12-30,157490,9360,9660,8875,9355,Naver
2025-12-30,157500,10200,10660,9750,10425,Naver
2025-12-30,159800,43290,47905,42925,47565,Naver
2025-12-30,160580,13995,16750,13935,15455,Naver
2025-12-30,161510,20682,21436,20439,21066,Naver
2025-12-30,166400,15875,19361,15594,17162,Naver
2025-12-30,167860,102511,103738,100522,102505,Naver
2025-12-30,168580,33937,35990,33575,34765,Naver
2025-12-30,169950,26210,26800,25695,26140,Naver
2025-12-30,174350,17745,18295,17630,17915,Naver
2025-12-30,176950,56305,56706,55904,56255,Naver
2025-12-30,181480,80683,80693,77664,79415,Naver
2025-12-30,182490,13745,13805,13660,13730,Naver
2025-12-30,183700,71728,75435,71236,74200,Naver
2025-12-30,183710,56115,59755,55821,59755,Naver
2025-12-30,185680,38695,40105,37305,38415,Naver
2025-12-30,189400,23115,23529,22710,23425,Naver
2025-12-30,190620,100154,102855,100145,100390,Naver
2025-12-30,192090,12290,12842,12217,12545,Naver
2025-12-30,192720,46925,48615,46175,47405,Naver
2025-12-30,195930,20575,21264,20470,20935,Naver
2025-12-30,195970,14580,15040,14310,14965,Naver
2025-12-30,195980,12175,12460,11815,12365,Naver
2025-12-30,196230,114931,115210,114931,115190,Naver
2025-12-30,200030,38965,40360,38050,38990,Naver
2025-12-30,200250,26920,27030,25700,25820,Naver
2025-12-30,203780,31252,31590,30043,30385,Naver
2025-12-30,204450,2945,2980,2640,2805,Naver
2025-12-30,204480,25987,28219,25570,26830,Naver
2025-12-30,205720,1855,1883,1822,1837,Naver
2025-12-30,210780,19905,20848,19785,20544,Naver
2025-12-30,211560,26650,27730,26210,27210,Naver
2025-12-30,211900,21161,22112,20918,21815,Naver
2025-12-30,213610,12475,13215,12215,13160,Naver
2025-12-30,213630,18376,19000,18074,18425,Naver
2025-12-30,214980,113604,115977,113585,113902,Naver
2025-12-30,215620,16230,17695,16205,16375,Naver
2025-12-30,217780,5711,5803,5019,5620,Naver
2025-12-30,218420,15220,15740,14705,14960,Naver
2025-12-30,219390,5980,6070,5465,5665,Naver
2025-12-30,219900,4446,4763,4381,4575,Naver
2025-12-30,220130,5765,6250,5715,6160,Naver
2025-12-30,223190,16930,18125,16740,18055,Naver
2025-12-30,225030,2489,2548,2465,2475,Naver
2025-12-30,225040,56067,57700,54070,56965,Naver
2025-12-30,225050,13351,14055,13224,13680,Naver
2025-12-30,225060,11332,12110,10674,11515,Naver
2025-12-30,225130,52348,60470,51257,55685,Naver
2025-12-30,225800,16669,17115,15900,16140,Naver
2025-12-30,226380,6640,6700,6410,6535,Naver
2025-12-30,226490,40750,43460,39945,43370,Naver
2025-12-30,226980,20325,20980,19840,19970,Naver
2025-12-30,227540,22825,23730,22250,22725,Naver
2025-12-30,227550,10210,10935,9960,10220,Naver
2025-12-30,227560,12795,12805,11940,11940,Naver
2025-12-30,227570,15955,16905,15815,16350,Naver
2025-12-30,227830,41057,43696,40214,43676,Naver
2025-12-30,228790,3520,3530,3180,3250,Naver
2025-12-30,228800,3375,3525,3340,3420,Naver
2025-12-30,228810,5650,6105,5355,6065,Naver
2025-12-30,228820,10920,11580,10765,11545,Naver
2025-12-30,229200,16090,16375,14970,15430,Naver
2025-12-30,229720,21825,23080,21430,22995,Naver
2025-12-30,230480,4250,4437,4160,4385,Naver
2025-12-30,232080,16440,16705,15255,15740,Naver
2025-12-30,233160,14017,14476,12061,12775,Naver
2025-12-30,233740,12500,12970,10800,11455,Naver
2025-12-30,234310,19315,20560,19180,20525,Naver
2025-12-30,236350,45157,45654,41540,41895,Naver
2025-12-30,237350,43865,48025,43005,47770,Naver
2025-12-30,237370,14334,14562,14270,14502,Naver
2025-12-30,237440,10150,10237,10105,10115,Naver
2025-12-30,238670,12140,12415,12000,12285,Naver
2025-12-30,238720,35953,37242,34748,36090,Naver
2025-12-30,239660,119935,120285,119870,120245,Naver
2025-12-30,241180,28375,29071,27659,27890,Naver
2025-12-30,241390,13536,13935,13377,13920,Naver
2025-12-30,243880,79373,95705,76110,94550,Naver
2025-12-30,243890,7153,7609,6150,6335,Naver
2025-12-30,244580,12530,13100,12060,12490,Naver
2025-12-30,244620,14726,15321,14462,14826,Naver
2025-12-30,244660,9280,9475,9205,9210,Naver
2025-12-30,244670,10275,10871,10191,10374,Naver
2025-12-30,245350,17932,18949,17847,18356,Naver
2025-12-30,245360,14100,14931,13443,13672,Naver
2025-12-30,245710,30045,31805,29317,30435,Naver
2025-12-30,248270,26878,27930,25307,26075,Naver
2025-12-30,250730,10770,10867,10176,10565,Naver
2025-12-30,250780,2875,3060,2795,2960,Naver
2025-12-30,251340,2820,3035,2770,2930,Naver
2025-12-30,251350,36945,37773,36042,36666,Naver
2025-12-30,251590,16141,16495,15938,16042,Naver
2025-12-30,252400,37444,44085,35918,43830,Naver
2025-12-30,252410,3395,3460,3110,3120,Naver
2025-12-30,252420,735,765,613,620,Naver
2025-12-30,252650,15395,15910,15165,15405,Naver
2025-12-30,252670,729,762,610,615,Naver
2025-12-30,252710,776,807,647,651,Naver
2025-12-30,253150,75324,88525,72905,87930,Naver
2025-12-30,253160,1491,1553,1249,1259,Naver
2025-12-30,253230,742,765,615,624,Naver
2025-12-30,253240,3430,3485,3140,3160,Naver
2025-12-30,253250,36991,43465,35499,43150,Naver
2025-12-30,253280,17420,17545,16405,16875,Naver
2025-12-30,253290,12959,13038,12610,12720,Naver
2025-12-30,256440,9003,9182,8500,8570,Naver
2025-12-30,256450,13710,14539,13605,14110,Naver
2025-12-30,256750,14125,15095,13940,14780,Naver
2025-12-30,261060,16820,17135,15660,16555,Naver
2025-12-30,261070,19405,19700,17110,17990,Naver
2025-12-30,261110,17632,18095,16820,17075,Naver
2025-12-30,261120,4836,5065,4732,4975,Naver
2025-12-30,261220,13725,13935,12880,13455,Naver
2025-12-30,261240,14808,15016,14480,14580,Naver
2025-12-30,261250,17610,18101,16800,17050,Naver
2025-12-30,261260,4880,5110,4760,5025,Naver
2025-12-30,261270,7660,7840,7560,7780,Naver
2025-12-30,261920,13362,13840,13021,13500,Naver
2025-12-30,266160,19711,20981,19317,20947,Naver
2025-12-30,266360,13025,13175,12385,13115,Naver
2025-12-30,266370,28230,30305,27560,30100,Naver
2025-12-30,266390,9870,10635,9810,10270,Naver
2025-12-30,266410,8445,8510,8000,8030,Naver
2025-12-30,266420,22285,22560,21030,21680,Naver
2025-12-30,266550,15450,15865,15280,15420,Naver
2025-12-30,267440,8601,8601,8381,8450,Naver
2025-12-30,267450,10523,10798,10523,10680,Naver
2025-12-30,267490,5821,5821,5551,5645,Naver
2025-12-30,267770,31166,36635,29863,36355,Naver
2025-12-30,269370,17524,17544,16725,17028,Naver
2025-12-30,269420,22269,22553,21495,21620,Naver
2025-12-30,269530,20424,20474,19608,19722,Naver
2025-12-30,269540,27315,28185,26830,27395,Naver
2025-12-30,270800,13518,13612,13055,13339,Naver
2025-12-30,270810,15935,16265,14860,15320,Naver
2025-12-30,271050,4230,4500,4170,4305,Naver
2025-12-30,271060,8145,8210,7740,7830,Naver
2025-12-30,272560,112800,113115,112775,113110,Naver
2025-12-30,272570,108964,109350,108317,109125,Naver
2025-12-30,272580,55955,56100,55940,56085,Naver
2025-12-30,272910,106725,107000,106150,106900,Naver
2025-12-30,273130,114395,115000,113000,114575,Naver
2025-12-30,273140,113579,113881,113574,113862,Naver
2025-12-30,275280,22645,24235,22060,24125,Naver
2025-12-30,275290,16555,18235,16370,18160,Naver
2025-12-30,275300,14560,16130,14215,16130,Naver
2025-12-30,275750,2850,3035,2775,2945,Naver
2025-12-30,275980,20108,20828,19869,20610,Naver
2025-12-30,276000,16655,17530,16605,17160,Naver
2025-12-30,276650,38586,39619,37130,38795,Naver
2025-12-30,276970,7370,7624,7316,7550,Naver
2025-12-30,276990,23120,24430,22820,23315,Naver
2025-12-30,277540,22962,24532,22574,23450,Naver
2025-12-30,277630,41106,43929,40412,43839,Naver
2025-12-30,277640,20520,22030,20055,21955,Naver
2025-12-30,277650,19170,20130,19075,19075,Naver
2025-12-30,278240,14084,14576,12143,12910,Naver
2025-12-30,278530,20190,21950,19775,21890,Naver
2025-12-30,278540,19265,21045,18825,21010,Naver
2025-12-30,278620,116975,117355,116931,117345,Naver
2025-12-30,279530,13790,14333,13612,13923,Naver
2025-12-30,279540,14940,15435,14785,15190,Naver
2025-12-30,280320,20584,20950,19987,20605,Naver
2025-12-30,280930,14475,15093,14301,14565,Naver
2025-12-30,280940,3585,3630,3370,3455,Naver
2025-12-30,281990,15691,16119,15332,15563,Naver
2025-12-30,282000,111781,112310,111720,111985,Naver
2025-12-30,283580,15052,15744,15027,15370,Naver
2025-12-30,284430,16590,17032,16455,16933,Naver
2025-12-30,284980,16868,17439,16495,16992,Naver
2025-12-30,285690,15495,16220,15495,15765,Naver
2025-12-30,289040,16160,18040,16160,17980,Naver
2025-12-30,289250,16415,18115,16380,18085,Naver
2025-12-30,289260,15430,16210,15245,16110,Naver
2025-12-30,289480,8856,9460,8740,9450,Naver
2025-12-30,289670,54356,54765,53876,54570,Naver
2025-12-30,290080,8542,9012,8524,8594,Naver
2025-12-30,290130,21845,24175,21335,24145,Naver
2025-12-30,291130,16927,18446,16927,17880,Naver
2025-12-30,291620,5020,5395,4955,5240,Naver
2025-12-30,291630,6210,6460,5375,5715,Naver
2025-12-30,291680,7449,7886,7365,7515,Naver
2025-12-30,291890,10021,10440,9882,10325,Naver
2025-12-30,292050,26785,28860,26320,28715,Naver
2025-12-30,292150,18666,21246,18276,21126,Naver
2025-12-30,292160,26131,28218,25742,28064,Naver
2025-12-30,292190,26260,28165,25695,28145,Naver
2025-12-30,292500,26589,28584,26274,28510,Naver
2025-12-30,292560,8722,8908,8520,8555,Naver
2025-12-30,294400,73245,79650,71780,79495,Naver
2025-12-30,295000,53691,53960,53185,53630,Naver
2025-12-30,295020,56431,56974,56155,56655,Naver
2025-12-30,295040,20990,22760,20515,22710,Naver
2025-12-30,298340,56108,56770,55950,56290,Naver
2025-12-30,298770,38620,41426,37991,41121,Naver
2025-12-30,300610,6610,6770,6250,6295,Naver
2025-12-30,300640,7810,8015,7395,7400,Naver
2025-12-30,300950,6305,6445,5935,6040,Naver
2025-12-30,301400,16310,16520,15100,15565,Naver
2025-12-30,301410,4280,4595,4190,4440,Naver
2025-12-30,302190,51160,51355,50830,51200,Naver
2025-12-30,302450,41073,43848,40314,43753,Naver
2025-12-30,304660,7800,7800,7585,7645,Naver
2025-12-30,304670,11446,11729,11446,11620,Naver
2025-12-30,304760,25643,27616,25174,27616,Naver
2025-12-30,304770,16075,16340,14900,15400,Naver
2025-12-30,304780,45820,53790,44000,53240,Naver
2025-12-30,304940,28551,28953,27678,28575,Naver
2025-12-30,305050,41135,44040,40465,43900,Naver
2025-12-30,305080,13440,13520,13030,13150,Naver
2025-12-30,305540,18825,20510,16995,17060,Naver
2025-12-30,305720,15230,16715,13775,13845,Naver
2025-12-30,306520,6190,6240,5615,5625,Naver
2025-12-30,306530,12500,12940,10820,11490,Naver
2025-12-30,306950,31100,36160,30410,35865,Naver
2025-12-30,307510,19665,19740,18045,18800,Naver
2025-12-30,307520,16010,16780,15515,15955,Naver
2025-12-30,308620,12571,12625,12181,12260,Naver
2025-12-30,309230,30362,31632,30172,30571,Naver
2025-12-30,310080,10829,10952,10368,10580,Naver
2025-12-30,310960,32510,35555,32065,35430,Naver
2025-12-30,310970,24115,26460,23685,26420,Naver
2025-12-30,314250,57298,57453,53321,54738,Naver
2025-12-30,314700,11200,11265,10765,10800,Naver
2025-12-30,315270,21490,21770,20890,21440,Naver
2025-12-30,315930,39045,43240,38350,43060,Naver
2025-12-30,315960,35275,39815,34375,39740,Naver
2025-12-30,316300,14632,14681,14125,14282,Naver
2025-12-30,319640,25842,27709,25480,26580,Naver
2025-12-30,321410,10400,10400,10217,10326,Naver
2025-12-30,322400,12095,12420,11850,11995,Naver
2025-12-30,322410,18174,19214,17931,18551,Naver
2025-12-30,325010,22980,24620,22485,24520,Naver
2025-12-30,326230,10790,10875,10485,10520,Naver
2025-12-30,326240,23490,24820,23000,24485,Naver
2025-12-30,329200,4308,4411,4265,4352,Naver
2025-12-30,329650,14205,14340,14175,14220,Naver
2025-12-30,329660,17540,17739,17405,17485,Naver
2025-12-30,329670,21320,21574,21021,21125,Naver
2025-12-30,332500,37530,40865,36860,40825,Naver
2025-12-30,332610,132404,134288,129163,130478,Naver
2025-12-30,332620,99568,99704,96177,96961,Naver
2025-12-30,332930,73255,79625,71855,79540,Naver
2025-12-30,332940,24140,26350,23590,26325,Naver
2025-12-30,334690,7244,9940,6910,7980,Naver
2025-12-30,334700,3477,3639,2555,3045,Naver
2025-12-30,336160,101104,101575,100912,101505,Naver
2025-12-30,337120,19410,20715,19100,20715,Naver
2025-12-30,337140,19890,21340,19435,21265,Naver
2025-12-30,337150,19695,20490,19170,19775,Naver
2025-12-30,337160,22555,24834,22180,24769,Naver
2025-12-30,341850,4765,4884,4722,4795,Naver
2025-12-30,352540,12645,12710,12160,12572,Naver
2025-12-30,352560,11653,11728,11327,11470,Naver
2025-12-30,354240,11563,11755,11170,11290,Naver
2025-12-30,354350,22260,24295,21885,22305,Naver
2025-12-30,354500,16185,16500,15060,15580,Naver
2025-12-30,356540,105095,106000,104665,105255,Naver
2025-12-30,357870,56760,56915,56760,56910,Naver
2025-12-30,359210,20295,21725,19960,21635,Naver
2025-12-30,360140,11282,12765,10927,12670,Naver
2025-12-30,360200,25124,25598,24720,24935,Naver
2025-12-30,360750,24894,25358,24455,24685,Naver
2025-12-30,361580,31795,34500,31075,34400,Naver
2025-12-30,363510,110191,110445,110191,110445,Naver
2025-12-30,363570,96250,97125,95521,96255,Naver
2025-12-30,363580,20370,22460,19925,22380,Naver
2025-12-30,364690,21055,22820,20690,22710,Naver
2025-12-30,364960,7170,7255,6780,6930,Naver
2025-12-30,364970,8950,9140,8575,8975,Naver
2025-12-30,364980,9550,10320,8695,8780,Naver
2025-12-30,364990,5240,5345,4905,4990,Naver
2025-12-30,365000,4740,4865,4375,4610,Naver
2025-12-30,365040,20015,21335,19715,21270,Naver
2025-12-30,367380,28409,28844,27750,27985,Naver
2025-12-30,367740,20410,21740,20050,20825,Naver
2025-12-30,367760,21470,23245,20830,22635,Naver
2025-12-30,368190,8685,8790,8200,8330,Naver
2025-12-30,368590,27442,27935,26849,27064,Naver
2025-12-30,368680,8805,8890,8300,8390,Naver
2025-12-30,371160,9155,9279,8690,8905,Naver
2025-12-30,371450,12039,12432,11620,11805,Naver
2025-12-30,371460,12396,12737,12129,12630,Naver
2025-12-30,371470,9076,9190,8225,8310,Naver
2025-12-30,371870,8854,9093,8400,8725,Naver
2025-12-30,373490,17135,18625,16900,17935,Naver
2025-12-30,373790,16133,16700,15427,15612,Naver
2025-12-30,375270,13278,13495,12503,12770,Naver
2025-12-30,375760,13302,14321,13112,14316,Naver
2025-12-30,375770,13555,14585,13380,14530,Naver
2025-12-30,376410,13410,14419,13215,14379,Naver
2025-12-30,377990,17675,18750,16925,17435,Naver
2025-12-30,379780,21647,22050,21289,21479,Naver
2025-12-30,379790,15514,15742,15335,15725,Naver
2025-12-30,379800,22734,23171,22346,22515,Naver
2025-12-30,379810,24714,25153,24186,24385,Naver
2025-12-30,380340,15285,16365,14815,15650,Naver
2025-12-30,381170,31503,31727,30206,30605,Naver
2025-12-30,381180,27019,28592,26105,27089,Naver
2025-12-30,381560,9800,10800,9700,9965,Naver
2025-12-30,381570,8290,8675,7880,7925,Naver
2025-12-30,385510,28935,31670,28150,28585,Naver
2025-12-30,385520,10515,11830,10420,11435,Naver
2025-12-30,385540,106832,111047,106426,109995,Naver
2025-12-30,385550,111826,112110,111752,112105,Naver
2025-12-30,385560,69872,74924,68851,69509,Naver
2025-12-30,385590,12630,13460,12435,13400,Naver
2025-12-30,385600,8020,8770,7890,8020,Naver
2025-12-30,385720,14230,15065,13820,15065,Naver
2025-12-30,387270,20555,21127,19908,20350,Naver
2025-12-30,387280,9655,10080,8835,9310,Naver
2025-12-30,388280,7415,7865,7415,7765,Naver
2025-12-30,388420,16200,16495,14800,16250,Naver
2025-12-30,390390,35267,37230,34254,35797,Naver
2025-12-30,390400,7000,7450,6856,6871,Naver
2025-12-30,391600,11618,11941,10931,11035,Naver
2025-12-30,391670,14950,16145,14730,16100,Naver
2025-12-30,394670,10025,10729,9830,10375,Naver
2025-12-30,395150,3000,3050,2880,3035,Naver
2025-12-30,395160,16825,17980,15985,17925,Naver
2025-12-30,395170,10259,11257,10229,11053,Naver
2025-12-30,395270,19185,21075,18640,20980,Naver
2025-12-30,395280,3895,3965,3675,3700,Naver
2025-12-30,395290,8320,9095,7900,9010,Naver
2025-12-30,395750,11950,12705,11785,12700,Naver
2025-12-30,396500,18190,20260,17490,20110,Naver
2025-12-30,396510,7820,8111,7544,7715,Naver
2025-12-30,396520,9346,10273,9281,9830,Naver
2025-12-30,397420,51083,51270,50810,51135,Naver
2025-12-30,399110,19659,20113,19340,19500,Naver
2025-12-30,399580,9207,9370,8755,8920,Naver
2025-12-30,400580,12088,12713,11869,12345,Naver
2025-12-30,400590,14740,15840,14490,15205,Naver
2025-12-30,400970,7605,7825,7520,7775,Naver
2025-12-30,401170,7370,7630,7280,7575,Naver
2025-12-30,401470,7840,8135,7630,8105,Naver
2025-12-30,401590,11906,12704,11646,12240,Naver
2025-12-30,402460,8345,8690,8270,8480,Naver
2025-12-30,402970,12838,13175,12698,12773,Naver
2025-12-30,403790,32399,35395,32109,35325,Naver
2025-12-30,404120,16885,17760,16450,17195,Naver
2025-12-30,404260,15520,16475,15200,15875,Naver
2025-12-30,404540,15729,16573,15339,15979,Naver
2025-12-30,404650,15293,16386,15173,15862,Naver
2025-12-30,407300,9050,9610,9010,9320,Naver
2025-12-30,407310,11377,12086,11127,11917,Naver
2025-12-30,407820,8014,8054,7805,7970,Naver
2025-12-30,407830,16970,17790,15810,16455,Naver
2025-12-30,409810,6350,6557,6260,6345,Naver
2025-12-30,409820,15906,16373,14953,15960,Naver
2025-12-30,410870,11395,11580,11050,11535,Naver
2025-12-30,411060,28220,30590,27900,29005,Naver
2025-12-30,411540,11522,12246,11297,12062,Naver
2025-12-30,411860,17245,18154,17095,17640,Naver
2025-12-30,412560,2444,2519,2180,2270,Naver
2025-12-30,412570,1487,1717,1207,1219,Naver
2025-12-30,412770,13744,14606,12732,13265,Naver
2025-12-30,413220,5431,5644,5208,5455,Naver
2025-12-30,413930,15085,16360,14835,16355,Naver
2025-12-30,414270,13159,14538,12527,12855,Naver
2025-12-30,414780,11369,11629,10980,11445,Naver
2025-12-30,415340,11520,11865,11240,11685,Naver
2025-12-30,415760,10774,11061,10496,10905,Naver
2025-12-30,415920,7380,7720,6950,7355,Naver
2025-12-30,416090,10714,10869,10060,10575,Naver
2025-12-30,417450,12301,12951,11205,11320,Naver
2025-12-30,417630,13755,14325,13385,14175,Naver
2025-12-30,418660,35672,36770,33961,34525,Naver
2025-12-30,419420,8710,9235,8396,8770,Naver
2025-12-30,419430,10575,11040,10200,10775,Naver
2025-12-30,419650,5060,5080,4300,4350,Naver
2025-12-30,419890,105947,106330,105918,106300,Naver
2025-12-30,421320,20830,27025,20405,26380,Naver
2025-12-30,422260,10389,10878,9590,9725,Naver
2025-12-30,422420,7348,7897,6605,6625,Naver
2025-12-30,423160,109703,109946,109703,109946,Naver
2025-12-30,423170,30525,31670,29140,31460,Naver
2025-12-30,423920,40487,45420,37446,40357,Naver
2025-12-30,424460,15654,15773,15190,15345,Naver
2025-12-30,426020,27939,28638,26976,27340,Naver
2025-12-30,426030,35469,36243,33426,34140,Naver
2025-12-30,426150,55569,55988,55258,55620,Naver
2025-12-30,427120,7444,7549,6955,7175,Naver
2025-12-30,428510,15830,16895,15590,16715,Naver
2025-12-30,428560,16915,17654,16511,17214,Naver
2025-12-30,429000,12906,13178,12672,12802,Naver
2025-12-30,429010,17045,17770,16765,16885,Naver
2025-12-30,429740,6895,7077,6743,6930,Naver
2025-12-30,429980,15235,15570,14460,14785,Naver
2025-12-30,430500,113591,114500,113077,113810,Naver
2025-12-30,432600,55044,55215,54810,55120,Naver
2025-12-30,432840,18791,19056,18383,18488,Naver
2025-12-30,433220,25355,27000,24415,25315,Naver
2025-12-30,433250,16510,17625,16445,17580,Naver
2025-12-30,433330,20781,21151,20438,20568,Naver
2025-12-30,433500,41130,44180,39090,40865,Naver
2025-12-30,433880,17829,18064,17365,17480,Naver
2025-12-30,433970,13585,13819,13535,13570,Naver
2025-12-30,433980,15110,15622,15016,15061,Naver
2025-12-30,434730,49000,51740,46325,47460,Naver
2025-12-30,434960,56746,61562,56097,61562,Naver
2025-12-30,435040,20343,20534,19774,19833,Naver
2025-12-30,435420,13704,14023,13515,13599,Naver
2025-12-30,435530,14835,14995,14530,14605,Naver
2025-12-30,435540,16325,16590,16035,16110,Naver
2025-12-30,435550,16525,16995,16400,16485,Naver
2025-12-30,436140,110309,112700,109878,112700,Naver
2025-12-30,437080,100606,102102,99792,100281,Naver
2025-12-30,437350,12800,12971,12510,12610,Naver
2025-12-30,437370,9601,9948,9542,9635,Naver
2025-12-30,438080,14088,14186,13620,13795,Naver
2025-12-30,438100,15012,15017,14450,14610,Naver
2025-12-30,438320,8947,9027,7859,8550,Naver
2025-12-30,438560,100179,110056,99745,100285,Naver
2025-12-30,438570,102801,103469,101832,102875,Naver
2025-12-30,438740,30729,31297,30110,30655,Naver
2025-12-30,438900,12045,12065,11580,11680,Naver
2025-12-30,439860,113781,114170,113462,114050,Naver
2025-12-30,439870,109464,113200,108233,109215,Naver
2025-12-30,440340,11885,13214,11684,11769,Naver
2025-12-30,440640,110100,110405,110065,110395,Naver
2025-12-30,440910,23600,25570,22640,24295,Naver
2025-12-30,441540,29245,31650,28445,29230,Naver
2025-12-30,441640,12419,12638,12181,12288,Naver
2025-12-30,441680,10549,10953,10539,10615,Naver
2025-12-30,441800,18346,19459,17975,19414,Naver
2025-12-30,442320,38048,40693,36062,36690,Naver
2025-12-30,442550,13920,14326,13835,13920,Naver
2025-12-30,442570,15585,15878,15495,15570,Naver
2025-12-30,442580,37280,44290,36415,42920,Naver
2025-12-30,444490,19020,19405,18695,18840,Naver
2025-12-30,445150,28965,31795,28110,29585,Naver
2025-12-30,445290,23220,26495,22670,26275,Naver
2025-12-30,445690,21195,22560,20865,22425,Naver
2025-12-30,445910,16951,17386,16727,16896,Naver
2025-12-30,446690,27873,29271,26864,29236,Naver
2025-12-30,446700,11100,12175,10560,10620,Naver
2025-12-30,446720,11609,11900,11489,11584,Naver
2025-12-30,446770,44071,46852,42948,46618,Naver
2025-12-30,447430,15256,15841,15023,15226,Naver
2025-12-30,447620,15230,15305,14860,15040,Naver
2025-12-30,447660,13564,13708,13144,13234,Naver
2025-12-30,447770,15044,15795,14207,15278,Naver
2025-12-30,448100,57523,62764,56407,62600,Naver
2025-12-30,448290,16055,16290,15781,16200,Naver
2025-12-30,448300,20090,20435,19496,20135,Naver
2025-12-30,448330,12569,13319,12510,13265,Naver
2025-12-30,448490,55558,55836,54901,55540,Naver
2025-12-30,448540,24774,25378,24422,25130,Naver
2025-12-30,448570,18220,19952,18130,19905,Naver
2025-12-30,448630,11490,11955,11450,11835,Naver
2025-12-30,449170,109620,109865,109610,109865,Naver
2025-12-30,449180,15505,15705,15211,15620,Naver
2025-12-30,449450,47935,53595,46105,52115,Naver
2025-12-30,449580,16724,17249,16347,16530,Naver
2025-12-30,449680,10850,11684,10770,10890,Naver
2025-12-30,449770,19959,20532,19570,19740,Naver
2025-12-30,449780,16910,17140,16606,16990,Naver
2025-12-30,450180,11280,12005,11115,11180,Naver
2025-12-30,450190,25480,27995,25160,27995,Naver
2025-12-30,451000,111804,112460,111231,112105,Naver
2025-12-30,451060,18184,19686,17783,19627,Naver
2025-12-30,451150,20225,20980,19215,19400,Naver
2025-12-30,451540,54985,55260,54795,55200,Naver
2025-12-30,451600,105096,106835,103886,104830,Naver
2025-12-30,451670,20381,20990,19906,20185,Naver
2025-12-30,452250,5577,5665,5326,5435,Naver
2025-12-30,452360,10753,11041,10713,10932,Naver
2025-12-30,453060,109250,109490,109245,109490,Naver
2025-12-30,453080,20150,20420,19546,20120,Naver
2025-12-30,453330,16309,16506,15994,16423,Naver
2025-12-30,453630,12157,12430,11764,11938,Naver
2025-12-30,453640,13983,13983,13275,13619,Naver
2025-12-30,453660,18645,19613,18495,18745,Naver
2025-12-30,453810,14617,14717,14003,14078,Naver
2025-12-30,453820,18494,18559,16780,16925,Naver
2025-12-30,453850,7791,7791,7559,7618,Naver
2025-12-30,453870,14405,14435,13762,13812,Naver
2025-12-30,453950,20890,23330,20890,22245,Naver
2025-12-30,454180,9448,9562,8940,9044,Naver
2025-12-30,454320,31710,34610,30400,32050,Naver
2025-12-30,454780,103955,104436,103547,104030,Naver
2025-12-30,455030,12447,12625,12160,12249,Naver
2025-12-30,455660,9629,9649,9599,9644,Naver
2025-12-30,455850,17735,17830,15770,16735,Naver
2025-12-30,455860,5215,5910,4865,4905,Naver
2025-12-30,455890,54165,54315,54165,54315,Naver
2025-12-30,455960,12500,12680,12210,12310,Naver
2025-12-30,456200,61989,62839,60560,60680,Naver
2025-12-30,456250,11453,11638,11069,11134,Naver
2025-12-30,456600,35474,37023,33740,34480,Naver
2025-12-30,456610,61930,62815,60485,60970,Naver
2025-12-30,456680,9557,10018,9082,9850,Naver
2025-12-30,456880,12550,12730,12265,12345,Naver
2025-12-30,457480,20822,23435,20586,22145,Naver
2025-12-30,457690,10777,10820,10540,10755,Naver
2025-12-30,457700,11159,11305,11041,11085,Naver
2025-12-30,457930,18760,20060,18550,19930,Naver
2025-12-30,458030,53886,54040,53876,54040,Naver
2025-12-30,458210,108305,108565,108295,108555,Naver
2025-12-30,458250,39620,39685,37715,38235,Naver
2025-12-30,458260,48437,48481,46057,48304,Naver
2025-12-30,458730,12659,12986,12530,12659,Naver
2025-12-30,458750,11109,11472,10998,11060,Naver
2025-12-30,458760,9562,9867,9476,9534,Naver
2025-12-30,459580,1063553,1066333,1063553,1066333,Naver
2025-12-30,459750,16624,17009,16415,16565,Naver
2025-12-30,459790,18301,20527,17838,18350,Naver
2025-12-30,460270,12945,13135,12675,12740,Naver
2025-12-30,460660,11103,11544,10935,11073,Naver
2025-12-30,460960,11599,11881,11318,11401,Naver
2025-12-30,461270,11040,11075,11040,11075,Naver
2025-12-30,461340,27825,28740,25656,27125,Naver
2025-12-30,461450,15680,15930,14260,14740,Naver
2025-12-30,461460,53825,55340,53311,53920,Naver
2025-12-30,461490,14780,14924,14586,14690,Naver
2025-12-30,461500,109060,109620,108580,109305,Naver
2025-12-30,461580,15815,16595,14700,15090,Naver
2025-12-30,461600,8945,8950,8660,8770,Naver
2025-12-30,461900,22900,24010,21970,22180,Naver
2025-12-30,461910,41429,42103,37613,38380,Naver
2025-12-30,461950,5650,6440,5140,5180,Naver
2025-12-30,462010,5540,6515,5245,5280,Naver
2025-12-30,462330,1601,1897,1286,1298,Naver
2025-12-30,462340,17455,17545,16795,16885,Naver
2025-12-30,462900,23710,24530,22045,23120,Naver
2025-12-30,463050,20270,20720,18350,19575,Naver
2025-12-30,463250,27045,30350,25780,29800,Naver
2025-12-30,463290,106943,107265,106943,107215,Naver
2025-12-30,463300,13093,13665,13034,13355,Naver
2025-12-30,463640,15363,15363,14131,14280,Naver
2025-12-30,463680,18160,20232,17631,18270,Naver
2025-12-30,463690,19369,19868,19164,19404,Naver
2025-12-30,464240,51703,51887,51679,51872,Naver
2025-12-30,464310,14736,15656,14488,15035,Naver
2025-12-30,464920,17495,18500,17050,17810,Naver
2025-12-30,464930,20246,21030,18857,19545,Naver
2025-12-30,465330,10620,11935,9770,9810,Naver
2025-12-30,465350,23956,25880,21314,25735,Naver
2025-12-30,465580,23508,23633,22346,22730,Naver
2025-12-30,465610,42720,43145,38499,39950,Naver
2025-12-30,465620,6941,7799,6829,7245,Naver
2025-12-30,465660,16422,17542,15601,16780,Naver
2025-12-30,465670,14245,15135,14245,14484,Naver
2025-12-30,465780,104300,104545,104261,104545,Naver
2025-12-30,466810,6350,7150,5690,5720,Naver
2025-12-30,466920,32505,35395,31295,32385,Naver
2025-12-30,466930,13520,15640,13240,15190,Naver
2025-12-30,466940,20842,21814,20609,21163,Naver
2025-12-30,468370,11618,11682,10915,11369,Naver
2025-12-30,468380,11597,11768,11342,11455,Naver
2025-12-30,468630,11921,12026,11595,11699,Naver
2025-12-30,469050,18205,19353,17646,18744,Naver
2025-12-30,469060,20826,22169,20077,21135,Naver
2025-12-30,469070,12285,13855,11895,13210,Naver
2025-12-30,469150,24625,27255,23670,26990,Naver
2025-12-30,469160,16177,17010,15659,16430,Naver
2025-12-30,469170,6001,6386,5567,5787,Naver
2025-12-30,469530,8855,9100,8750,9025,Naver
2025-12-30,469790,18185,20227,17816,20142,Naver
2025-12-30,469830,53055,53215,53055,53210,Naver
2025-12-30,470310,11380,11815,10910,11580,Naver
2025-12-30,471040,20985,21655,19735,20550,Naver
2025-12-30,471460,57514,62921,56859,57292,Naver
2025-12-30,471760,11900,11945,10515,11620,Naver
2025-12-30,471780,17570,18170,16455,17685,Naver
2025-12-30,471990,16845,16890,14525,15445,Naver
2025-12-30,472150,11778,12800,11576,12743,Naver
2025-12-30,472160,18389,18484,17501,18165,Naver
2025-12-30,472170,14115,14375,13805,13985,Naver
2025-12-30,472720,17916,18568,17476,18290,Naver
2025-12-30,472830,9200,9208,8802,8881,Naver
2025-12-30,472840,55674,60951,54820,60732,Naver
2025-12-30,472870,8291,8321,7880,7949,Naver
2025-12-30,472920,101811,102170,101545,102160,Naver
2025-12-30,473290,10685,10825,10670,10730,Naver
2025-12-30,473330,9221,9236,8869,8947,Naver
2025-12-30,473440,10605,10640,10600,10635,Naver
2025-12-30,473460,23694,24989,22380,23639,Naver
2025-12-30,473590,20675,21254,19256,20275,Naver
2025-12-30,473640,30938,35120,29761,32520,Naver
2025-12-30,474220,15730,15836,15096,15367,Naver
2025-12-30,474390,50882,51745,50337,50835,Naver
2025-12-30,474590,18270,19560,17235,19410,Naver
2025-12-30,474920,18215,18550,17045,17315,Naver
2025-12-30,475050,10935,12345,10435,12270,Naver
2025-12-30,475070,24960,27260,24155,24905,Naver
2025-12-30,475080,8610,9015,8586,8781,Naver
2025-12-30,475260,10525,10555,10525,10555,Naver
2025-12-30,475280,10490,10525,10485,10520,Naver
2025-12-30,475300,11595,11900,10470,11510,Naver
2025-12-30,475310,18995,19075,16610,17965,Naver
2025-12-30,475350,14591,14739,14060,14200,Naver
2025-12-30,475380,10396,10524,10084,10149,Naver
2025-12-30,475630,1052865,1055640,1052865,1055640,Naver
2025-12-30,475720,9907,10351,9714,10346,Naver
2025-12-30,476000,12200,12580,11580,11915,Naver
2025-12-30,476030,15659,16014,15285,15405,Naver
2025-12-30,476070,11845,11999,11056,11595,Naver
2025-12-30,476260,8505,8675,7585,8445,Naver
2025-12-30,476310,10268,10549,9682,10170,Naver
2025-12-30,476450,51553,51760,51524,51700,Naver
2025-12-30,476550,7587,7592,7376,7438,Naver
2025-12-30,476750,8926,8966,8465,8564,Naver
2025-12-30,476760,10254,10254,9770,9840,Naver
2025-12-30,476800,4711,4827,4656,4755,Naver
2025-12-30,476850,12702,13532,12415,13493,Naver
2025-12-30,477050,52230,52375,52225,52350,Naver
2025-12-30,477080,105245,105510,105240,105495,Naver
2025-12-30,477490,19780,21705,18615,19020,Naver
2025-12-30,477730,8894,9114,8609,8784,Naver
2025-12-30,478150,18854,20731,18063,19740,Naver
2025-12-30,479080,52490,52625,52485,52620,Naver
2025-12-30,479520,104340,104565,104330,104565,Naver
2025-12-30,479620,15255,15855,14250,15025,Naver
2025-12-30,479730,11283,11468,10859,10928,Naver
2025-12-30,479850,15155,15170,13715,13990,Naver
2025-12-30,480020,12337,12737,11606,12105,Naver
2025-12-30,480030,10255,10510,10153,10249,Naver
2025-12-30,480040,11404,12463,11399,11769,Naver
2025-12-30,480260,53035,53230,52960,53185,Naver
2025-12-30,480310,13440,14054,12965,13050,Naver
2025-12-30,480460,9790,10025,9747,9959,Naver
2025-12-30,481050,1011908,1014624,1011908,1014624,Naver
2025-12-30,481060,8142,8152,7899,8024,Naver
2025-12-30,481180,14810,15780,14755,15030,Naver
2025-12-30,481190,17075,17195,16360,16595,Naver
2025-12-30,481340,10059,10074,9629,9724,Naver
2025-12-30,481430,103110,103420,102172,102810,Naver
2025-12-30,482030,9359,9908,8765,8900,Naver
2025-12-30,483020,13830,14145,13210,13665,Naver
2025-12-30,483030,11140,11225,10502,10921,Naver
2025-12-30,483240,12652,12914,12371,12430,Naver
2025-12-30,483290,9089,9377,8992,9049,Naver
2025-12-30,483320,14575,16239,13579,14700,Naver
2025-12-30,483330,12830,14069,12183,12655,Naver
2025-12-30,483340,14867,16131,14036,15310,Naver
2025-12-30,483570,15895,16335,15235,15420,Naver
2025-12-30,484880,17049,17792,16702,17098,Naver
2025-12-30,484890,51520,51635,51510,51632,Naver
2025-12-30,485540,14974,15324,14495,14770,Naver
2025-12-30,485690,17439,18022,16416,17120,Naver
2025-12-30,485810,11084,11179,10571,11080,Naver
2025-12-30,486240,14000,14720,13445,14650,Naver
2025-12-30,486290,10323,10529,10098,10185,Naver
2025-12-30,486450,20630,20945,18800,19010,Naver
2025-12-30,486830,52055,52215,52055,52215,Naver
2025-12-30,487130,15160,15750,14395,15680,Naver
2025-12-30,487230,18120,18939,16111,16425,Naver
2025-12-30,487240,23140,25165,21820,22900,Naver
2025-12-30,487340,103240,103530,103235,103530,Naver
2025-12-30,487910,10000,10050,9220,9295,Naver
2025-12-30,487920,9140,9180,8700,8780,Naver
2025-12-30,487950,9926,9966,9491,9696,Naver
2025-12-30,488080,14495,18060,13600,17810,Naver
2025-12-30,488200,11070,11970,10300,10350,Naver
2025-12-30,488210,12570,13240,11845,13140,Naver
2025-12-30,488480,11990,12566,11535,11800,Naver
2025-12-30,488500,11810,12154,11646,11760,Naver
2025-12-30,488720,50465,50680,50227,50545,Naver
2025-12-30,488770,102826,103130,102826,103130,Naver
2025-12-30,488980,50981,51140,50966,51130,Naver
2025-12-30,489000,9942,10120,9681,9775,Naver
2025-12-30,489010,15630,16695,15225,15630,Naver
2025-12-30,489030,8601,8827,8395,8476,Naver
2025-12-30,489290,15790,16240,15400,15545,Naver
2025-12-30,489860,13371,13945,13206,13446,Naver
2025-12-30,490090,15314,15484,14670,14960,Naver
2025-12-30,490330,12500,12735,11735,12150,Naver
2025-12-30,490480,23690,26265,22660,25685,Naver
2025-12-30,490490,10663,10802,10386,10525,Naver
2025-12-30,490590,12646,13054,11941,12469,Naver
2025-12-30,490600,8267,8559,8228,8300,Naver
2025-12-30,491010,19604,20952,17930,18585,Naver
2025-12-30,491090,16839,17014,16150,16515,Naver
2025-12-30,491220,66435,72215,65325,72030,Naver
2025-12-30,491230,51320,51480,51305,51480,Naver
2025-12-30,491510,14005,14875,13970,14525,Naver
2025-12-30,491610,102710,102975,102710,102975,Naver
2025-12-30,491620,10600,10790,10360,10465,Naver
2025-12-30,491630,12164,12409,11296,11600,Naver
2025-12-30,491700,56570,61460,55750,61360,Naver
2025-12-30,491820,27925,30300,26330,27725,Naver
2025-12-30,491830,15534,16228,14350,14805,Naver
2025-12-30,492500,50847,53745,50773,50990,Naver
2025-12-30,493420,10676,10978,10502,10622,Naver
2025-12-30,493810,11719,11851,11225,11453,Naver
2025-12-30,494180,13284,13789,13010,13140,Naver
2025-12-30,494210,10679,10920,10553,10597,Naver
2025-12-30,494220,19625,21740,18350,21595,Naver
2025-12-30,494300,9577,9871,9464,9547,Naver
2025-12-30,494310,25300,29980,23285,29685,Naver
2025-12-30,494330,15084,15771,14801,15771,Naver
2025-12-30,494340,13293,14191,12290,12435,Naver
2025-12-30,494410,13479,13938,13090,13235,Naver
2025-12-30,494420,9366,9589,9215,9260,Naver
2025-12-30,494670,26055,28330,25075,25955,Naver
2025-12-30,494840,12256,13228,11872,12804,Naver
2025-12-30,494890,16164,17641,15874,17616,Naver
2025-12-30,495040,15908,17597,15615,17587,Naver
2025-12-30,495050,16071,17714,15743,17714,Naver
2025-12-30,495060,15130,16045,14685,15970,Naver
2025-12-30,495230,16316,17976,15983,17926,Naver
2025-12-30,495550,16390,18085,16040,18075,Naver
2025-12-30,495710,51030,51170,51006,51170,Naver
2025-12-30,495750,16013,17700,15713,17700,Naver
2025-12-30,495850,16028,17689,15676,17634,Naver
2025-12-30,495940,13265,14173,12406,13085,Naver
2025-12-30,496020,51111,51275,51101,51275,Naver
2025-12-30,496090,15996,17702,15707,17702,Naver
2025-12-30,496120,16288,17995,15964,17900,Naver
2025-12-30,496770,16720,18245,16340,17500,Naver
2025-12-30,497510,12385,12529,11713,12206,Naver
2025-12-30,497520,13073,13113,12065,12855,Naver
2025-12-30,497570,15731,16470,14792,15426,Naver
2025-12-30,497780,9641,9897,9184,9278,Naver
2025-12-30,497880,49491,49750,49481,49645,Naver
2025-12-30,498050,16610,16900,15545,16035,Naver
2025-12-30,498180,96935,97615,96870,97550,Naver
2025-12-30,498270,13490,14398,12980,13095,Naver
2025-12-30,498400,12190,13011,11953,12982,Naver
2025-12-30,498410,11713,12227,11302,11436,Naver
2025-12-30,498610,10678,10972,10210,10285,Naver
2025-12-30,499150,10623,11051,10558,10628,Naver
2025-12-30,499660,990862,994516,990862,993408,Naver
2026-01-01,0000H0,11350,11550,10220,10535,Yahoo
2026-01-01,0021D0,11150,11360,10935,11120,Yahoo
2026-01-01,0023B0,16695,18805,16265,16300,Yahoo
2026-01-01,0048J0,14405,14855,14230,14385,Yahoo
2026-01-01,0083S0,11425,12420,11290,11335,Yahoo
2026-01-01,0092B0,10625,15520,10425,14290,Yahoo
2026-01-01,0093B0,11330,11745,11250,11330,Yahoo
2026-01-01,0094M0,12835,16085,12835,15865,Yahoo
2026-01-01,0105E0,10830,12315,10655,12190,Yahoo
2026-01-01,0127M0,10450,11225,10310,10705,Yahoo
2026-01-01,0127V0,10080,10430,10025,10095,Yahoo
2026-01-01,0153P0,10200,10295,10145,10205,Yahoo
2026-01-01,0154F0,10120,12375,10100,11805,Yahoo
2026-01-01,091170,12630,14025,12410,13485,Yahoo
2026-01-01,099140,23900,25500,23580,24605,Yahoo
2026-01-01,104530,15670,18390,15400,18230,Yahoo
2026-01-01,105780,9650,12460,9595,12315,Yahoo
2026-01-01,114460,102040,102195,101600,101750,Yahoo
2026-01-01,122260,102680,102852,102660,102840,Yahoo
2026-01-01,136340,106045,106270,105560,105590,Yahoo
2026-01-01,138910,9115,10740,9065,9550,Yahoo
2026-01-01,139220,4635,6140,4525,5915,Yahoo
2026-01-01,139280,12395,13655,12350,13550,Yahoo
2026-01-01,139320,19075,25265,18970,23335,Yahoo
2026-01-01,147970,51490,64125,51305,63200,Yahoo
2026-01-01,153270,46395,60000,46315,58855,Yahoo
2026-01-01,174360,23565,25145,23565,24210,Yahoo
2026-01-01,182480,12355,12905,12245,12405,Yahoo
2026-01-01,195920,29285,31590,28810,30355,Yahoo
2026-01-01,196030,63570,74030,63570,69775,Yahoo
2026-01-01,217770,2750,2845,2400,2465,Yahoo
2026-01-01,219480,29965,30555,29670,30180,Yahoo
2026-01-01,245340,33815,35625,33220,34125,Yahoo
2026-01-01,251600,14300,15290,14200,15180,Yahoo
2026-01-01,252000,16315,18725,16175,18680,Yahoo
2026-01-01,261140,18190,22130,18105,21780,Yahoo
2026-01-01,280920,16595,20580,16595,20165,Yahoo
2026-01-01,287180,44085,45070,42220,44085,Yahoo
2026-01-01,292770,56300,56720,56295,56575,Yahoo
2026-01-01,293180,61160,78930,61155,77510,Yahoo
2026-01-01,316670,7745,11945,7565,10230,Yahoo
2026-01-01,325020,19870,23950,19715,23475,Yahoo
2026-01-01,328370,23550,29605,23485,29190,Yahoo
2026-01-01,329750,13355,13735,13165,13325,Yahoo
2026-01-01,360150,6680,7285,5575,7000,Yahoo
2026-01-01,365780,86085,86515,84425,84820,Yahoo
2026-01-01,367770,17895,24200,17720,23195,Yahoo
2026-01-01,371150,8840,9570,8555,8840,Yahoo
2026-01-01,372330,8840,9760,8740,9030,Yahoo
2026-01-01,385710,10240,13220,10240,12870,Yahoo
2026-01-01,394660,14345,16445,14245,15635,Yahoo
2026-01-01,395760,13635,17080,13635,16740,Yahoo
2026-01-01,400570,12065,12695,11465,11500,Yahoo
2026-01-01,411420,19505,21995,19335,21850,Yahoo
2026-01-01,418670,13395,14280,12450,12465,Yahoo
2026-01-01,429760,18395,19040,18280,18390,Yahoo
2026-01-01,434060,16245,16810,16185,16370,Yahoo
2026-01-01,437070,63455,65260,62575,63115,Yahoo
2026-01-01,438330,115710,116115,115305,115345,Yahoo
2026-01-01,440650,11855,12200,11710,11875,Yahoo
2026-01-01,442090,19535,23845,19290,23480,Yahoo
2026-01-01,442260,21405,27195,21340,26930,Yahoo
2026-01-01,442560,14950,15490,14875,15345,Yahoo
2026-01-01,444200,31480,41365,31440,40660,Yahoo
2026-01-01,449190,19380,20020,19110,19590,Yahoo
2026-01-01,449690,27570,35900,27570,35540,Yahoo
2026-01-01,450910,15110,20955,14875,20000,Yahoo
2026-01-01,451530,51700,52280,48010,48030,Yahoo
2026-01-01,453010,108050,108257,108050,108255,Yahoo
2026-01-01,453650,19515,20160,18455,18760,Yahoo
2026-01-01,457990,21190,24530,20725,23845,Yahoo
2026-01-01,459560,19530,21175,19390,20050,Yahoo
2026-01-01,464470,52680,54665,51875,52345,Yahoo
2026-01-01,464600,13260,16345,13260,15850,Yahoo
2026-01-01,464610,10145,12300,9650,12060,Yahoo
2026-01-01,466950,22380,25570,22215,25250,Yahoo
2026-01-01,471230,108800,109350,106675,107070,Yahoo
2026-01-01,473490,21310,24350,21310,23025,Yahoo
2026-01-01,474800,11890,13760,11865,13395,Yahoo
2026-01-01,475270,10530,10560,10495,10550,Yahoo
2026-01-01,476690,10525,11425,10435,10830,Yahoo
2026-01-01,482730,11710,12170,11630,11675,Yahoo
2026-01-01,483280,12610,13065,12415,12450,Yahoo
2026-01-01,483420,14710,15955,14650,15725,Yahoo
2026-01-01,484790,8845,8955,8745,8765,Yahoo
2026-01-01,487750,14620,20215,14620,19575,Yahoo
2026-01-01,488290,30990,34815,30660,33580,Yahoo
2026-01-01,489250,10920,11740,10880,11495,Yahoo
2026-01-01,495330,17690,23285,17625,22960,Yahoo
2026-01-01,496080,17725,23390,17725,23015,Yahoo
2026-01-01,496130,16230,20185,16230,20065,Yahoo
2026-01-01,498860,15010,17895,14705,17635,Yahoo
2026-01-30,0000D0,9544,9952,9461,9501,Naver
2026-01-30,0000J0,24800,34050,24525,33045,Naver
2026-01-30,0000Y0,100065,100295,100065,100255,Naver
2026-01-30,0000Z0,15390,18100,13250,16550,Naver
2026-01-30,0001P0,12165,13985,11360,13610,Naver
2026-01-30,0002C0,10480,10735,9275,9480,Naver
2026-01-30,0004G0,8862,9457,8828,9006,Naver
2026-01-30,0005A0,9381,9748,9376,9439,Naver
2026-01-30,0005C0,10960,11415,10870,11160,Naver
2026-01-30,0005D0,12500,19085,12125,18285,Naver
2026-01-30,0005G0,20766,26425,20766,25620,Naver
2026-01-30,0007F0,10120,10130,10095,10110,Naver
2026-01-30,0007G0,14090,18675,13840,17945,Naver
2026-01-30,0007N0,61775,79565,61775,78265,Naver
2026-01-30,0008E0,11530,13625,11320,12570,Naver
2026-01-30,0008S0,8666,9312,8636,9122,Naver
2026-01-30,0008T0,12335,15160,12090,14815,Naver
2026-01-30,0013P0,12076,12763,11558,11883,Naver
2026-01-30,0013R0,9491,9685,9100,9183,Naver
2026-01-30,0015B0,14180,16390,13745,16185,Naver
2026-01-30,0015E0,10609,10663,9967,10489,Naver
2026-01-30,0015F0,10925,11055,10160,10323,Naver
2026-01-30,0015K0,8180,8695,7950,8050,Naver
2026-01-30,0016X0,50700,50825,50695,50770,Naver
2026-01-30,0017Y0,98100,98485,96955,96960,Naver
2026-01-30,0018C0,11258,12440,10882,12344,Naver
2026-01-30,0018Z0,15795,17615,15735,15970,Naver
2026-01-30,0019K0,11405,11940,11370,11815,Naver
2026-01-30,0020H0,18695,21860,18695,20230,Naver
2026-01-30,0021C0,12525,13155,12350,12920,Naver
2026-01-30,0021E0,11955,12800,11845,12250,Naver
2026-01-30,0022T0,13854,17427,13804,16225,Naver
2026-01-30,0023A0,25805,28700,25025,25275,Naver
2026-01-30,0025N0,11415,11785,11340,11445,Naver
2026-01-30,0026E0,10824,11196,10749,10814,Naver
2026-01-30,0026S0,11980,12489,11970,12070,Naver
2026-01-30,0028X0,12544,12908,11805,11925,Naver
2026-01-30,0035T0,17950,21675,17730,20680,Naver
2026-01-30,0036D0,10198,10733,10107,10446,Naver
2026-01-30,0036R0,15770,17365,15700,16870,Naver
2026-01-30,0036Z0,10670,11635,10325,11485,Naver
2026-01-30,0038A0,15710,16654,15675,15840,Naver
2026-01-30,0040S0,16105,18179,15821,17550,Naver
2026-01-30,0040X0,10640,10917,9506,9857,Naver
2026-01-30,0040Y0,9359,9373,8726,8746,Naver
2026-01-30,0041D0,15069,15594,13170,13230,Naver
2026-01-30,0041E0,13875,14528,13845,14235,Naver
2026-01-30,0043B0,101295,101550,101295,101550,Naver
2026-01-30,0043Y0,13920,16650,13920,15975,Naver
2026-01-30,0046A0,9889,10187,9771,9915,Naver
2026-01-30,0046Y0,11845,12442,11720,11980,Naver
2026-01-30,0047A0,12135,13065,11950,12000,Naver
2026-01-30,0047N0,11625,12400,11500,11860,Naver
2026-01-30,0047P0,14104,14558,13869,13889,Naver
2026-01-30,0047R0,14009,14493,13404,13449,Naver
2026-01-30,0048K0,11744,12879,11025,11370,Naver
2026-01-30,0049K0,10929,11167,10745,10920,Naver
2026-01-30,0049M0,11137,11604,11063,11230,Naver
2026-01-30,0050E0,9880,10265,8535,8645,Naver
2026-01-30,0051A0,16325,18500,16185,18275,Naver
2026-01-30,0051G0,15710,18745,15600,17690,Naver
2026-01-30,0052D0,13107,14895,12856,14682,Naver
2026-01-30,0052S0,11354,11743,11305,11390,Naver
2026-01-30,0052T0,50025,50145,50025,50115,Naver
2026-01-30,0053L0,13704,15023,13100,13350,Naver
2026-01-30,0053M0,10365,13250,10365,13165,Naver
2026-01-30,0057H0,11423,11792,11350,11444,Naver
2026-01-30,0060H0,11751,12373,11736,12060,Naver
2026-01-30,0061Z0,50065,50170,50060,50170,Naver
2026-01-30,0064K0,13165,16720,13120,15610,Naver
2026-01-30,0065G0,11035,11850,10960,11105,Naver
2026-01-30,0066W0,13360,16900,13285,15770,Naver
2026-01-30,0067V0,11080,12043,11080,11400,Naver
2026-01-30,0067Y0,12315,15765,12315,14300,Naver
2026-01-30,0068M0,11510,12160,11210,11490,Naver
2026-01-30,0069M0,12090,12624,12085,12239,Naver
2026-01-30,0072R0,13850,18095,13650,17000,Naver
2026-01-30,0073X0,10587,11474,10480,11097,Naver
2026-01-30,0074K0,12600,15880,12595,15565,Naver
2026-01-30,0078V0,12225,13295,12000,12020,Naver
2026-01-30,0079X0,12530,13950,11950,12425,Naver
2026-01-30,0080G0,9990,13585,9910,13155,Naver
2026-01-30,0080X0,10960,11437,10885,10945,Naver
2026-01-30,0080Y0,15610,23985,15245,20345,Naver
2026-01-30,0082F0,10491,12514,10426,11680,Naver
2026-01-30,0082V0,10955,11412,10866,10995,Naver
2026-01-30,0084D0,10677,10992,10569,10594,Naver
2026-01-30,0084E0,10023,10317,9810,9979,Naver
2026-01-30,0085N0,10038,10088,9984,10029,Naver
2026-01-30,0085P0,10490,10787,10331,10441,Naver
2026-01-30,0086B0,10206,10567,10197,10488,Naver
2026-01-30,0086C0,10125,10865,10081,10195,Naver
2026-01-30,0087F0,11150,12005,10610,11350,Naver
2026-01-30,0088N0,11055,12855,10950,12760,Naver
2026-01-30,0089B0,10749,11127,10724,10804,Naver
2026-01-30,0089C0,10844,11259,10761,10806,Naver
2026-01-30,0089D0,10574,11860,10372,11637,Naver
2026-01-30,0090B0,9555,11445,9420,11065,Naver
2026-01-30,0091C0,9923,9958,9825,9874,Naver
2026-01-30,0091M0,10020,10055,10020,10050,Naver
2026-01-30,0091P0,10545,15650,10390,14290,Naver
2026-01-30,0092C0,49700,49825,49700,49730,Naver
2026-01-30,0093A0,16775,25400,16600,24775,Naver
2026-01-30,0093D0,12535,14435,12300,13935,Naver
2026-01-30,0094K0,99475,99765,99260,99310,Naver
2026-01-30,0094L0,9813,10388,9604,9773,Naver
2026-01-30,0094X0,9540,10569,9540,9900,Naver
2026-01-30,0097L0,10839,12209,10671,12124,Naver
2026-01-30,0098F0,11000,15750,10790,14660,Naver
2026-01-30,0098N0,10700,11961,10054,11882,Naver
2026-01-30,0098Z0,52230,66695,52230,66695,Naver
2026-01-30,0099L0,99190,99425,99085,99165,Naver
2026-01-30,0100K0,8265,15180,8180,14005,Naver
2026-01-30,0101N0,12315,15165,12050,14915,Naver
2026-01-30,0102A0,10385,10775,8710,8745,Naver
2026-01-30,0102X0,9125,11525,9125,10840,Naver
2026-01-30,0103T0,9968,11255,9844,11025,Naver
2026-01-30,0104G0,8275,15380,8210,13905,Naver
2026-01-30,0104H0,10375,11990,10285,11035,Naver
2026-01-30,0104N0,12216,15605,12183,15325,Naver
2026-01-30,0104P0,9910,11076,9597,10964,Naver
2026-01-30,0105D0,10510,12175,10345,11905,Naver
2026-01-30,0107F0,10168,10723,10118,10366,Naver
2026-01-30,0111J0,9961,14615,9802,14261,Naver
2026-01-30,0111P0,10360,10719,10350,10400,Naver
2026-01-30,0112X0,22855,29335,22855,28890,Naver
2026-01-30,0113D0,9950,11400,9930,11290,Naver
2026-01-30,0113G0,10340,11000,10010,10275,Naver
2026-01-30,0113P0,100455,100685,100455,100685,Naver
2026-01-30,0114X0,9240,9465,8555,8610,Naver
2026-01-30,0115C0,10477,11052,10433,10819,Naver
2026-01-30,0115D0,8930,11010,8750,10235,Naver
2026-01-30,0115E0,10590,13050,10530,12875,Naver
2026-01-30,0117L0,9975,10000,9975,10000,Naver
2026-01-30,0117V0,12225,15520,11945,15200,Naver
2026-01-30,0118S0,8460,10685,8455,10350,Naver
2026-01-30,0118Z0,8255,9765,8190,9045,Naver
2026-01-30,0119H0,9940,9980,9905,9910,Naver
2026-01-30,0120J0,10440,11612,9745,11140,Naver
2026-01-30,0122W0,50070,50200,50055,50175,Naver
2026-01-30,0123G0,7240,8690,7180,8075,Naver
2026-01-30,0123S0,10050,10060,10020,10035,Naver
2026-01-30,0127P0,9990,11000,9545,9910,Naver
2026-01-30,0127R0,10230,12595,10095,11780,Naver
2026-01-30,0127T0,10055,10532,10015,10245,Naver
2026-01-30,0128D0,8884,10064,8797,9177,Naver
2026-01-30,0131A0,9195,10375,9195,9970,Naver
2026-01-30,0131V0,12635,15890,12485,13660,Naver
2026-01-30,0131W0,100310,100540,100310,100525,Naver
2026-01-30,0132D0,10250,10835,9870,10535,Naver
2026-01-30,0132H0,9810,13215,9695,12525,Naver
2026-01-30,0132K0,9166,9306,9044,9081,Naver
2026-01-30,0135Y0,100345,100520,100095,100100,Naver
2026-01-30,0137V0,9719,9989,9520,9660,Naver
2026-01-30,0137W0,9800,10229,9755,10015,Naver
2026-01-30,0138D0,10235,13630,10160,13360,Naver
2026-01-30,0138T0,9326,9892,9304,9404,Naver
2026-01-30,0138Y0,9990,11250,9965,10870,Naver
2026-01-30,0139F0,100250,100485,100250,100470,Naver
2026-01-30,0139P0,10918,13041,10725,12932,Naver
2026-01-30,0141S0,9840,11750,9385,10805,Naver
2026-01-30,0141T0,50200,50285,50050,50070,Naver
2026-01-30,0142D0,8425,11255,8400,10185,Naver
2026-01-30,0144L0,9672,9793,9379,9404,Naver
2026-01-30,0144M0,9530,12185,9485,9945,Naver
2026-01-30,0148J0,10150,15920,9520,15200,Naver
2026-01-30,0150K0,10410,13560,10250,12755,Naver
2026-01-30,0151P0,10720,12530,10400,12355,Naver
2026-01-30,0151S0,10165,10795,10070,10740,Naver
2026-01-30,0152E0,9934,11063,9875,10994,Naver
2026-01-30,0153K0,10231,10882,10181,10779,Naver
2026-01-30,0153X0,9983,9993,9800,9968,Naver
2026-01-30,0154H0,9885,9885,9350,9370,Naver
2026-01-30,069500,60851,78740,60851,77305,Naver
2026-01-30,069660,60800,78605,60755,77270,Naver
2026-01-30,091160,61355,90900,61355,88200,Naver
2026-01-30,091180,24808,35611,24639,31595,Naver
2026-01-30,091220,13111,14552,12882,14120,Naver
2026-01-30,091230,64159,95140,64159,92780,Naver
2026-01-30,100910,9534,12440,9534,12200,Naver
2026-01-30,101280,26925,29398,26676,28235,Naver
2026-01-30,102110,60874,78690,60830,77160,Naver
2026-01-30,102780,13985,17245,13895,16930,Naver
2026-01-30,102960,13340,16670,13140,16290,Naver
2026-01-30,102970,15290,22400,14990,21820,Naver
2026-01-30,104520,11774,14095,11759,13940,Naver
2026-01-30,105010,5658,6966,5658,6765,Naver
2026-01-30,105190,61186,80000,61186,77645,Naver
2026-01-30,108450,23115,28615,22890,28265,Naver
2026-01-30,108590,61003,78590,60913,77235,Naver
2026-01-30,114100,107535,108515,104192,107286,Naver
2026-01-30,114260,61780,61885,61485,61600,Naver
2026-01-30,114470,108854,108979,108341,108580,Naver
2026-01-30,114800,2430,2435,1876,1914,Naver
2026-01-30,114820,105070,105275,104605,104815,Naver
2026-01-30,117460,12655,15100,12370,14680,Naver
2026-01-30,117680,12636,16235,12027,15680,Naver
2026-01-30,117690,21960,23980,21830,23135,Naver
2026-01-30,117700,4130,5450,4060,5200,Naver
2026-01-30,122090,43671,65740,43671,56205,Naver
2026-01-30,122630,48000,79365,47920,76385,Naver
2026-01-30,123310,2725,2725,2095,2135,Naver
2026-01-30,123320,47330,78615,47330,75625,Naver
2026-01-30,130680,3805,4345,3695,4250,Naver
2026-01-30,130730,101300,101515,101280,101490,Naver
2026-01-30,131890,27575,31410,27200,31090,Naver
2026-01-30,132030,25130,32125,25085,29680,Naver
2026-01-30,133690,162802,168724,161509,163585,Naver
2026-01-30,137610,5055,5100,4920,5055,Naver
2026-01-30,138230,16535,17040,16335,16555,Naver
2026-01-30,138520,18785,23575,18660,23175,Naver
2026-01-30,138530,8645,9400,8350,9015,Naver
2026-01-30,138540,42650,64920,41950,56530,Naver
2026-01-30,138920,10855,11165,10720,11070,Naver
2026-01-30,139230,13330,16305,13175,15590,Naver
2026-01-30,139240,12350,15550,12020,15000,Naver
2026-01-30,139250,13470,16130,13260,15760,Naver
2026-01-30,139260,56633,76265,56443,75370,Naver
2026-01-30,139270,12759,14590,12570,14285,Naver
2026-01-30,139290,21370,29615,21165,26820,Naver
2026-01-30,139660,8095,8195,7875,8100,Naver
2026-01-30,140570,18085,21675,17835,21355,Naver
2026-01-30,140580,17990,22295,17980,22165,Naver
2026-01-30,140700,12855,13910,12125,13740,Naver
2026-01-30,140710,5885,6990,5770,6595,Naver
2026-01-30,140950,46995,61060,46985,60015,Naver
2026-01-30,143850,70760,72110,69915,71125,Naver
2026-01-30,143860,48375,55250,46060,52635,Naver
2026-01-30,144600,12265,20355,12145,18500,Naver
2026-01-30,145670,3095,3095,2335,2395,Naver
2026-01-30,145850,66231,82815,66231,81820,Naver
2026-01-30,148020,61305,79340,61305,77830,Naver
2026-01-30,148070,109125,109695,107030,107535,Naver
2026-01-30,150460,7365,8190,7170,8115,Naver
2026-01-30,152100,61900,80005,61875,78500,Naver
2026-01-30,152380,67695,68065,66350,66735,Naver
2026-01-30,152500,19350,32150,19350,30910,Naver
2026-01-30,152870,61780,79545,61780,78575,Naver
2026-01-30,153130,112616,112755,112566,112750,Naver
2026-01-30,156080,28500,37000,28480,36370,Naver
2026-01-30,157450,110790,110990,110790,110990,Naver
2026-01-30,157490,9380,10665,9325,10430,Naver
2026-01-30,157500,10435,15385,10225,14905,Naver
2026-01-30,159800,48185,61455,48185,60830,Naver
2026-01-30,160580,15695,17400,15400,16055,Naver
2026-01-30,161510,21066,24343,20794,24149,Naver
2026-01-30,166400,17162,19399,17162,18462,Naver
2026-01-30,167860,102060,103090,97930,99015,Naver
2026-01-30,168580,34765,36985,33285,35405,Naver
2026-01-30,169950,26140,27385,25050,25650,Naver
2026-01-30,174350,17915,19525,17420,19390,Naver
2026-01-30,176950,56405,57740,56225,57510,Naver
2026-01-30,181480,79415,82219,78454,79923,Naver
2026-01-30,182490,13740,13875,13735,13785,Naver
2026-01-30,183700,74370,84140,74370,82325,Naver
2026-01-30,183710,59940,71965,59940,71280,Naver
2026-01-30,185680,37970,41555,37405,38595,Naver
2026-01-30,189400,23425,24170,22685,23720,Naver
2026-01-30,190620,100390,103550,100385,100560,Naver
2026-01-30,192090,12540,13425,12035,12725,Naver
2026-01-30,192720,47480,55180,46540,53545,Naver
2026-01-30,195930,20935,22220,20870,21470,Naver
2026-01-30,195970,14945,15870,14655,15510,Naver
2026-01-30,195980,12365,13880,12340,13600,Naver
2026-01-30,196230,115190,115370,115190,115370,Naver
2026-01-30,200030,38690,42385,38645,40705,Naver
2026-01-30,200250,25870,26350,24245,24515,Naver
2026-01-30,203780,30155,32070,29640,30525,Naver
2026-01-30,204450,2800,3165,2750,3000,Naver
2026-01-30,204480,26825,30550,26710,27615,Naver
2026-01-30,205720,1836,1836,1650,1751,Naver
2026-01-30,210780,20604,23485,20264,23290,Naver
2026-01-30,211560,27390,33000,26955,32760,Naver
2026-01-30,211900,21875,26360,21495,26180,Naver
2026-01-30,213610,13190,15957,13130,15630,Naver
2026-01-30,213630,18970,19710,18350,19335,Naver
2026-01-30,214980,113897,114111,113892,114071,Naver
2026-01-30,215620,16450,17295,15965,17295,Naver
2026-01-30,217780,5620,5640,5270,5450,Naver
2026-01-30,218420,14980,17100,14970,16915,Naver
2026-01-30,219390,5650,6225,5530,6110,Naver
2026-01-30,219900,4550,5140,4485,4690,Naver
2026-01-30,220130,6160,7220,6145,6910,Naver
2026-01-30,223190,18050,22380,18000,22050,Naver
2026-01-30,225030,2490,2520,2445,2485,Naver
2026-01-30,225040,56965,58410,55035,56965,Naver
2026-01-30,225050,13940,16130,13865,14650,Naver
2026-01-30,225060,11670,14680,10910,13905,Naver
2026-01-30,225130,54410,88995,53700,76135,Naver
2026-01-30,225800,16110,17080,15690,16140,Naver
2026-01-30,226380,6565,7190,6345,7080,Naver
2026-01-30,226490,43370,54685,43340,53830,Naver
2026-01-30,226980,20085,23000,19800,22830,Naver
2026-01-30,227540,22915,24350,22365,23270,Naver
2026-01-30,227550,10305,13075,10160,12645,Naver
2026-01-30,227560,11990,13680,11860,13350,Naver
2026-01-30,227570,16350,18110,15765,17975,Naver
2026-01-30,227830,43936,54825,43547,54455,Naver
2026-01-30,228790,3305,3910,3245,3810,Naver
2026-01-30,228800,3435,3510,3250,3465,Naver
2026-01-30,228810,6215,6370,5555,6055,Naver
2026-01-30,228820,11565,14565,11565,14310,Naver
2026-01-30,229200,15475,21390,15185,20500,Naver
2026-01-30,229720,23215,30182,23095,28500,Naver
2026-01-30,230480,4380,4485,4135,4390,Naver
2026-01-30,232080,15830,21830,15480,20900,Naver
2026-01-30,233160,12855,24000,12295,21925,Naver
2026-01-30,233740,11550,21620,11042,19720,Naver
2026-01-30,234310,20640,25130,20640,24820,Naver
2026-01-30,236350,42200,43815,36570,37500,Naver
2026-01-30,237350,47845,62390,47845,61215,Naver
2026-01-30,237370,14502,15342,14449,15302,Naver
2026-01-30,237440,10115,10470,10110,10470,Naver
2026-01-30,238670,12215,12820,12215,12730,Naver
2026-01-30,238720,36095,39070,35720,38300,Naver
2026-01-30,239660,120260,120430,120230,120370,Naver
2026-01-30,241180,28060,30810,27945,30140,Naver
2026-01-30,241390,13810,15280,13805,15150,Naver
2026-01-30,243880,94625,170485,94625,166070,Naver
2026-01-30,243890,6300,9000,6080,8555,Naver
2026-01-30,244580,12515,13855,11390,13435,Naver
2026-01-30,244620,15006,19145,14871,18960,Naver
2026-01-30,244660,9235,9780,8930,9780,Naver
2026-01-30,244670,10374,11500,10012,11470,Naver
2026-01-30,245350,18381,19253,18201,18645,Naver
2026-01-30,245360,13667,14797,13478,14165,Naver
2026-01-30,245710,30775,33165,30315,31580,Naver
2026-01-30,248270,26075,27785,25500,25685,Naver
2026-01-30,250730,10565,11255,10315,10890,Naver
2026-01-30,250780,2960,3005,2075,2170,Naver
2026-01-30,251340,2930,2975,2060,2160,Naver
2026-01-30,251350,36666,38431,36461,37045,Naver
2026-01-30,251590,16122,16915,15450,16760,Naver
2026-01-30,252400,43790,72500,43740,69860,Naver
2026-01-30,252410,3110,3115,2405,2450,Naver
2026-01-30,252420,619,619,365,379,Naver
2026-01-30,252650,15500,17825,15340,17655,Naver
2026-01-30,252670,614,614,362,377,Naver
2026-01-30,252710,651,652,385,399,Naver
2026-01-30,253150,87805,145695,87805,140470,Naver
2026-01-30,253160,1248,1399,737,772,Naver
2026-01-30,253230,625,626,373,388,Naver
2026-01-30,253240,3145,3145,2425,2475,Naver
2026-01-30,253250,43125,71630,43125,68840,Naver
2026-01-30,253280,17045,19740,16220,18670,Naver
2026-01-30,253290,12780,13620,12580,13250,Naver
2026-01-30,256440,8680,9130,7205,8125,Naver
2026-01-30,256450,14145,15510,14060,14940,Naver
2026-01-30,256750,14665,15995,14565,15400,Naver
2026-01-30,261060,16555,25225,16555,23950,Naver
2026-01-30,261070,18055,22600,16275,21050,Naver
2026-01-30,261110,17060,18065,16600,17080,Naver
2026-01-30,261120,4985,5115,4725,4995,Naver
2026-01-30,261220,13335,15285,12950,14965,Naver
2026-01-30,261240,14585,15025,14415,14610,Naver
2026-01-30,261250,17040,18080,16590,17080,Naver
2026-01-30,261260,5040,5170,4760,5040,Naver
2026-01-30,261270,7780,7900,7565,7790,Naver
2026-01-30,261920,13680,14310,13415,13715,Naver
2026-01-30,266160,20947,26470,20877,26080,Naver
2026-01-30,266360,13270,14645,12840,14265,Naver
2026-01-30,266370,30355,41200,30205,40255,Naver
2026-01-30,266390,10320,10975,9865,10810,Naver
2026-01-30,266410,8070,8885,7800,8815,Naver
2026-01-30,266420,21905,25085,20875,23960,Naver
2026-01-30,266550,15440,16460,14900,16420,Naver
2026-01-30,267440,8415,8500,8335,8335,Naver
2026-01-30,267450,10720,10830,10600,10805,Naver
2026-01-30,267490,5600,5715,5485,5535,Naver
2026-01-30,267770,36535,60315,36425,58180,Naver
2026-01-30,269370,17038,17663,16928,17550,Naver
2026-01-30,269420,21620,22800,21500,22455,Naver
2026-01-30,269530,19832,20780,19688,20680,Naver
2026-01-30,269540,27395,27810,27080,27395,Naver
2026-01-30,270800,13583,16035,13458,15955,Naver
2026-01-30,270810,15360,21245,15065,20325,Naver
2026-01-30,271050,4340,4460,3762,3845,Naver
2026-01-30,271060,7810,7910,7530,7820,Naver
2026-01-30,272560,113125,113325,113110,113290,Naver
2026-01-30,272570,109190,109440,108290,108555,Naver
2026-01-30,272580,56080,56215,56080,56215,Naver
2026-01-30,272910,106925,107125,106205,106340,Naver
2026-01-30,273130,114530,115045,113330,113390,Naver
2026-01-30,273140,113852,114056,113852,114036,Naver
2026-01-30,275280,24155,31315,24155,30825,Naver
2026-01-30,275290,18265,23090,18175,22830,Naver
2026-01-30,275300,16140,21070,16140,20735,Naver
2026-01-30,275750,2905,2980,2065,2155,Naver
2026-01-30,275980,20610,22200,20330,21730,Naver
2026-01-30,276000,17420,20070,17005,19965,Naver
2026-01-30,276650,38670,40220,37955,39250,Naver
2026-01-30,276970,7550,7870,7496,7742,Naver
2026-01-30,276990,23160,27190,23000,24195,Naver
2026-01-30,277540,23500,27950,23450,26820,Naver
2026-01-30,277630,43859,55320,43809,54435,Naver
2026-01-30,277640,22105,28250,21955,27790,Naver
2026-01-30,277650,19245,21455,18950,21230,Naver
2026-01-30,278240,13015,24325,12385,22325,Naver
2026-01-30,278530,21890,28325,21885,27795,Naver
2026-01-30,278540,21015,27395,21015,26915,Naver
2026-01-30,278620,117335,117570,117315,117525,Naver
2026-01-30,279530,13923,15899,13641,15744,Naver
2026-01-30,279540,15180,18365,15170,18305,Naver
2026-01-30,280320,20590,20755,19515,19960,Naver
2026-01-30,280930,14390,15735,14365,15130,Naver
2026-01-30,280940,3470,3495,2705,2945,Naver
2026-01-30,281990,15701,17630,15288,17535,Naver
2026-01-30,282000,111895,112885,111895,112720,Naver
2026-01-30,283580,15341,16422,15301,15695,Naver
2026-01-30,284430,16983,18636,16878,18537,Naver
2026-01-30,284980,17007,19415,16734,19120,Naver
2026-01-30,285690,15695,18290,15695,18155,Naver
2026-01-30,289040,18030,23360,18030,23125,Naver
2026-01-30,289250,18150,23500,18100,23260,Naver
2026-01-30,289260,16145,19985,16110,19705,Naver
2026-01-30,289480,9450,9848,8883,9760,Naver
2026-01-30,289670,54315,54635,53285,53565,Naver
2026-01-30,290080,8594,8614,7324,8073,Naver
2026-01-30,290130,24195,31595,24145,31020,Naver
2026-01-30,291130,18260,19800,17380,19680,Naver
2026-01-30,291620,5200,5285,3665,3855,Naver
2026-01-30,291630,5750,12800,5490,9960,Naver
2026-01-30,291680,7595,7595,7085,7255,Naver
2026-01-30,291890,10400,11500,10325,11270,Naver
2026-01-30,292050,28960,37260,28795,36595,Naver
2026-01-30,292150,21176,28795,21176,28225,Naver
2026-01-30,292160,28338,36415,28223,35755,Naver
2026-01-30,292190,28145,36370,28145,35690,Naver
2026-01-30,292500,28644,36915,28644,36230,Naver
2026-01-30,292560,8550,8720,8515,8660,Naver
2026-01-30,294400,79485,102695,79400,100930,Naver
2026-01-30,295000,53630,53875,52510,52810,Naver
2026-01-30,295020,56650,58000,56450,57720,Naver
2026-01-30,295040,22665,29360,22665,28825,Naver
2026-01-30,298340,56325,56825,55970,56085,Naver
2026-01-30,298770,41925,51395,41526,50360,Naver
2026-01-30,300610,6300,7620,6185,7435,Naver
2026-01-30,300640,7440,8945,7290,8705,Naver
2026-01-30,300950,6080,7115,5925,6885,Naver
2026-01-30,301400,15770,22000,15320,20685,Naver
2026-01-30,301410,4370,4670,3115,3225,Naver
2026-01-30,302190,51190,51350,50580,50730,Naver
2026-01-30,302450,43768,55210,43713,54305,Naver
2026-01-30,304660,7600,7695,7525,7545,Naver
2026-01-30,304670,11675,11805,11595,11775,Naver
2026-01-30,304760,27636,35650,27541,35015,Naver
2026-01-30,304770,15475,21375,15160,20430,Naver
2026-01-30,304780,53590,88395,53585,85185,Naver
2026-01-30,304940,28350,29260,27940,28675,Naver
2026-01-30,305050,44260,55535,43900,54670,Naver
2026-01-30,305080,13125,13460,12865,13010,Naver
2026-01-30,305540,16940,22660,16500,21180,Naver
2026-01-30,305720,13770,18710,13355,17370,Naver
2026-01-30,306520,5565,5565,4380,4430,Naver
2026-01-30,306530,11790,22000,11030,19900,Naver
2026-01-30,306950,35885,60500,35885,58915,Naver
2026-01-30,307510,18960,22210,18225,21495,Naver
2026-01-30,307520,15960,19030,15695,18660,Naver
2026-01-30,308620,12265,12585,12030,12170,Naver
2026-01-30,309230,30571,32440,30342,30465,Naver
2026-01-30,310080,10580,11310,10485,10965,Naver
2026-01-30,310960,35430,45865,35430,45040,Naver
2026-01-30,310970,26420,34500,26420,33780,Naver
2026-01-30,314250,54374,54633,51510,52310,Naver
2026-01-30,314700,10810,11320,10490,11150,Naver
2026-01-30,315270,21830,24385,21240,23950,Naver
2026-01-30,315930,43255,57455,43205,56245,Naver
2026-01-30,315960,39750,53695,39650,52580,Naver
2026-01-30,316300,14282,15029,14282,14688,Naver
2026-01-30,319640,26510,33930,26415,31280,Naver
2026-01-30,321410,10409,10725,10316,10625,Naver
2026-01-30,322400,12075,13740,11890,13460,Naver
2026-01-30,322410,18590,21250,18177,21020,Naver
2026-01-30,325010,24715,32200,24620,31575,Naver
2026-01-30,326230,10560,12130,10450,12055,Naver
2026-01-30,326240,24590,32660,24515,31865,Naver
2026-01-30,329200,4362,4489,4362,4451,Naver
2026-01-30,329650,14245,14447,14165,14170,Naver
2026-01-30,329660,17395,17882,17395,17500,Naver
2026-01-30,329670,21125,21807,20953,21290,Naver
2026-01-30,332500,40820,52685,40790,51770,Naver
2026-01-30,332610,134392,134392,129135,130735,Naver
2026-01-30,332620,96363,101179,95457,96251,Naver
2026-01-30,332930,79540,102535,79540,100975,Naver
2026-01-30,332940,26405,34275,26325,33700,Naver
2026-01-30,334690,8050,10390,7930,9140,Naver
2026-01-30,334700,2960,2985,2245,2630,Naver
2026-01-30,336160,101505,101695,101303,101308,Naver
2026-01-30,337120,20845,26025,20845,25890,Naver
2026-01-30,337140,21265,27350,21265,26900,Naver
2026-01-30,337150,19775,23920,19760,23640,Naver
2026-01-30,337160,24769,32130,24769,31550,Naver
2026-01-30,341850,4795,4905,4795,4880,Naver
2026-01-30,352540,12572,12991,12281,12444,Naver
2026-01-30,352560,11450,11917,11352,11640,Naver
2026-01-30,354240,11280,11915,11280,11420,Naver
2026-01-30,354350,22305,23290,20870,21320,Naver
2026-01-30,354500,15670,22000,15305,20625,Naver
2026-01-30,356540,105175,105655,104065,104130,Naver
2026-01-30,357870,56915,57040,56915,57040,Naver
2026-01-30,359210,21770,27390,21685,26925,Naver
2026-01-30,360140,12670,15225,11365,11795,Naver
2026-01-30,360200,24850,25807,24750,24955,Naver
2026-01-30,360750,24535,25522,24480,24675,Naver
2026-01-30,361580,34400,44500,34400,43735,Naver
2026-01-30,363510,110445,110610,110440,110610,Naver
2026-01-30,363570,95995,96675,93585,93585,Naver
2026-01-30,363580,22380,30270,22380,29835,Naver
2026-01-30,364690,22775,28960,22775,28525,Naver
2026-01-30,364960,6970,7605,6970,7450,Naver
2026-01-30,364970,9115,9765,8535,9135,Naver
2026-01-30,364980,8755,11000,8525,10360,Naver
2026-01-30,364990,5055,5860,4975,5695,Naver
2026-01-30,365000,4610,5270,4570,5180,Naver
2026-01-30,365040,21275,26810,21270,26430,Naver
2026-01-30,367380,27985,29004,27760,28130,Naver
2026-01-30,367740,20895,26785,20895,26270,Naver
2026-01-30,367760,22615,29065,22615,28275,Naver
2026-01-30,368190,8300,9500,8300,9070,Naver
2026-01-30,368590,26879,28052,26869,27213,Naver
2026-01-30,368680,8415,9630,8400,9165,Naver
2026-01-30,371160,8805,9734,8790,9035,Naver
2026-01-30,371450,11745,12000,10642,10675,Naver
2026-01-30,371460,12600,13355,11840,12095,Naver
2026-01-30,371470,8305,9680,8100,8670,Naver
2026-01-30,371870,8720,9430,8560,8765,Naver
2026-01-30,373490,18155,23155,18130,22850,Naver
2026-01-30,373790,15712,16438,15462,15742,Naver
2026-01-30,375270,12775,14115,12650,13865,Naver
2026-01-30,375760,14326,18515,14326,18170,Naver
2026-01-30,375770,14630,18855,14580,18520,Naver
2026-01-30,376410,14384,18655,14384,18290,Naver
2026-01-30,377990,17450,20770,17225,20455,Naver
2026-01-30,379780,21329,22212,21309,21489,Naver
2026-01-30,379790,15725,16445,15570,16135,Naver
2026-01-30,379800,22400,23326,22361,22550,Naver
2026-01-30,379810,24241,25283,24191,24495,Naver
2026-01-30,380340,15765,18105,15600,17790,Naver
2026-01-30,381170,30605,31345,29735,29975,Naver
2026-01-30,381180,26779,31369,26739,30810,Naver
2026-01-30,381560,9965,12650,9850,12325,Naver
2026-01-30,381570,7930,9990,7775,9845,Naver
2026-01-30,385510,28600,35350,28300,34375,Naver
2026-01-30,385520,11430,15180,11325,14755,Naver
2026-01-30,385540,106935,108000,105780,105860,Naver
2026-01-30,385550,112105,112380,112105,112360,Naver
2026-01-30,385560,69308,70303,65237,65237,Naver
2026-01-30,385590,13420,17010,13420,16365,Naver
2026-01-30,385600,8050,10200,7905,9870,Naver
2026-01-30,385720,15130,20115,15130,19750,Naver
2026-01-30,387270,20350,22305,20090,21505,Naver
2026-01-30,387280,9310,12400,9310,12215,Naver
2026-01-30,388280,7880,8380,7475,8300,Naver
2026-01-30,388420,16375,20640,16225,20000,Naver
2026-01-30,390390,35637,40930,35497,40370,Naver
2026-01-30,390400,6871,7968,6871,7285,Naver
2026-01-30,391600,11035,12400,11030,11455,Naver
2026-01-30,391670,16225,20635,16145,20280,Naver
2026-01-30,394670,10205,11905,10170,11450,Naver
2026-01-30,395150,3050,3205,2870,3160,Naver
2026-01-30,395160,17925,25890,17885,25105,Naver
2026-01-30,395170,11063,14459,11048,14045,Naver
2026-01-30,395270,20990,29980,20990,29190,Naver
2026-01-30,395280,3835,4375,3675,4260,Naver
2026-01-30,395290,9300,9580,8337,9345,Naver
2026-01-30,395750,12730,15845,12730,15585,Naver
2026-01-30,396500,20140,30570,20140,29760,Naver
2026-01-30,396510,7715,9015,7600,8380,Naver
2026-01-30,396520,9825,12160,9750,11465,Naver
2026-01-30,397420,51205,51235,50625,50810,Naver
2026-01-30,399110,19405,20198,19365,19630,Naver
2026-01-30,399580,8870,10345,8525,9855,Naver
2026-01-30,400580,12350,13000,11790,11790,Naver
2026-01-30,400590,15325,16295,14585,14590,Naver
2026-01-30,400970,7900,8560,7650,8390,Naver
2026-01-30,401170,7665,8205,7435,8065,Naver
2026-01-30,401470,8205,9295,8020,9105,Naver
2026-01-30,401590,12355,13105,11750,11785,Naver
2026-01-30,402460,8545,9640,8400,9500,Naver
2026-01-30,402970,12773,13755,12718,13432,Naver
2026-01-30,403790,35230,44190,35230,43485,Naver
2026-01-30,404120,17195,23200,17155,22630,Naver
2026-01-30,404260,15960,20440,15765,20195,Naver
2026-01-30,404540,15979,20615,15949,20350,Naver
2026-01-30,404650,15777,20345,15732,20195,Naver
2026-01-30,407300,9320,11320,9315,11240,Naver
2026-01-30,407310,11957,15444,11852,15070,Naver
2026-01-30,407820,8005,8890,7855,8750,Naver
2026-01-30,407830,16455,18075,15805,15835,Naver
2026-01-30,409810,6395,6510,6200,6360,Naver
2026-01-30,409820,15765,16680,15200,16085,Naver
2026-01-30,410870,11695,13240,11035,12970,Naver
2026-01-30,411060,29010,37890,28575,35440,Naver
2026-01-30,411540,12087,15704,12037,15305,Naver
2026-01-30,411860,17640,18674,17590,17855,Naver
2026-01-30,412560,2275,2730,2275,2600,Naver
2026-01-30,412570,1206,1880,1153,1659,Naver
2026-01-30,412770,13295,13825,12650,12795,Naver
2026-01-30,413220,5360,6575,5360,6045,Naver
2026-01-30,413930,16360,20810,16350,20515,Naver
2026-01-30,414270,13225,14000,12700,13150,Naver
2026-01-30,414780,11540,13615,11300,12850,Naver
2026-01-30,415340,11590,13890,11550,13065,Naver
2026-01-30,415760,10890,12915,10730,12130,Naver
2026-01-30,415920,7355,10200,7320,8940,Naver
2026-01-30,416090,10670,12700,10540,11860,Naver
2026-01-30,417450,11400,13715,11090,13145,Naver
2026-01-30,417630,14175,16950,14175,16690,Naver
2026-01-30,418660,33995,36900,33960,34755,Naver
2026-01-30,419420,8575,9899,8466,9445,Naver
2026-01-30,419430,10755,11890,10620,11245,Naver
2026-01-30,419650,4350,5065,4255,4765,Naver
2026-01-30,419890,106330,109670,106260,106420,Naver
2026-01-30,421320,26600,43500,26600,42900,Naver
2026-01-30,422260,9725,11030,9425,10885,Naver
2026-01-30,422420,6615,9360,6480,8910,Naver
2026-01-30,423160,109966,110190,109966,110190,Naver
2026-01-30,423170,31365,39265,31365,38850,Naver
2026-01-30,423920,39843,53950,39468,51845,Naver
2026-01-30,424460,15155,16935,15090,16030,Naver
2026-01-30,426020,27225,28895,27065,28520,Naver
2026-01-30,426030,34130,38275,33890,37920,Naver
2026-01-30,426150,55515,55795,54375,54375,Naver
2026-01-30,427120,7270,8170,6910,7990,Naver
2026-01-30,428510,16580,19260,16375,18980,Naver
2026-01-30,428560,17214,18178,16760,17195,Naver
2026-01-30,429000,12722,13887,12667,13200,Naver
2026-01-30,429010,16955,18290,16690,17455,Naver
2026-01-30,429740,6950,7128,6950,7040,Naver
2026-01-30,429980,14785,16320,14690,15795,Naver
2026-01-30,430500,113530,114150,112195,112480,Naver
2026-01-30,432600,55120,55180,54825,54970,Naver
2026-01-30,432840,18403,19187,18339,18568,Naver
2026-01-30,433220,25315,27970,25270,27515,Naver
2026-01-30,433250,17630,21220,17630,21080,Naver
2026-01-30,433330,20807,21317,20443,20613,Naver
2026-01-30,433500,40905,55885,40050,52515,Naver
2026-01-30,433880,17545,18658,16971,17750,Naver
2026-01-30,433970,13655,13893,13525,13605,Naver
2026-01-30,433980,15061,15597,15011,15225,Naver
2026-01-30,434730,47510,61900,46805,59690,Naver
2026-01-30,434960,61802,79305,61637,78020,Naver
2026-01-30,435040,20427,20427,18970,19015,Naver
2026-01-30,435420,13550,13893,13340,13580,Naver
2026-01-30,435530,14665,15260,14585,14860,Naver
2026-01-30,435540,16125,16815,16055,16500,Naver
2026-01-30,435550,16525,17270,16445,16905,Naver
2026-01-30,436140,110435,110890,109220,109265,Naver
2026-01-30,437080,100118,100513,99667,99880,Naver
2026-01-30,437350,12605,12965,12450,12615,Naver
2026-01-30,437370,9640,10795,9635,10550,Naver
2026-01-30,438080,13795,14280,13605,13755,Naver
2026-01-30,438100,14950,15050,14480,14625,Naver
2026-01-30,438320,8545,9825,8320,8910,Naver
2026-01-30,438560,101435,101435,99900,100110,Naver
2026-01-30,438570,102640,103205,100710,101160,Naver
2026-01-30,438740,30920,36235,30850,35930,Naver
2026-01-30,438900,11685,11885,11105,11795,Naver
2026-01-30,439860,114095,114325,113640,113700,Naver
2026-01-30,439870,108950,110175,104125,104125,Naver
2026-01-30,440340,11906,12655,11684,11862,Naver
2026-01-30,440640,110395,110680,110395,110680,Naver
2026-01-30,440910,23960,29525,23835,27020,Naver
2026-01-30,441540,29380,34220,28615,32190,Naver
2026-01-30,441640,12288,12697,12162,12383,Naver
2026-01-30,441680,10615,11018,10615,10722,Naver
2026-01-30,441800,19391,24840,19248,24574,Naver
2026-01-30,442320,36650,44615,36190,43315,Naver
2026-01-30,442550,13925,14290,13880,14135,Naver
2026-01-30,442570,15580,16877,15530,16100,Naver
2026-01-30,442580,43500,60400,42500,59440,Naver
2026-01-30,444490,18715,19510,18705,18875,Naver
2026-01-30,445150,29780,35400,28835,33760,Naver
2026-01-30,445290,26290,37260,26110,36300,Naver
2026-01-30,445690,22725,27035,22580,26770,Naver
2026-01-30,445910,17006,20295,16802,20080,Naver
2026-01-30,446690,29395,38775,29376,38370,Naver
2026-01-30,446700,10620,14185,10365,13640,Naver
2026-01-30,446720,11544,12452,11494,12170,Naver
2026-01-30,446770,46748,57515,46643,57200,Naver
2026-01-30,447430,15226,15800,14626,15695,Naver
2026-01-30,447620,15040,15345,14900,14965,Naver
2026-01-30,447660,13234,13648,12705,12960,Naver
2026-01-30,447770,15138,15467,14620,14710,Naver
2026-01-30,448100,62600,80864,62600,79401,Naver
2026-01-30,448290,16100,16420,15931,16200,Naver
2026-01-30,448300,19985,20631,19706,20200,Naver
2026-01-30,448330,13319,14657,13285,14518,Naver
2026-01-30,448490,55580,55805,54435,54640,Naver
2026-01-30,448540,25130,25340,24470,25200,Naver
2026-01-30,448570,19905,24985,19905,24705,Naver
2026-01-30,448630,11840,13305,11840,13190,Naver
2026-01-30,449170,109875,110090,109875,110090,Naver
2026-01-30,449180,15525,15834,15366,15625,Naver
2026-01-30,449450,52115,71035,51980,68505,Naver
2026-01-30,449580,16395,16720,14905,16330,Naver
2026-01-30,449680,11085,13175,10880,12720,Naver
2026-01-30,449770,19939,20478,19640,19805,Naver
2026-01-30,449780,17145,17264,16751,17035,Naver
2026-01-30,450180,11255,13465,11255,12995,Naver
2026-01-30,450190,27995,36255,27995,36025,Naver
2026-01-30,451000,111930,112455,110570,110570,Naver
2026-01-30,451060,19706,25455,19627,25000,Naver
2026-01-30,451150,19420,20980,18930,19095,Naver
2026-01-30,451540,55055,55295,54375,54460,Naver
2026-01-30,451600,104695,105580,99935,100070,Naver
2026-01-30,451670,20185,20410,18155,18185,Naver
2026-01-30,452250,5345,5450,5220,5235,Naver
2026-01-30,452360,10922,11602,10867,11493,Naver
2026-01-30,453060,109510,109735,109510,109735,Naver
2026-01-30,453080,19980,20664,19696,20250,Naver
2026-01-30,453330,16334,16642,16144,16433,Naver
2026-01-30,453630,11938,12952,11725,12390,Naver
2026-01-30,453640,13609,14142,13240,13275,Naver
2026-01-30,453660,18570,19808,18385,18600,Naver
2026-01-30,453810,14153,14393,13255,13450,Naver
2026-01-30,453820,16995,17770,14950,15395,Naver
2026-01-30,453850,7564,7658,7494,7519,Naver
2026-01-30,453870,13857,14126,12965,13155,Naver
2026-01-30,453950,22465,27920,22150,26740,Naver
2026-01-30,454180,9129,9518,8855,9080,Naver
2026-01-30,454320,32170,39295,31600,38450,Naver
2026-01-30,454780,104030,104465,102890,102890,Naver
2026-01-30,455030,12259,12641,12126,12285,Naver
2026-01-30,455660,9639,9697,9629,9668,Naver
2026-01-30,455850,16820,24550,16745,23695,Naver
2026-01-30,455860,4865,6970,4710,6350,Naver
2026-01-30,455890,54315,54470,54315,54470,Naver
2026-01-30,455960,12315,12665,12170,12320,Naver
2026-01-30,456200,61090,62840,60445,60985,Naver
2026-01-30,456250,11263,11648,10070,10145,Naver
2026-01-30,456600,34440,42500,34175,42040,Naver
2026-01-30,456610,60920,62835,60320,61125,Naver
2026-01-30,456680,9965,10930,8860,9200,Naver
2026-01-30,456880,12345,12735,12215,12370,Naver
2026-01-30,457480,22095,22700,21070,21240,Naver
2026-01-30,457690,10770,10835,10630,10660,Naver
2026-01-30,457700,11080,11185,10640,10645,Naver
2026-01-30,457930,20070,26595,19930,26175,Naver
2026-01-30,458030,54040,54160,54030,54150,Naver
2026-01-30,458210,108570,108820,108570,108805,Naver
2026-01-30,458250,37815,38430,37130,37345,Naver
2026-01-30,458260,48083,48433,47880,48038,Naver
2026-01-30,458730,12625,13582,12555,13295,Naver
2026-01-30,458750,11060,11974,11032,11635,Naver
2026-01-30,458760,9534,10300,9534,10037,Naver
2026-01-30,459580,1066408,1068658,1066408,1068658,Naver
2026-01-30,459750,16565,17410,16440,17155,Naver
2026-01-30,459790,18900,20610,18170,19315,Naver
2026-01-30,460270,12775,13155,12645,12775,Naver
2026-01-30,460660,11023,11942,10925,11386,Naver
2026-01-30,460960,11401,11874,11318,11564,Naver
2026-01-30,461270,11065,11095,11050,11080,Naver
2026-01-30,461340,27935,30935,26541,30260,Naver
2026-01-30,461450,14815,20420,14270,19560,Naver
2026-01-30,461460,53920,54075,52790,52965,Naver
2026-01-30,461490,14655,15330,14610,15160,Naver
2026-01-30,461500,109160,109630,107900,107900,Naver
2026-01-30,461580,15090,20685,14480,19800,Naver
2026-01-30,461600,8715,8835,8640,8670,Naver
2026-01-30,461900,22500,24200,21000,21625,Naver
2026-01-30,461910,39025,40040,35490,36115,Naver
2026-01-30,461950,5110,7610,4910,6800,Naver
2026-01-30,462010,5225,7870,5010,7100,Naver
2026-01-30,462330,1290,2260,1212,1985,Naver
2026-01-30,462340,16890,17650,16825,16855,Naver
2026-01-30,462900,23195,25685,20150,24015,Naver
2026-01-30,463050,19570,20780,16965,19550,Naver
2026-01-30,463250,29850,43500,29835,41950,Naver
2026-01-30,463290,107225,107480,107225,107475,Naver
2026-01-30,463300,13385,14280,13185,13615,Naver
2026-01-30,463640,14359,14906,13559,14350,Naver
2026-01-30,463680,18070,19034,17990,18220,Naver
2026-01-30,463690,19559,19833,19095,19540,Naver
2026-01-30,464240,51872,52046,51813,52006,Naver
2026-01-30,464310,14915,16055,14850,15290,Naver
2026-01-30,464920,18340,22350,17835,21590,Naver
2026-01-30,464930,19540,20700,18800,19330,Naver
2026-01-30,465330,9750,13935,9490,13025,Naver
2026-01-30,465350,25880,26565,17480,18570,Naver
2026-01-30,465580,22665,23425,22175,22460,Naver
2026-01-30,465610,39930,41995,37700,38510,Naver
2026-01-30,465620,7250,7370,6975,7245,Naver
2026-01-30,465660,16442,22200,16442,20485,Naver
2026-01-30,465670,14435,15565,14315,14365,Naver
2026-01-30,465780,104550,104760,104550,104760,Naver
2026-01-30,466810,5660,7835,5515,7215,Naver
2026-01-30,466920,32385,40335,31670,37260,Naver
2026-01-30,466930,15190,22575,15100,20120,Naver
2026-01-30,466940,21079,23206,20644,22799,Naver
2026-01-30,468370,11339,11673,11225,11360,Naver
2026-01-30,468380,11455,11864,11379,11510,Naver
2026-01-30,468630,11625,12040,11496,11631,Naver
2026-01-30,469050,18559,22280,18559,21795,Naver
2026-01-30,469060,21135,25100,20881,24595,Naver
2026-01-30,469070,13210,19210,13120,18435,Naver
2026-01-30,469150,26995,40265,26995,38945,Naver
2026-01-30,469160,16430,21270,16335,20925,Naver
2026-01-30,469170,5767,7475,5497,7010,Naver
2026-01-30,469530,9035,9145,8775,9060,Naver
2026-01-30,469790,20142,26485,20142,25995,Naver
2026-01-30,469830,53215,53355,53215,53355,Naver
2026-01-30,470310,11605,14045,11605,13720,Naver
2026-01-30,471040,20550,24670,20240,24350,Naver
2026-01-30,471460,57203,57774,54498,54548,Naver
2026-01-30,471760,11630,17710,11615,17110,Naver
2026-01-30,471780,17825,22820,17810,22205,Naver
2026-01-30,471990,15445,21560,15370,20750,Naver
2026-01-30,472150,12828,15972,12763,15851,Naver
2026-01-30,472160,18110,18235,17245,17780,Naver
2026-01-30,472170,13985,14110,13100,13725,Naver
2026-01-30,472720,18285,21735,18215,21590,Naver
2026-01-30,472830,8842,9164,8695,8779,Naver
2026-01-30,472840,61091,78525,61011,77110,Naver
2026-01-30,472870,7880,8112,7845,7944,Naver
2026-01-30,472920,101970,102255,100940,100940,Naver
2026-01-30,473290,10730,10745,10710,10730,Naver
2026-01-30,473330,8878,9205,8776,8840,Naver
2026-01-30,473440,10635,10670,10630,10660,Naver
2026-01-30,473460,23644,24659,22890,23000,Naver
2026-01-30,473590,20390,21885,20050,20980,Naver
2026-01-30,473640,32675,42420,32151,39000,Naver
2026-01-30,474220,15343,15702,14970,15028,Naver
2026-01-30,474390,50545,51080,48285,48285,Naver
2026-01-30,474590,19440,26875,19440,26250,Naver
2026-01-30,474920,17570,18480,17195,17585,Naver
2026-01-30,475050,12670,12840,11105,12345,Naver
2026-01-30,475070,24775,30090,24550,29255,Naver
2026-01-30,475080,8771,8809,8578,8602,Naver
2026-01-30,475260,10555,10595,10550,10575,Naver
2026-01-30,475280,10520,10555,10520,10550,Naver
2026-01-30,475300,11560,17910,11510,17160,Naver
2026-01-30,475310,17925,26080,17920,25165,Naver
2026-01-30,475350,14185,14745,13540,13830,Naver
2026-01-30,475380,10149,10828,10139,10442,Naver
2026-01-30,475630,1055705,1057890,1055705,1057890,Naver
2026-01-30,475720,10346,12120,10332,12038,Naver
2026-01-30,476000,11915,12865,11385,12765,Naver
2026-01-30,476030,15520,15984,15285,15470,Naver
2026-01-30,476070,11595,12409,11445,11690,Naver
2026-01-30,476260,8445,12935,8415,12265,Naver
2026-01-30,476310,10080,10900,10005,10125,Naver
2026-01-30,476450,51695,51855,51690,51840,Naver
2026-01-30,476550,7390,7473,7317,7351,Naver
2026-01-30,476750,8460,8707,8425,8535,Naver
2026-01-30,476760,9740,10132,9632,9726,Naver
2026-01-30,476800,4760,4848,4755,4809,Naver
2026-01-30,476850,13493,17117,13469,16973,Naver
2026-01-30,477050,52395,52525,52385,52520,Naver
2026-01-30,477080,105500,105740,105500,105740,Naver
2026-01-30,477490,19020,20295,18105,18550,Naver
2026-01-30,477730,9019,9089,8285,8445,Naver
2026-01-30,478150,19765,24290,19225,22540,Naver
2026-01-30,479080,52625,52765,52625,52765,Naver
2026-01-30,479520,104575,104790,104572,104790,Naver
2026-01-30,479620,15475,16690,14870,16480,Naver
2026-01-30,479730,10873,11458,10150,10290,Naver
2026-01-30,479850,14230,16810,13845,16240,Naver
2026-01-30,480020,12134,12496,11850,12173,Naver
2026-01-30,480030,10196,10620,10173,10255,Naver
2026-01-30,480040,11769,13719,11274,13637,Naver
2026-01-30,480260,53210,53330,53175,53240,Naver
2026-01-30,480310,13140,14434,13010,13690,Naver
2026-01-30,480460,9949,10239,9361,10132,Naver
2026-01-30,481050,1014703,1016948,1014698,1016948,Naver
2026-01-30,481060,8024,8072,7928,7980,Naver
2026-01-30,481180,14895,15085,12790,12885,Naver
2026-01-30,481190,16595,16990,15670,16265,Naver
2026-01-30,481340,9619,9961,9492,9582,Naver
2026-01-30,481430,102715,103310,100805,101170,Naver
2026-01-30,482030,8910,12795,8780,12300,Naver
2026-01-30,483020,13665,14280,12620,13720,Naver
2026-01-30,483030,10916,11942,10761,11200,Naver
2026-01-30,483240,12485,12950,12235,12510,Naver
2026-01-30,483290,9049,9803,9039,9535,Naver
2026-01-30,483320,14695,17190,14605,16900,Naver
2026-01-30,483330,12635,13385,12150,12305,Naver
2026-01-30,483340,15155,17750,15075,17040,Naver
2026-01-30,483570,15440,15775,14960,15135,Naver
2026-01-30,484880,17098,19260,16821,18757,Naver
2026-01-30,484890,51650,51745,51640,51742,Naver
2026-01-30,485540,14725,15289,14625,14720,Naver
2026-01-30,485690,17120,18100,17100,17520,Naver
2026-01-30,485810,10820,11785,10675,10775,Naver
2026-01-30,486240,14715,20435,14605,19965,Naver
2026-01-30,486290,10128,10542,10113,10224,Naver
2026-01-30,486450,18960,21095,18830,20415,Naver
2026-01-30,486830,52220,52340,52210,52330,Naver
2026-01-30,487130,15740,21390,15595,20935,Naver
2026-01-30,487230,16415,18520,16271,17965,Naver
2026-01-30,487240,23000,29045,22540,28400,Naver
2026-01-30,487340,103530,103790,103530,103790,Naver
2026-01-30,487910,9295,9710,8375,8525,Naver
2026-01-30,487920,8820,9115,8220,8365,Naver
2026-01-30,487950,9776,10960,9653,10642,Naver
2026-01-30,488080,17975,39860,17905,37945,Naver
2026-01-30,488200,10320,13680,10077,12975,Naver
2026-01-30,488210,13185,18965,13185,18485,Naver
2026-01-30,488480,11880,13145,11745,12930,Naver
2026-01-30,488500,11691,12478,11646,12000,Naver
2026-01-30,488720,50625,50735,49940,49940,Naver
2026-01-30,488770,103165,103445,103165,103445,Naver
2026-01-30,488980,51130,51275,51125,51255,Naver
2026-01-30,489000,9730,9960,9720,9890,Naver
2026-01-30,489010,15630,17340,15230,16760,Naver
2026-01-30,489030,8471,8747,7804,8703,Naver
2026-01-30,489290,15670,16150,15140,15180,Naver
2026-01-30,489860,13446,14345,13346,14315,Naver
2026-01-30,490090,14960,15457,14720,14865,Naver
2026-01-30,490330,12150,12580,11640,12150,Naver
2026-01-30,490480,25795,35855,25700,35000,Naver
2026-01-30,490490,10500,11060,10441,10738,Naver
2026-01-30,490590,12432,13080,12373,12713,Naver
2026-01-30,490600,8266,8838,8210,8563,Naver
2026-01-30,491010,18575,22137,18275,21770,Naver
2026-01-30,491090,16455,16849,16095,16255,Naver
2026-01-30,491220,72030,92915,72030,91765,Naver
2026-01-30,491230,51490,51625,51485,51620,Naver
2026-01-30,491510,14700,16545,14350,16335,Naver
2026-01-30,491610,102985,103185,102975,103185,Naver
2026-01-30,491620,10455,10849,10383,10454,Naver
2026-01-30,491630,11650,11740,9495,9760,Naver
2026-01-30,491700,61475,78695,61475,78225,Naver
2026-01-30,491820,27735,35095,27235,34380,Naver
2026-01-30,491830,14775,15309,14530,14560,Naver
2026-01-30,492500,51010,51170,51005,51055,Naver
2026-01-30,493420,10661,11469,10537,11206,Naver
2026-01-30,493810,11444,11825,11276,11372,Naver
2026-01-30,494180,13065,14160,13065,13590,Naver
2026-01-30,494210,10597,10991,10534,10651,Naver
2026-01-30,494220,21595,31095,21590,30400,Naver
2026-01-30,494300,9481,9848,9448,9585,Naver
2026-01-30,494310,29720,62735,29715,59700,Naver
2026-01-30,494330,15771,19640,15671,19405,Naver
2026-01-30,494340,12570,13550,12350,12495,Naver
2026-01-30,494410,13235,13719,13080,13185,Naver
2026-01-30,494420,9255,9726,9193,9251,Naver
2026-01-30,494670,25955,32005,25380,29590,Naver
2026-01-30,494840,12789,15791,12700,14685,Naver
2026-01-30,494890,17616,23412,17611,22350,Naver
2026-01-30,495040,17587,23183,17557,22803,Naver
2026-01-30,495050,17714,23363,17669,22994,Naver
2026-01-30,495060,16080,21670,16080,21240,Naver
2026-01-30,495230,17926,23647,17926,23244,Naver
2026-01-30,495550,18110,23795,18040,23420,Naver
2026-01-30,495710,51170,51280,51170,51280,Naver
2026-01-30,495750,17750,23325,17651,22930,Naver
2026-01-30,495850,17634,23293,17634,22899,Naver
2026-01-30,495940,13055,14945,12895,14685,Naver
2026-01-30,496020,51292,51450,51285,51435,Naver
2026-01-30,496090,17742,23300,17712,22940,Naver
2026-01-30,496120,18014,23655,17945,23285,Naver
2026-01-30,496770,17500,21830,17500,20665,Naver
2026-01-30,497510,12216,13027,12032,12470,Naver
2026-01-30,497520,12890,13595,12685,12950,Naver
2026-01-30,497570,15376,17349,15341,16815,Naver
2026-01-30,497780,9283,10140,9283,10115,Naver
2026-01-30,497880,49645,49780,49635,49770,Naver
2026-01-30,498050,16075,18200,14410,17065,Naver
2026-01-30,498180,97370,97745,96285,96285,Naver
2026-01-30,498270,13055,14368,13020,13090,Naver
2026-01-30,498400,12982,16323,12982,16045,Naver
2026-01-30,498410,11427,12191,10945,12040,Naver
2026-01-30,498610,10420,10450,9400,9445,Naver
2026-01-30,499150,10578,11017,10294,10728,Naver
2026-01-30,499660,993483,995594,993483,995594,Naver
2026-02-01,0000H0,10425,11535,10320,10775,Yahoo
2026-02-01,0021D0,11120,11660,10875,11570,Yahoo
2026-02-01,0023B0,15805,16640,13480,14770,Yahoo
2026-02-01,0048J0,14500,14750,14185,14375,Yahoo
2026-02-01,0083S0,11205,11205,9990,10290,Yahoo
2026-02-01,0092B0,13835,19700,13580,19030,Yahoo
2026-02-01,0093B0,11350,11525,10645,10880,Yahoo
2026-02-01,0094M0,15495,18175,14725,17925,Yahoo
2026-02-01,0105E0,12185,15115,11750,14620,Yahoo
2026-02-01,0127M0,10925,11495,10530,11025,Yahoo
2026-02-01,0127V0,10165,10360,9885,9955,Yahoo
2026-02-01,0153P0,10205,10575,10135,10505,Yahoo
2026-02-01,0154F0,11805,16240,11335,14950,Yahoo
2026-02-01,0155M0,9830,10100,8520,8990,Yahoo
2026-02-01,091170,13635,17725,13310,16180,Yahoo
2026-02-01,099140,24415,24765,22915,23280,Yahoo
2026-02-01,104530,18085,22935,17295,21340,Yahoo
2026-02-01,105780,12000,15150,11305,14965,Yahoo
2026-02-01,114460,101730,102445,101495,102390,Yahoo
2026-02-01,122260,102815,103080,102795,103080,Yahoo
2026-02-01,136340,105505,105910,105230,105900,Yahoo
2026-02-01,138910,9170,9670,8845,9510,Yahoo
2026-02-01,139220,5805,8340,5710,7965,Yahoo
2026-02-01,139280,13490,15045,13085,14560,Yahoo
2026-02-01,139320,20855,22780,18450,22565,Yahoo
2026-02-01,147970,62635,74550,57090,73900,Yahoo
2026-02-01,153270,57605,73410,54750,72255,Yahoo
2026-02-01,174360,24210,24670,23610,24330,Yahoo
2026-02-01,182480,12410,13560,12410,13545,Yahoo
2026-02-01,195920,30355,34120,29610,33535,Yahoo
2026-02-01,196030,70915,84500,68540,84500,Yahoo
2026-02-01,217770,2495,2560,2330,2375,Yahoo
2026-02-01,219480,30180,30515,29325,29980,Yahoo
2026-02-01,245340,34440,35845,34115,34455,Yahoo
2026-02-01,251600,15145,17040,14900,16545,Yahoo
2026-02-01,252000,18485,21450,17895,21365,Yahoo
2026-02-01,261140,21715,27190,20200,26875,Yahoo
2026-02-01,280920,19900,24875,19185,24595,Yahoo
2026-02-01,287180,44000,44370,40415,41470,Yahoo
2026-02-01,292770,56700,56865,56425,56440,Yahoo
2026-02-01,293180,75865,95985,72305,94420,Yahoo
2026-02-01,316670,10010,10645,9030,10515,Yahoo
2026-02-01,325020,23415,29170,22625,28820,Yahoo
2026-02-01,328370,28675,35435,27315,35050,Yahoo
2026-02-01,329750,13340,13675,13190,13360,Yahoo
2026-02-01,360150,7005,7090,5685,5905,Yahoo
2026-02-01,365780,84700,86465,83945,86370,Yahoo
2026-02-01,367770,22795,27820,21415,27345,Yahoo
2026-02-01,371150,8830,8840,7770,7920,Yahoo
2026-02-01,372330,8970,9035,8000,8105,Yahoo
2026-02-01,385710,12775,13805,11930,13705,Yahoo
2026-02-01,394660,15650,16020,15210,15740,Yahoo
2026-02-01,395760,16435,19770,15570,19555,Yahoo
2026-02-01,400570,11250,11505,9805,9885,Yahoo
2026-02-01,411420,21850,22780,20075,22230,Yahoo
2026-02-01,418670,12465,12745,10745,11060,Yahoo
2026-02-01,429760,18560,18820,18180,18285,Yahoo
2026-02-01,434060,16370,16850,16270,16555,Yahoo
2026-02-01,437070,63780,65075,62905,63750,Yahoo
2026-02-01,438330,115320,116085,114840,115985,Yahoo
2026-02-01,440650,11965,12180,11740,11900,Yahoo
2026-02-01,442090,23195,26670,21480,26495,Yahoo
2026-02-01,442260,26375,33175,25135,32635,Yahoo
2026-02-01,442560,15340,15595,15090,15530,Yahoo
2026-02-01,444200,39740,47850,36990,47340,Yahoo
2026-02-01,449190,19375,19750,18410,19005,Yahoo
2026-02-01,449690,35540,39700,32385,39010,Yahoo
2026-02-01,450910,19535,20925,17735,20650,Yahoo
2026-02-01,451530,47715,49550,46170,49295,Yahoo
2026-02-01,453010,108265,108465,108262,108460,Yahoo
2026-02-01,453650,18825,19595,17795,18435,Yahoo
2026-02-01,457990,23490,34505,22375,33760,Yahoo
2026-02-01,459560,19850,20945,18820,20115,Yahoo
2026-02-01,464470,52960,54685,52420,54570,Yahoo
2026-02-01,464600,15570,19495,14715,19185,Yahoo
2026-02-01,464610,11825,12170,10680,11260,Yahoo
2026-02-01,466950,24755,25650,23270,25025,Yahoo
2026-02-01,471230,106880,109130,105850,108980,Yahoo
2026-02-01,473490,22910,23300,20380,22435,Yahoo
2026-02-01,474800,13395,15015,13145,14420,Yahoo
2026-02-01,475270,10550,10585,10550,10580,Yahoo
2026-02-01,476690,10935,11500,10130,10180,Yahoo
2026-02-01,482730,11700,11975,11475,11545,Yahoo
2026-02-01,483280,12510,12675,10780,11665,Yahoo
2026-02-01,483420,15800,21190,15385,17865,Yahoo
2026-02-01,484790,8780,9090,8730,9080,Yahoo
2026-02-01,487750,19575,23480,17250,23040,Yahoo
2026-02-01,488290,34470,37810,33015,37065,Yahoo
2026-02-01,489250,11775,13045,11755,12300,Yahoo
2026-02-01,495330,22425,28040,21260,27580,Yahoo
2026-02-01,496080,22555,28160,21350,27690,Yahoo
2026-02-01,496130,19720,24305,18755,23975,Yahoo
2026-02-01,498860,17450,23990,16765,21430,Yahoo
2026-02-27,0000D0,9501,9878,9310,9725,Naver
2026-02-27,0000J0,33045,40180,31495,38810,Naver
2026-02-27,0000Y0,100255,100530,100250,100530,Naver
2026-02-27,0000Z0,16075,18285,14835,18170,Naver
2026-02-27,0001P0,13445,15050,12755,14775,Naver
2026-02-27,0002C0,9470,10110,9315,9445,Naver
2026-02-27,0004G0,9206,9787,9196,9569,Naver
2026-02-27,0005A0,9439,9629,9312,9372,Naver
2026-02-27,0005C0,11160,11355,10640,10880,Naver
2026-02-27,0005D0,17700,20720,17130,20530,Naver
2026-02-27,0005G0,25310,33150,23625,32490,Naver
2026-02-27,0007F0,10110,10135,10075,10135,Naver
2026-02-27,0007G0,16710,17940,15430,16740,Naver
2026-02-27,0007N0,76545,96990,73190,95420,Naver
2026-02-27,0008E0,12375,14170,12365,13605,Naver
2026-02-27,0008S0,9336,10040,9297,9791,Naver
2026-02-27,0008T0,14695,15040,13640,14480,Naver
2026-02-27,0013P0,12112,12560,11215,11624,Naver
2026-02-27,0013R0,9193,9500,9053,9271,Naver
2026-02-27,0015B0,15860,16450,14670,15855,Naver
2026-02-27,0015E0,10489,10868,10211,10809,Naver
2026-02-27,0015F0,10323,11006,9273,10439,Naver
2026-02-27,0015K0,8035,8220,7335,7645,Naver
2026-02-27,0016X0,50755,50950,50695,50935,Naver
2026-02-27,0017Y0,96840,97810,96255,97740,Naver
2026-02-27,0018C0,12296,15077,11905,13968,Naver
2026-02-27,0018Z0,15790,16700,14720,15220,Naver
2026-02-27,0019K0,11815,11980,11390,11820,Naver
2026-02-27,0020H0,19500,20000,16800,19350,Naver
2026-02-27,0021C0,13020,13645,12360,13600,Naver
2026-02-27,0021E0,12000,13040,11615,12770,Naver
2026-02-27,0022T0,14818,16641,14530,16424,Naver
2026-02-27,0023A0,24335,24910,21350,23500,Naver
2026-02-27,0025N0,11500,11690,11325,11370,Naver
2026-02-27,0026E0,10814,11181,10774,10873,Naver
2026-02-27,0026S0,12149,12359,11930,12005,Naver
2026-02-27,0028X0,11925,11930,10750,11005,Naver
2026-02-27,0035T0,20680,22900,17800,22630,Naver
2026-02-27,0036D0,10446,11256,10446,10743,Naver
2026-02-27,0036R0,16820,17380,15805,16710,Naver
2026-02-27,0036Z0,11485,12735,11410,12385,Naver
2026-02-27,0038A0,15880,16275,15250,15835,Naver
2026-02-27,0040S0,17530,18880,16000,18550,Naver
2026-02-27,0040X0,9670,10290,9554,9876,Naver
2026-02-27,0040Y0,8703,9048,8392,8629,Naver
2026-02-27,0041D0,12865,13225,10995,11820,Naver
2026-02-27,0041E0,14310,14525,13970,14220,Naver
2026-02-27,0043B0,101555,101795,101555,101795,Naver
2026-02-27,0043Y0,15945,16310,14595,15840,Naver
2026-02-27,0046A0,9980,10159,9791,9931,Naver
2026-02-27,0046Y0,11985,12877,11985,12219,Naver
2026-02-27,0047A0,11970,12110,11155,11285,Naver
2026-02-27,0047N0,11860,11860,10500,10575,Naver
2026-02-27,0047P0,13894,14089,13185,13319,Naver
2026-02-27,0047R0,13434,13844,12485,12765,Naver
2026-02-27,0048K0,11300,11970,11045,11215,Naver
2026-02-27,0049K0,10490,11408,10490,10960,Naver
2026-02-27,0049M0,11211,11794,10952,11280,Naver
2026-02-27,0050E0,8670,8805,7265,7740,Naver
2026-02-27,0051A0,18145,19005,17155,18310,Naver
2026-02-27,0051G0,16915,17420,15145,16825,Naver
2026-02-27,0052D0,14682,17880,14177,17474,Naver
2026-02-27,0052S0,11390,11635,11245,11355,Naver
2026-02-27,0052T0,50095,50270,50020,50265,Naver
2026-02-27,0053L0,13200,14325,13055,13250,Naver
2026-02-27,0053M0,12900,14635,11770,14500,Naver
2026-02-27,0057H0,11444,11678,11305,11405,Naver
2026-02-27,0060H0,12060,12570,11860,12260,Naver
2026-02-27,0061Z0,50170,50280,50170,50280,Naver
2026-02-27,0064K0,14310,15920,13800,15660,Naver
2026-02-27,0065G0,11125,11225,9770,9960,Naver
2026-02-27,0066W0,14580,16055,13940,15845,Naver
2026-02-27,0067V0,11370,11730,10620,10960,Naver
2026-02-27,0067Y0,14380,14535,12575,12980,Naver
2026-02-27,0068M0,11620,12040,11370,11455,Naver
2026-02-27,0069M0,12234,12439,11785,11900,Naver
2026-02-27,0072R0,14830,16785,14700,16010,Naver
2026-02-27,0073X0,11097,11225,10694,10803,Naver
2026-02-27,0074K0,15195,17460,13835,17305,Naver
2026-02-27,0078V0,11995,11995,10770,10860,Naver
2026-02-27,0079X0,12425,13900,11550,12470,Naver
2026-02-27,0080G0,13030,13950,11505,13560,Naver
2026-02-27,0080X0,10656,11218,10656,11035,Naver
2026-02-27,0080Y0,20000,22400,16655,21185,Naver
2026-02-27,0082F0,11680,12195,11165,11755,Naver
2026-02-27,0082V0,10990,11290,10945,11070,Naver
2026-02-27,0084D0,10594,10693,10190,10290,Naver
2026-02-27,0084E0,10059,10169,9830,9905,Naver
2026-02-27,0085N0,10019,10219,9989,10209,Naver
2026-02-27,0085P0,10555,10789,10481,10660,Naver
2026-02-27,0086B0,10468,10834,10359,10810,Naver
2026-02-27,0086C0,10493,10494,10141,10364,Naver
2026-02-27,0087F0,10900,11515,10450,10975,Naver
2026-02-27,0088N0,12530,13660,11785,13500,Naver
2026-02-27,0089B0,10874,11043,10570,10630,Naver
2026-02-27,0089C0,10840,11018,10565,10624,Naver
2026-02-27,0089D0,11677,15354,11311,13808,Naver
2026-02-27,0090B0,10965,12035,9385,11160,Naver
2026-02-27,0091C0,9889,10088,9840,10083,Naver
2026-02-27,0091M0,10035,10060,10025,10060,Naver
2026-02-27,0091P0,13895,21060,13605,20145,Naver
2026-02-27,0092C0,49725,49850,49610,49850,Naver
2026-02-27,0093A0,24000,31830,22430,31235,Naver
2026-02-27,0093D0,13590,14875,12650,13915,Naver
2026-02-27,0094K0,99230,99660,98865,99615,Naver
2026-02-27,0094L0,9773,9881,8701,8775,Naver
2026-02-27,0094X0,9900,10025,9485,9575,Naver
2026-02-27,0097L0,12124,14077,11607,13461,Naver
2026-02-27,0098F0,14270,20385,13980,19720,Naver
2026-02-27,0098N0,11812,14679,11501,13930,Naver
2026-02-27,0098Z0,66695,82210,62640,80565,Naver
2026-02-27,0099L0,99110,99460,98800,99425,Naver
2026-02-27,0100K0,13800,15345,10535,14510,Naver
2026-02-27,0101N0,14570,18215,13635,17790,Naver
2026-02-27,0102A0,8365,8630,7000,7940,Naver
2026-02-27,0102X0,10840,11390,10020,11060,Naver
2026-02-27,0103T0,10940,11395,9875,11270,Naver
2026-02-27,0104G0,13905,15390,10505,14470,Naver
2026-02-27,0104H0,11035,11375,10745,10990,Naver
2026-02-27,0104N0,14967,18883,14282,18591,Naver
2026-02-27,0104P0,11027,13371,10555,12864,Naver
2026-02-27,0105D0,11655,12285,10685,12140,Naver
2026-02-27,0107F0,10580,11068,10481,10546,Naver
2026-02-27,0111J0,14101,20917,13160,19082,Naver
2026-02-27,0111P0,10435,10555,10185,10255,Naver
2026-02-27,0112X0,28270,35770,26995,35165,Naver
2026-02-27,0113D0,11245,11520,10355,11505,Naver
2026-02-27,0113G0,10275,10545,10045,10110,Naver
2026-02-27,0113P0,100685,100915,100685,100915,Naver
2026-02-27,0114X0,8470,8605,7605,8005,Naver
2026-02-27,0115C0,11136,11895,11067,11304,Naver
2026-02-27,0115D0,10135,10895,9300,10600,Naver
2026-02-27,0115E0,12630,14575,11875,14420,Naver
2026-02-27,0117L0,10000,10020,9995,10020,Naver
2026-02-27,0117V0,14850,19182,13605,18555,Naver
2026-02-27,0118S0,9925,10390,8630,9725,Naver
2026-02-27,0118Z0,8780,9150,7105,8185,Naver
2026-02-27,0119H0,9910,9950,9865,9945,Naver
2026-02-27,0120J0,11020,11950,10610,11590,Naver
2026-02-27,0122W0,50175,50320,50170,50320,Naver
2026-02-27,0123G0,7940,8090,7000,7605,Naver
2026-02-27,0123S0,10035,10070,10030,10065,Naver
2026-02-27,0127P0,9910,10410,9300,9545,Naver
2026-02-27,0127R0,11255,12225,9465,11265,Naver
2026-02-27,0127T0,10280,10673,10275,10380,Naver
2026-02-27,0128D0,9143,9216,8145,8239,Naver
2026-02-27,0131A0,10205,11305,9577,10490,Naver
2026-02-27,0131V0,13405,13470,11560,12365,Naver
2026-02-27,0131W0,100545,100760,100535,100760,Naver
2026-02-27,0132D0,10535,10935,9600,10725,Naver
2026-02-27,0132H0,12205,12400,10255,10990,Naver
2026-02-27,0132K0,9081,9363,8873,9060,Naver
2026-02-27,0133E0,9740,10055,9220,9350,Naver
2026-02-27,0135Y0,99995,100620,99870,100620,Naver
2026-02-27,0137V0,9660,9950,9410,9610,Naver
2026-02-27,0137W0,9910,10200,9842,9940,Naver
2026-02-27,0138D0,13220,15790,12310,15655,Naver
2026-02-27,0138T0,9404,9612,9234,9327,Naver
2026-02-27,0138Y0,10395,10990,10240,10875,Naver
2026-02-27,0139F0,100460,100735,100445,100725,Naver
2026-02-27,0139P0,12878,16104,12270,15130,Naver
2026-02-27,0141S0,10650,11820,9810,11440,Naver
2026-02-27,0141T0,50010,50310,49940,50300,Naver
2026-02-27,0142D0,9635,10165,7635,9150,Naver
2026-02-27,0144L0,9316,9566,9037,9159,Naver
2026-02-27,0144M0,9775,9950,8400,9400,Naver
2026-02-27,0148J0,14845,15480,13170,14810,Naver
2026-02-27,0150K0,12415,14172,11840,14000,Naver
2026-02-27,0151P0,12070,14700,11360,14520,Naver
2026-02-27,0151S0,10565,10930,9710,10570,Naver
2026-02-27,0152E0,10994,13680,10588,12890,Naver
2026-02-27,0153K0,10759,13545,10351,12604,Naver
2026-02-27,0153X0,10156,11089,10156,10747,Naver
2026-02-27,0154H0,9490,10130,9005,9140,Naver
2026-02-27,0155N0,11065,11430,10850,11065,Naver
2026-02-27,0162L0,10040,10315,9900,10175,Naver
2026-02-27,0162M0,10020,10030,10005,10025,Naver
2026-02-27,0162Z0,10435,10785,10420,10675,Naver
2026-02-27,069500,75680,95720,72105,94120,Naver
2026-02-27,069660,75430,95595,72025,94180,Naver
2026-02-27,091160,85600,107800,79825,105400,Naver
2026-02-27,091180,31065,39730,29690,39135,Naver
2026-02-27,091220,14265,18395,13860,16925,Naver
2026-02-27,091230,89815,112900,83630,110490,Naver
2026-02-27,100910,11955,15075,11330,14875,Naver
2026-02-27,101280,28235,31800,28100,30350,Naver
2026-02-27,102110,75505,95680,72060,94045,Naver
2026-02-27,102780,16640,20935,15955,20640,Naver
2026-02-27,102960,16035,18075,14835,17785,Naver
2026-02-27,102970,21500,31795,20110,29185,Naver
2026-02-27,104520,13745,16190,13230,15900,Naver
2026-02-27,105010,6585,7265,6435,6940,Naver
2026-02-27,105190,76045,96250,72530,94660,Naver
2026-02-27,108450,27950,34660,26760,34245,Naver
2026-02-27,108590,75485,95400,72265,93950,Naver
2026-02-27,114100,107182,108027,107003,107978,Naver
2026-02-27,114260,61590,62055,61435,62000,Naver
2026-02-27,114470,108506,109303,108262,109243,Naver
2026-02-27,114800,1955,2030,1518,1544,Naver
2026-02-27,114820,104765,105505,104550,105450,Naver
2026-02-27,117460,14580,17710,13860,17545,Naver
2026-02-27,117680,15030,18365,14110,17370,Naver
2026-02-27,117690,23135,23790,21160,21430,Naver
2026-02-27,117700,5100,7245,5070,6955,Naver
2026-02-27,122090,54925,69960,52110,68770,Naver
2026-02-27,122630,72905,115010,65600,111280,Naver
2026-02-27,123310,2190,2270,1697,1726,Naver
2026-02-27,123320,72400,113745,64820,109800,Naver
2026-02-27,130680,4235,4455,4065,4375,Naver
2026-02-27,130730,101490,101710,101465,101705,Naver
2026-02-27,131890,30760,36300,29825,35695,Naver
2026-02-27,132030,27145,29945,25845,29690,Naver
2026-02-27,133690,163435,166255,157485,159050,Naver
2026-02-27,137610,5055,5205,4955,5205,Naver
2026-02-27,138230,16675,16965,16370,16570,Naver
2026-02-27,138520,22690,28800,21930,28415,Naver
2026-02-27,138530,8960,11155,8605,10975,Naver
2026-02-27,138540,55435,75170,52815,73900,Naver
2026-02-27,138920,10980,11950,10880,11910,Naver
2026-02-27,139230,15400,17440,14120,17240,Naver
2026-02-27,139240,14305,16980,13502,16565,Naver
2026-02-27,139250,15645,19360,14805,19180,Naver
2026-02-27,139260,72935,95705,68240,94220,Naver
2026-02-27,139270,14350,19030,13895,17315,Naver
2026-02-27,139290,26445,34735,25355,33285,Naver
2026-02-27,139660,8020,8190,7855,8105,Naver
2026-02-27,140570,21010,25600,20015,25340,Naver
2026-02-27,140580,21950,26580,20985,26170,Naver
2026-02-27,140700,13710,20000,13165,16445,Naver
2026-02-27,140710,6515,7885,6440,7580,Naver
2026-02-27,140950,58715,74600,55860,73415,Naver
2026-02-27,143850,71100,71810,69155,70545,Naver
2026-02-27,143860,51985,56000,48600,55720,Naver
2026-02-27,144600,13795,15195,10680,15020,Naver
2026-02-27,145670,2435,2545,1897,1929,Naver
2026-02-27,145850,80360,103745,77775,102420,Naver
2026-02-27,148020,76150,96475,72680,95005,Naver
2026-02-27,148070,107345,109555,106350,109410,Naver
2026-02-27,150460,8055,8425,7725,8080,Naver
2026-02-27,152100,76840,97295,73270,95585,Naver
2026-02-27,152380,66580,68020,65990,67955,Naver
2026-02-27,152500,29625,46520,26555,44910,Naver
2026-02-27,152870,76535,96860,73095,95280,Naver
2026-02-27,153130,112750,112985,112735,112970,Naver
2026-02-27,156080,35510,45010,33690,44330,Naver
2026-02-27,157450,110980,111210,110965,111205,Naver
2026-02-27,157490,10260,10545,9375,10460,Naver
2026-02-27,157500,14800,21800,13800,20000,Naver
2026-02-27,159800,60830,75435,57120,74320,Naver
2026-02-27,160580,15485,16260,15000,15710,Naver
2026-02-27,161510,24040,30192,23205,28755,Naver
2026-02-27,166400,18467,20341,17936,19728,Naver
2026-02-27,167860,98415,102480,96600,102145,Naver
2026-02-27,168580,35405,36010,33655,35725,Naver
2026-02-27,169950,26045,26445,25210,25465,Naver
2026-02-27,174350,19390,23540,18790,21830,Naver
2026-02-27,176950,57625,58115,56635,56635,Naver
2026-02-27,181480,79963,84412,79252,83989,Naver
2026-02-27,182490,13815,14270,13735,13735,Naver
2026-02-27,183700,82325,91180,78500,90505,Naver
2026-02-27,183710,73415,84155,67660,83050,Naver
2026-02-27,185680,38535,39890,37425,39160,Naver
2026-02-27,189400,23980,24540,23550,24085,Naver
2026-02-27,190620,100565,100770,100555,100760,Naver
2026-02-27,192090,12690,13100,12525,12865,Naver
2026-02-27,192720,53480,63995,51795,61325,Naver
2026-02-27,195930,21600,22605,21245,22250,Naver
2026-02-27,195970,15490,16385,15410,16180,Naver
2026-02-27,195980,13485,14472,13105,14315,Naver
2026-02-27,196230,115345,115630,115345,115570,Naver
2026-02-27,200030,41055,44275,41015,43480,Naver
2026-02-27,200250,24425,26095,24305,24830,Naver
2026-02-27,203780,30435,31940,30325,31095,Naver
2026-02-27,204450,2980,2985,2630,2690,Naver
2026-02-27,204480,27615,28995,26900,28240,Naver
2026-02-27,205720,1780,1780,1560,1568,Naver
2026-02-27,210780,23290,28605,22400,27085,Naver
2026-02-27,211560,32230,39990,31065,39590,Naver
2026-02-27,211900,25875,31931,24793,31542,Naver
2026-02-27,213610,15480,19295,14930,19030,Naver
2026-02-27,213630,19340,20535,19145,20145,Naver
2026-02-27,214980,114076,114355,114051,114345,Naver
2026-02-27,215620,17365,19610,17135,18900,Naver
2026-02-27,217780,5515,5540,5105,5335,Naver
2026-02-27,218420,17125,18685,16835,18255,Naver
2026-02-27,219390,6060,7350,5825,6665,Naver
2026-02-27,219900,4700,4900,4460,4750,Naver
2026-02-27,220130,6915,7245,6655,7235,Naver
2026-02-27,223190,21770,27555,21000,27290,Naver
2026-02-27,225030,2485,2555,2450,2490,Naver
2026-02-27,225040,56955,58175,53720,56085,Naver
2026-02-27,225050,14625,16000,14380,15860,Naver
2026-02-27,225060,14165,15785,12945,15440,Naver
2026-02-27,225130,63525,76000,56065,74330,Naver
2026-02-27,225800,16405,16960,15750,16160,Naver
2026-02-27,226380,7030,7380,6790,7125,Naver
2026-02-27,226490,52705,65415,50385,64600,Naver
2026-02-27,226980,22700,26050,21795,25730,Naver
2026-02-27,227540,22980,25765,22360,25020,Naver
2026-02-27,227550,12600,14145,11800,13980,Naver
2026-02-27,227560,13320,14910,13095,14180,Naver
2026-02-27,227570,17895,21025,17365,20715,Naver
2026-02-27,227830,53365,65705,50750,64940,Naver
2026-02-27,228790,3755,3845,3490,3695,Naver
2026-02-27,228800,3460,3840,3370,3655,Naver
2026-02-27,228810,5910,6330,5670,5800,Naver
2026-02-27,228820,14100,17335,13340,17095,Naver
2026-02-27,229200,20045,21330,18100,21100,Naver
2026-02-27,229720,28110,34525,26560,33940,Naver
2026-02-27,230480,4385,4480,4180,4380,Naver
2026-02-27,232080,20450,21750,18465,21525,Naver
2026-02-27,233160,20810,23305,16900,22780,Naver
2026-02-27,233740,18670,20950,15230,20455,Naver
2026-02-27,234310,24480,29370,23490,29105,Naver
2026-02-27,236350,37500,42070,37000,37960,Naver
2026-02-27,237350,60045,76065,56940,74820,Naver
2026-02-27,237370,15267,16326,15039,16262,Naver
2026-02-27,237440,10390,10835,10345,10720,Naver
2026-02-27,238670,12730,13535,12530,13480,Naver
2026-02-27,238720,38305,42610,37715,42295,Naver
2026-02-27,239660,120360,120720,120285,120700,Naver
2026-02-27,241180,30000,34115,29050,32830,Naver
2026-02-27,241390,15000,16465,14645,16310,Naver
2026-02-27,243880,155205,260000,133200,251510,Naver
2026-02-27,243890,8470,13000,7490,12400,Naver
2026-02-27,244580,13250,14245,12245,14135,Naver
2026-02-27,244620,18550,20965,17170,20825,Naver
2026-02-27,244660,9770,10850,9485,10530,Naver
2026-02-27,244670,11415,13337,11030,12875,Naver
2026-02-27,245350,18645,20800,18575,19185,Naver
2026-02-27,245360,13900,14465,13130,13375,Naver
2026-02-27,245710,31585,32125,30470,31930,Naver
2026-02-27,248270,26450,27165,26000,26210,Naver
2026-02-27,250730,10880,11025,9945,10395,Naver
2026-02-27,250780,2240,2440,2055,2075,Naver
2026-02-27,251340,2210,2415,2025,2050,Naver
2026-02-27,251350,37360,38185,36980,37360,Naver
2026-02-27,251590,16765,19755,16360,18935,Naver
2026-02-27,252400,66500,104695,59865,101600,Naver
2026-02-27,252410,2495,2600,1946,1976,Naver
2026-02-27,252420,394,423,233,240,Naver
2026-02-27,252650,17525,20345,16885,20265,Naver
2026-02-27,252670,392,422,231,238,Naver
2026-02-27,252710,417,448,246,255,Naver
2026-02-27,253150,133755,210540,121000,204095,Naver
2026-02-27,253160,813,864,475,490,Naver
2026-02-27,253230,396,425,235,243,Naver
2026-02-27,253240,2540,2630,1970,2025,Naver
2026-02-27,253250,65665,113910,58940,99895,Naver
2026-02-27,253280,18400,19815,17255,19645,Naver
2026-02-27,253290,13170,13615,12775,13520,Naver
2026-02-27,256440,8125,8530,7950,8150,Naver
2026-02-27,256450,15170,15170,14160,14765,Naver
2026-02-27,256750,15500,15700,15000,15300,Naver
2026-02-27,261060,23225,25480,21050,25200,Naver
2026-02-27,261070,20465,21960,18385,21725,Naver
2026-02-27,261110,17355,17910,16655,17080,Naver
2026-02-27,261120,4925,5105,4750,4995,Naver
2026-02-27,261220,14765,15645,14310,15340,Naver
2026-02-27,261240,14740,14990,14445,14645,Naver
2026-02-27,261250,17355,17925,16635,17110,Naver
2026-02-27,261260,4945,5155,4785,5025,Naver
2026-02-27,261270,7720,7890,7595,7790,Naver
2026-02-27,261920,13800,14845,13800,14680,Naver
2026-02-27,266160,25785,33185,24815,32815,Naver
2026-02-27,266360,14060,14290,13035,14060,Naver
2026-02-27,266370,39280,50175,36595,49255,Naver
2026-02-27,266390,10825,13235,10450,12925,Naver
2026-02-27,266410,8890,9910,8650,9575,Naver
2026-02-27,266420,23580,25410,22020,25350,Naver
2026-02-27,266550,16510,19605,16095,18990,Naver
2026-02-27,267440,8365,8640,8330,8625,Naver
2026-02-27,267450,10785,10820,10380,10420,Naver
2026-02-27,267490,5535,5890,5500,5885,Naver
2026-02-27,267770,55470,87215,49775,84435,Naver
2026-02-27,269370,17895,19255,17610,19080,Naver
2026-02-27,269420,22605,24435,22540,24170,Naver
2026-02-27,269530,20750,22500,20490,22295,Naver
2026-02-27,269540,27400,27795,26780,27260,Naver
2026-02-27,270800,15715,17245,15305,16940,Naver
2026-02-27,270810,19665,21165,17990,20920,Naver
2026-02-27,271050,3885,4000,3645,3720,Naver
2026-02-27,271060,7810,8155,7650,8125,Naver
2026-02-27,272560,113275,113605,113250,113600,Naver
2026-02-27,272570,108450,109555,108030,109550,Naver
2026-02-27,272580,56215,56345,56195,56330,Naver
2026-02-27,272910,106290,107140,105955,107085,Naver
2026-02-27,273130,113300,115000,112490,114215,Naver
2026-02-27,273140,114036,114290,114036,114290,Naver
2026-02-27,275280,30205,36615,28245,36125,Naver
2026-02-27,275290,22420,28165,21380,27595,Naver
2026-02-27,275300,20260,24950,18905,24585,Naver
2026-02-27,275750,2195,2415,2035,2060,Naver
2026-02-27,275980,22095,22095,20400,21265,Naver
2026-02-27,276000,19405,21550,19040,21000,Naver
2026-02-27,276650,39085,39430,36670,38770,Naver
2026-02-27,276970,7752,8200,7752,8092,Naver
2026-02-27,276990,24210,26155,23860,26055,Naver
2026-02-27,277540,26825,29085,25625,28385,Naver
2026-02-27,277630,53415,66175,51000,65340,Naver
2026-02-27,277640,27250,34045,25840,33555,Naver
2026-02-27,277650,20980,24380,20405,23970,Naver
2026-02-27,278240,21225,23650,17175,23065,Naver
2026-02-27,278530,27240,34435,25940,33910,Naver
2026-02-27,278540,26285,33360,24980,32840,Naver
2026-02-27,278620,117505,117830,117465,117820,Naver
2026-02-27,279530,15739,20098,15182,19129,Naver
2026-02-27,279540,18000,21315,17305,20985,Naver
2026-02-27,280320,20315,20315,17020,18310,Naver
2026-02-27,280930,15080,15495,14735,15260,Naver
2026-02-27,280940,3105,3285,2845,2870,Naver
2026-02-27,281990,17405,20440,16710,19815,Naver
2026-02-27,282000,112725,113110,112190,112200,Naver
2026-02-27,283580,15750,16125,15400,15900,Naver
2026-02-27,284430,18437,20468,18193,20368,Naver
2026-02-27,284980,19120,25365,18485,23125,Naver
2026-02-27,285690,18030,21480,17340,21220,Naver
2026-02-27,289040,22615,28035,21585,27680,Naver
2026-02-27,289250,22645,28410,21575,28085,Naver
2026-02-27,289260,19255,23455,18430,23005,Naver
2026-02-27,289480,9863,10225,9720,10165,Naver
2026-02-27,289670,53425,54605,52985,54515,Naver
2026-02-27,290080,8073,8728,7779,7913,Naver
2026-02-27,290130,30305,38555,28635,37825,Naver
2026-02-27,291130,19680,20680,18820,20005,Naver
2026-02-27,291620,3940,4305,3585,3625,Naver
2026-02-27,291630,9375,10490,7625,10250,Naver
2026-02-27,291680,7170,7685,7170,7655,Naver
2026-02-27,291890,11105,11825,10820,11760,Naver
2026-02-27,292050,35850,44745,33990,44085,Naver
2026-02-27,292150,27545,35170,25945,34490,Naver
2026-02-27,292160,35115,43695,33265,43095,Naver
2026-02-27,292190,34870,43715,33175,43070,Naver
2026-02-27,292500,35470,44310,33720,43730,Naver
2026-02-27,292560,8650,8785,8425,8520,Naver
2026-02-27,294400,98505,124780,94055,122905,Naver
2026-02-27,295000,52660,53780,52205,53775,Naver
2026-02-27,295020,57810,58355,56765,56800,Naver
2026-02-27,295040,28275,35710,26900,35115,Naver
2026-02-27,298340,56065,56550,55955,56485,Naver
2026-02-27,298770,49955,60450,47555,60320,Naver
2026-02-27,300610,7245,7270,6720,6865,Naver
2026-02-27,300640,8575,8580,7880,8055,Naver
2026-02-27,300950,6760,6930,6310,6575,Naver
2026-02-27,301400,20245,21535,18275,21290,Naver
2026-02-27,301410,3330,3660,3070,3115,Naver
2026-02-27,302190,50680,51370,50385,51320,Naver
2026-02-27,302450,53185,66000,50870,65190,Naver
2026-02-27,304660,7565,7865,7525,7850,Naver
2026-02-27,304670,11725,11810,11315,11335,Naver
2026-02-27,304760,34315,42785,32580,42210,Naver
2026-02-27,304770,20050,21300,18020,21060,Naver
2026-02-27,304780,81440,127625,73200,123600,Naver
2026-02-27,304940,28385,28895,26955,27825,Naver
2026-02-27,305050,53760,66385,51105,65555,Naver
2026-02-27,305080,13135,13470,13030,13270,Naver
2026-02-27,305540,20965,24120,19790,23950,Naver
2026-02-27,305720,17255,19695,16235,19430,Naver
2026-02-27,306520,4530,4695,3535,3575,Naver
2026-02-27,306530,18805,21065,15270,20600,Naver
2026-02-27,306950,56995,84975,49535,82460,Naver
2026-02-27,307510,21260,21800,19355,20060,Naver
2026-02-27,307520,18495,23237,17575,22715,Naver
2026-02-27,308620,12290,12585,12215,12420,Naver
2026-02-27,309230,30520,32450,30405,31095,Naver
2026-02-27,310080,10970,10970,10165,10345,Naver
2026-02-27,310960,44085,55890,42035,55235,Naver
2026-02-27,310970,32910,41995,30005,41300,Naver
2026-02-27,314250,52300,53230,47930,49390,Naver
2026-02-27,314700,11050,12840,10815,12475,Naver
2026-02-27,315270,23730,25225,22175,24515,Naver
2026-02-27,315930,55140,70800,52740,69535,Naver
2026-02-27,315960,51310,67120,49095,65840,Naver
2026-02-27,316300,14663,15184,14488,14523,Naver
2026-02-27,319640,28750,31560,27130,31230,Naver
2026-02-27,321410,10610,11045,10515,10725,Naver
2026-02-27,322400,13330,14350,12625,13720,Naver
2026-02-27,322410,20975,25391,20299,24456,Naver
2026-02-27,325010,30755,37230,28695,36635,Naver
2026-02-27,326230,11940,13410,11082,13120,Naver
2026-02-27,326240,31200,37990,29110,37360,Naver
2026-02-27,329200,4446,4610,4412,4600,Naver
2026-02-27,329650,14185,14368,14165,14235,Naver
2026-02-27,329660,17500,17803,17475,17610,Naver
2026-02-27,329670,21295,21822,21245,21510,Naver
2026-02-27,332500,50660,64100,48285,63030,Naver
2026-02-27,332610,131898,135000,129526,130842,Naver
2026-02-27,332620,97324,101136,96559,98435,Naver
2026-02-27,332930,98675,124825,94100,122840,Naver
2026-02-27,332940,33060,41730,31270,41105,Naver
2026-02-27,334690,7840,8760,7430,8650,Naver
2026-02-27,334700,2860,3075,2570,2605,Naver
2026-02-27,336160,101308,101697,100973,101667,Naver
2026-02-27,337120,25390,31690,24330,31340,Naver
2026-02-27,337140,26310,32940,25030,32500,Naver
2026-02-27,337150,23355,27540,22390,27280,Naver
2026-02-27,337160,30820,39435,29450,38715,Naver
2026-02-27,341850,4815,5014,4815,5004,Naver
2026-02-27,352540,12419,12797,12419,12657,Naver
2026-02-27,352560,11690,12251,11480,12182,Naver
2026-02-27,354240,11520,11755,11390,11455,Naver
2026-02-27,354350,21955,23320,21180,22150,Naver
2026-02-27,354500,20155,21515,18205,21230,Naver
2026-02-27,356540,103955,105095,103300,105035,Naver
2026-02-27,357870,57040,57160,57040,57160,Naver
2026-02-27,359210,26410,32755,25210,32345,Naver
2026-02-27,360140,11830,14455,11645,13890,Naver
2026-02-27,360200,25135,25550,24665,24830,Naver
2026-02-27,360750,24850,25265,24410,24565,Naver
2026-02-27,361580,42745,54115,40750,53235,Naver
2026-02-27,363510,110615,110820,110610,110820,Naver
2026-02-27,363570,93385,95220,92275,95095,Naver
2026-02-27,363580,28815,37955,27055,37310,Naver
2026-02-27,364690,28070,34795,26390,34300,Naver
2026-02-27,364960,7345,8075,6900,7920,Naver
2026-02-27,364970,8985,9560,8335,9435,Naver
2026-02-27,364980,10100,11935,9855,11820,Naver
2026-02-27,364990,5595,5860,5250,5560,Naver
2026-02-27,365000,5050,5500,4565,5460,Naver
2026-02-27,365040,25955,32150,24760,31780,Naver
2026-02-27,367380,28100,28570,27075,27340,Naver
2026-02-27,367740,25740,32250,24210,31935,Naver
2026-02-27,367760,27655,36550,26110,35835,Naver
2026-02-27,368190,8890,9825,8455,9795,Naver
2026-02-27,368590,27173,27633,26140,26469,Naver
2026-02-27,368680,9060,9940,8560,9865,Naver
2026-02-27,371160,9000,9045,8020,8125,Naver
2026-02-27,371450,10675,10850,9365,9720,Naver
2026-02-27,371460,12090,12820,11955,12280,Naver
2026-02-27,371470,8695,9040,8285,8455,Naver
2026-02-27,371870,8765,8765,7705,7845,Naver
2026-02-27,373490,22410,27410,21295,27165,Naver
2026-02-27,373790,15842,17402,15747,16904,Naver
2026-02-27,375270,13815,14670,13215,14240,Naver
2026-02-27,375760,17790,22200,16895,21910,Naver
2026-02-27,375770,18205,22650,17300,22330,Naver
2026-02-27,376410,18000,22340,17045,22060,Naver
2026-02-27,377990,20205,26175,19000,25900,Naver
2026-02-27,379780,21633,22002,21250,21389,Naver
2026-02-27,379790,16210,16845,15850,16675,Naver
2026-02-27,379800,22725,23090,22300,22445,Naver
2026-02-27,379810,24460,24890,23590,23830,Naver
2026-02-27,380340,17565,21040,16310,20845,Naver
2026-02-27,381170,30140,30655,28400,28640,Naver
2026-02-27,381180,30165,31620,28670,30690,Naver
2026-02-27,381560,12105,15500,11570,15370,Naver
2026-02-27,381570,9655,11980,9200,11820,Naver
2026-02-27,385510,33635,42340,32100,42210,Naver
2026-02-27,385520,14460,17245,13405,16890,Naver
2026-02-27,385540,105680,108600,105025,106800,Naver
2026-02-27,385550,112325,112610,112300,112600,Naver
2026-02-27,385560,64786,67316,62897,67071,Naver
2026-02-27,385590,16855,20810,15640,20100,Naver
2026-02-27,385600,9760,12310,9310,12165,Naver
2026-02-27,385720,19270,23645,17820,23190,Naver
2026-02-27,387270,21505,22025,20455,21830,Naver
2026-02-27,387280,12215,14260,10880,14000,Naver
2026-02-27,388280,8210,9085,7965,8905,Naver
2026-02-27,388420,19465,23375,18030,22975,Naver
2026-02-27,390390,39260,41480,37270,40295,Naver
2026-02-27,390400,7265,7500,6960,7215,Naver
2026-02-27,391600,11460,12190,11325,11530,Naver
2026-02-27,391670,20150,24565,18835,24260,Naver
2026-02-27,394670,11430,12155,10500,11975,Naver
2026-02-27,395150,3070,3225,2905,3035,Naver
2026-02-27,395160,24285,30065,22470,29560,Naver
2026-02-27,395170,13840,16735,13030,16515,Naver
2026-02-27,395270,28440,37585,26450,36815,Naver
2026-02-27,395280,4160,4250,3880,4110,Naver
2026-02-27,395290,9245,9630,8550,9150,Naver
2026-02-27,395750,15380,18675,14640,18455,Naver
2026-02-27,396500,28610,36570,26385,36090,Naver
2026-02-27,396510,8380,9090,8275,8970,Naver
2026-02-27,396520,11165,11510,10685,11290,Naver
2026-02-27,397420,50775,51335,50580,51315,Naver
2026-02-27,399110,20215,20215,19280,19540,Naver
2026-02-27,399580,9905,10555,9900,10160,Naver
2026-02-27,400580,11650,11880,10005,10085,Naver
2026-02-27,400590,14675,14675,12065,12180,Naver
2026-02-27,400970,8230,8970,7760,8650,Naver
2026-02-27,401170,7980,9055,7520,8825,Naver
2026-02-27,401470,8865,9585,8220,9475,Naver
2026-02-27,401590,11595,11675,9715,9785,Naver
2026-02-27,402460,9445,11205,8940,10910,Naver
2026-02-27,402970,13800,14832,13780,14415,Naver
2026-02-27,403790,42590,52880,40905,52240,Naver
2026-02-27,404120,21645,27480,20935,27070,Naver
2026-02-27,404260,19925,25250,18945,25005,Naver
2026-02-27,404540,19990,25410,19000,25215,Naver
2026-02-27,404650,19750,25185,18845,24925,Naver
2026-02-27,407300,11100,12400,10770,12240,Naver
2026-02-27,407310,14960,17935,13990,17715,Naver
2026-02-27,407820,8700,9530,8410,9410,Naver
2026-02-27,407830,15835,16010,14425,14770,Naver
2026-02-27,409810,6400,6720,6270,6530,Naver
2026-02-27,409820,15735,16285,14125,15045,Naver
2026-02-27,410870,12725,12910,11660,12560,Naver
2026-02-27,411060,30965,35025,30850,33530,Naver
2026-02-27,411540,15100,18235,14195,18015,Naver
2026-02-27,411860,17785,18550,17785,18210,Naver
2026-02-27,412560,2660,3060,2295,2950,Naver
2026-02-27,412570,1613,2167,1493,2130,Naver
2026-02-27,412770,12695,12695,11130,11230,Naver
2026-02-27,413220,5815,6735,5815,6445,Naver
2026-02-27,413930,19970,25040,19080,24645,Naver
2026-02-27,414270,14120,14120,12410,13460,Naver
2026-02-27,414780,12850,12990,12200,12800,Naver
2026-02-27,415340,13075,13200,12390,13040,Naver
2026-02-27,415760,12185,12325,11560,12185,Naver
2026-02-27,415920,8370,9895,8100,9805,Naver
2026-02-27,416090,11875,12145,11050,11900,Naver
2026-02-27,417450,12450,13840,12365,13745,Naver
2026-02-27,417630,16525,19545,15695,19255,Naver
2026-02-27,418660,34520,35700,32000,32690,Naver
2026-02-27,419420,9400,9890,8870,9235,Naver
2026-02-27,419430,11165,11695,10725,11540,Naver
2026-02-27,419650,4700,5050,4515,5020,Naver
2026-02-27,419890,106375,106670,106260,106670,Naver
2026-02-27,421320,41900,46750,37600,43620,Naver
2026-02-27,422260,10915,11630,10505,10995,Naver
2026-02-27,422420,8730,9640,8180,9555,Naver
2026-02-27,423160,110200,110415,110195,110415,Naver
2026-02-27,423170,38850,43470,34230,43250,Naver
2026-02-27,423920,49255,54200,44565,51250,Naver
2026-02-27,424460,16155,17035,16095,16820,Naver
2026-02-27,426020,28500,29345,27765,29010,Naver
2026-02-27,426030,37185,38550,34000,37495,Naver
2026-02-27,426150,54255,55165,53700,55105,Naver
2026-02-27,427120,7845,8135,7350,7790,Naver
2026-02-27,428510,18840,21195,17260,20620,Naver
2026-02-27,428560,17195,17610,15165,16240,Naver
2026-02-27,429000,13420,14382,13395,13729,Naver
2026-02-27,429010,17425,17930,16880,17340,Naver
2026-02-27,429740,7020,7209,6965,7209,Naver
2026-02-27,429980,15795,16890,14900,16655,Naver
2026-02-27,430500,112225,113585,111600,113500,Naver
2026-02-27,432600,54945,55350,54825,55330,Naver
2026-02-27,432840,18698,18973,18319,18409,Naver
2026-02-27,433220,27525,30665,26610,29290,Naver
2026-02-27,433250,20830,24085,19470,23915,Naver
2026-02-27,433330,20753,21098,20380,20519,Naver
2026-02-27,433500,52515,72700,49620,69785,Naver
2026-02-27,433880,17690,18995,16810,17535,Naver
2026-02-27,433970,13605,13865,13565,13760,Naver
2026-02-27,433980,15225,15540,15210,15415,Naver
2026-02-27,434730,58265,74640,55350,72230,Naver
2026-02-27,434960,76015,96480,73350,94950,Naver
2026-02-27,435040,19380,19950,19060,19330,Naver
2026-02-27,435420,13785,13785,13350,13460,Naver
2026-02-27,435530,14860,15190,14835,15135,Naver
2026-02-27,435540,16590,16870,16375,16780,Naver
2026-02-27,435550,17005,17310,16780,17230,Naver
2026-02-27,436140,109130,110260,108425,110140,Naver
2026-02-27,437080,100158,101351,99890,101257,Naver
2026-02-27,437350,12745,13000,12535,12715,Naver
2026-02-27,437370,10755,11560,10625,11215,Naver
2026-02-27,438080,13740,14100,13585,13715,Naver
2026-02-27,438100,14625,14805,14180,14430,Naver
2026-02-27,438320,8800,8805,6960,7135,Naver
2026-02-27,438560,100055,100795,99835,100715,Naver
2026-02-27,438570,100970,103115,100040,102935,Naver
2026-02-27,438740,35615,38975,33925,38780,Naver
2026-02-27,438900,11795,13110,11520,12445,Naver
2026-02-27,439860,113640,114260,113240,114230,Naver
2026-02-27,439870,94100,106580,94100,106245,Naver
2026-02-27,440340,12072,12459,11932,12216,Naver
2026-02-27,440640,110690,111055,110675,110945,Naver
2026-02-27,440910,27005,27880,25415,27210,Naver
2026-02-27,441540,32100,34620,29680,33730,Naver
2026-02-27,441640,12462,13088,12393,12582,Naver
2026-02-27,441680,10785,10948,10505,10634,Naver
2026-02-27,441800,23953,30506,23067,29976,Naver
2026-02-27,442320,42700,45745,37255,45215,Naver
2026-02-27,442550,14135,14370,13970,14355,Naver
2026-02-27,442570,16100,16420,15000,16325,Naver
2026-02-27,442580,57500,67500,52300,65975,Naver
2026-02-27,444490,18995,19290,18620,18750,Naver
2026-02-27,445150,33315,37365,31490,36380,Naver
2026-02-27,445290,35690,38970,32145,38485,Naver
2026-02-27,445690,26090,31540,25530,31270,Naver
2026-02-27,445910,19940,22895,19160,22550,Naver
2026-02-27,446690,38175,45050,35690,44960,Naver
2026-02-27,446700,13445,14500,12445,14205,Naver
2026-02-27,446720,12473,13424,12463,13056,Naver
2026-02-27,446770,56290,63140,52015,61450,Naver
2026-02-27,447430,15470,17920,15150,17390,Naver
2026-02-27,447620,14965,15225,14520,14595,Naver
2026-02-27,447660,12960,13490,12800,13245,Naver
2026-02-27,447770,14755,14905,14140,14630,Naver
2026-02-27,448100,79406,98399,74198,96970,Naver
2026-02-27,448290,16200,16395,15760,16100,Naver
2026-02-27,448300,20020,20390,19000,19610,Naver
2026-02-27,448330,14378,16107,14168,16002,Naver
2026-02-27,448490,54560,55585,53995,55575,Naver
2026-02-27,448540,25180,25430,24000,25055,Naver
2026-02-27,448570,24450,29535,23165,29175,Naver
2026-02-27,448630,13090,14395,12770,14280,Naver
2026-02-27,449170,110100,110315,110100,110315,Naver
2026-02-27,449180,15615,15805,15190,15530,Naver
2026-02-27,449450,68250,72765,60200,70770,Naver
2026-02-27,449580,16330,16690,15950,16060,Naver
2026-02-27,449680,12780,14500,12375,14445,Naver
2026-02-27,449770,19960,20285,19590,19705,Naver
2026-02-27,449780,17045,17270,16595,16955,Naver
2026-02-27,450180,12800,14855,12640,14755,Naver
2026-02-27,450190,35850,39995,32775,39625,Naver
2026-02-27,451000,110720,111570,109880,111570,Naver
2026-02-27,451060,24615,30985,23300,30460,Naver
2026-02-27,451150,19095,19345,18335,18995,Naver
2026-02-27,451540,54390,55010,53995,54945,Naver
2026-02-27,451600,99300,101775,97440,101775,Naver
2026-02-27,451670,17930,19000,17200,18880,Naver
2026-02-27,452250,5240,5685,5200,5675,Naver
2026-02-27,452360,11687,12548,11593,12339,Naver
2026-02-27,453060,109745,109960,109715,109960,Naver
2026-02-27,453080,20035,20395,19045,19640,Naver
2026-02-27,453330,16433,16617,15979,16334,Naver
2026-02-27,453630,12660,13720,12660,13425,Naver
2026-02-27,453640,13390,14025,13390,13610,Naver
2026-02-27,453660,18695,19160,17830,17985,Naver
2026-02-27,453810,13355,14260,13265,13560,Naver
2026-02-27,453820,15145,17195,14990,15635,Naver
2026-02-27,453850,7539,7829,7490,7819,Naver
2026-02-27,453870,13105,14015,12920,13260,Naver
2026-02-27,453950,26170,29300,24695,28460,Naver
2026-02-27,454180,9200,9575,8860,9035,Naver
2026-02-27,454320,37645,46825,35360,45690,Naver
2026-02-27,454780,102735,103740,101840,103630,Naver
2026-02-27,455030,12380,12608,12146,12321,Naver
2026-02-27,455660,9673,9747,9654,9673,Naver
2026-02-27,455850,22835,27410,20945,27015,Naver
2026-02-27,455860,6290,7230,5955,7160,Naver
2026-02-27,455890,54470,54600,54470,54600,Naver
2026-02-27,455960,12390,12635,12190,12330,Naver
2026-02-27,456200,61590,62450,60535,61160,Naver
2026-02-27,456250,10170,11010,10035,10480,Naver
2026-02-27,456600,41040,42795,37550,41885,Naver
2026-02-27,456610,61575,62670,60450,61275,Naver
2026-02-27,456680,9325,10060,8905,9380,Naver
2026-02-27,456880,12480,12700,12245,12415,Naver
2026-02-27,457480,21390,21710,19390,21395,Naver
2026-02-27,457690,10645,10820,10570,10805,Naver
2026-02-27,457700,10595,10870,10385,10825,Naver
2026-02-27,457930,25370,30120,23935,29875,Naver
2026-02-27,458030,54150,54275,54150,54265,Naver
2026-02-27,458210,108800,109055,108800,109055,Naver
2026-02-27,458250,37380,39740,36985,39650,Naver
2026-02-27,458260,48152,48817,47988,48777,Naver
2026-02-27,458730,13638,14654,13598,14251,Naver
2026-02-27,458750,11964,12916,11926,12536,Naver
2026-02-27,458760,10322,11124,10288,10873,Naver
2026-02-27,459580,1068738,1071009,1068733,1071009,Naver
2026-02-27,459750,17115,17585,17030,17420,Naver
2026-02-27,459790,19300,19810,18195,18610,Naver
2026-02-27,460270,12905,13120,12655,12790,Naver
2026-02-27,460660,11581,12900,11551,12119,Naver
2026-02-27,460960,11569,11817,11446,11521,Naver
2026-02-27,461270,11085,11115,11085,11115,Naver
2026-02-27,461340,29405,31165,27690,30370,Naver
2026-02-27,461450,19200,19760,17135,19635,Naver
2026-02-27,461460,52860,53950,52335,53890,Naver
2026-02-27,461490,14980,15175,14770,15015,Naver
2026-02-27,461500,107700,108865,107090,108775,Naver
2026-02-27,461580,19350,20080,17385,19990,Naver
2026-02-27,461600,8680,9025,8620,9005,Naver
2026-02-27,461900,21625,22550,20370,20610,Naver
2026-02-27,461910,34305,37060,31050,32750,Naver
2026-02-27,461950,6720,7645,6300,7560,Naver
2026-02-27,462010,7045,7950,6600,7850,Naver
2026-02-27,462330,1887,2475,1704,2450,Naver
2026-02-27,462340,16850,17245,16030,16165,Naver
2026-02-27,462900,23450,24800,21340,24600,Naver
2026-02-27,463050,18925,21495,17850,21175,Naver
2026-02-27,463250,41500,44780,36735,43490,Naver
2026-02-27,463290,107485,107715,107470,107715,Naver
2026-02-27,463300,13745,13960,13350,13690,Naver
2026-02-27,463640,14350,16080,14255,15660,Naver
2026-02-27,463680,18020,18610,16875,17465,Naver
2026-02-27,463690,19920,20090,18860,19100,Naver
2026-02-27,464240,52001,52170,52001,52135,Naver
2026-02-27,464310,15250,16060,14520,15965,Naver
2026-02-27,464920,21590,25750,20125,23350,Naver
2026-02-27,464930,19570,19950,18270,18690,Naver
2026-02-27,465330,12790,14535,12120,14385,Naver
2026-02-27,465350,18950,19890,16450,16625,Naver
2026-02-27,465580,22580,23020,21160,21365,Naver
2026-02-27,465610,37835,40005,34030,34495,Naver
2026-02-27,465620,7305,7710,7075,7605,Naver
2026-02-27,465660,20485,23190,19210,22555,Naver
2026-02-27,465670,14644,15242,14250,14550,Naver
2026-02-27,465780,104755,104995,104735,104995,Naver
2026-02-27,466810,7165,8080,6710,8055,Naver
2026-02-27,466920,37000,39450,33790,38335,Naver
2026-02-27,466930,19730,26890,18735,26300,Naver
2026-02-27,466940,22834,30018,22268,27238,Naver
2026-02-27,468370,11490,11700,11330,11505,Naver
2026-02-27,468380,11575,11768,11382,11526,Naver
2026-02-27,468630,11754,12013,11656,11825,Naver
2026-02-27,469050,21095,22440,19760,21705,Naver
2026-02-27,469060,23955,25200,22915,24530,Naver
2026-02-27,469070,17950,18645,16205,17650,Naver
2026-02-27,469150,37530,51290,34465,50190,Naver
2026-02-27,469160,20915,22985,19120,22040,Naver
2026-02-27,469170,6945,8100,6765,7860,Naver
2026-02-27,469530,8980,9150,8805,9030,Naver
2026-02-27,469790,25255,32170,23480,31615,Naver
2026-02-27,469830,53355,53495,53350,53490,Naver
2026-02-27,470310,13370,14970,12465,14875,Naver
2026-02-27,471040,24100,24970,22285,24540,Naver
2026-02-27,471460,54269,56039,53079,55790,Naver
2026-02-27,471760,16595,20255,15315,19910,Naver
2026-02-27,471780,21750,26970,20340,26595,Naver
2026-02-27,471990,20035,26470,18595,26160,Naver
2026-02-27,472150,15674,18802,14689,18620,Naver
2026-02-27,472160,17700,18030,16685,16960,Naver
2026-02-27,472170,13730,14060,13300,13475,Naver
2026-02-27,472720,21440,26250,20400,25965,Naver
2026-02-27,472830,8878,9168,8813,9135,Naver
2026-02-27,472840,75580,95220,72510,93780,Naver
2026-02-27,472870,7964,8233,7870,8144,Naver
2026-02-27,472920,100865,101895,100290,101895,Naver
2026-02-27,473290,10735,10765,10717,10765,Naver
2026-02-27,473330,8948,9229,8879,9215,Naver
2026-02-27,473440,10645,10695,10630,10680,Naver
2026-02-27,473460,23000,23300,19715,21725,Naver
2026-02-27,473590,20970,21345,18165,19005,Naver
2026-02-27,473640,34340,42770,32195,42535,Naver
2026-02-27,474220,15112,15398,14365,14483,Naver
2026-02-27,474390,47980,49445,47040,49280,Naver
2026-02-27,474590,25285,31740,23575,30905,Naver
2026-02-27,474920,17500,18000,16525,16605,Naver
2026-02-27,475050,12100,12755,11240,12285,Naver
2026-02-27,475070,29820,31680,28150,30845,Naver
2026-02-27,475080,8602,8690,8349,8485,Naver
2026-02-27,475260,10580,10610,10575,10605,Naver
2026-02-27,475280,10555,10575,10550,10570,Naver
2026-02-27,475300,16410,18920,14935,18605,Naver
2026-02-27,475310,24155,30580,22460,30100,Naver
2026-02-27,475350,13975,14780,13860,14175,Naver
2026-02-27,475380,10442,11313,10442,11194,Naver
2026-02-27,475630,1057935,1060200,1057935,1060200,Naver
2026-02-27,475720,11795,13541,11311,13404,Naver
2026-02-27,476000,12765,13185,11535,12960,Naver
2026-02-27,476030,15465,15730,14900,15050,Naver
2026-02-27,476070,11700,12530,10370,10640,Naver
2026-02-27,476260,11650,13155,10405,12960,Naver
2026-02-27,476310,10255,10685,9325,9405,Naver
2026-02-27,476450,51840,51980,51835,51980,Naver
2026-02-27,476550,7371,7631,7336,7626,Naver
2026-02-27,476750,8530,8853,8425,8719,Naver
2026-02-27,476760,9826,10149,9731,10130,Naver
2026-02-27,476800,4800,4884,4765,4874,Naver
2026-02-27,476850,16640,19993,15730,19684,Naver
2026-02-27,477050,52525,52660,52515,52655,Naver
2026-02-27,477080,105735,105975,105735,105970,Naver
2026-02-27,477490,18555,18975,17620,17835,Naver
2026-02-27,477730,8425,9057,8370,8645,Naver
2026-02-27,478150,22490,23225,21240,22435,Naver
2026-02-27,479080,52765,52895,52765,52895,Naver
2026-02-27,479520,104790,105000,104790,104995,Naver
2026-02-27,479620,16310,16690,14300,15380,Naver
2026-02-27,479730,10340,11295,10340,10815,Naver
2026-02-27,479850,16125,16655,14785,16095,Naver
2026-02-27,480020,12173,12448,11079,11530,Naver
2026-02-27,480030,10297,10456,10048,10166,Naver
2026-02-27,480040,13637,14174,12650,13696,Naver
2026-02-27,480260,53205,53395,53140,53375,Naver
2026-02-27,480310,13725,13990,12930,13450,Naver
2026-02-27,480460,10102,10413,10037,10385,Naver
2026-02-27,481050,1017013,1019174,1017013,1019174,Naver
2026-02-27,481060,7941,8220,7937,8210,Naver
2026-02-27,481180,12880,13070,11060,11820,Naver
2026-02-27,481190,16315,16625,15420,15550,Naver
2026-02-27,481340,9670,10059,9547,10054,Naver
2026-02-27,481430,100980,102935,100050,102765,Naver
2026-02-27,482030,11965,13090,11220,12935,Naver
2026-02-27,483020,13540,14935,12815,14835,Naver
2026-02-27,483030,11200,12075,11200,11370,Naver
2026-02-27,483240,12465,12800,11995,12070,Naver
2026-02-27,483290,9801,10570,9751,10330,Naver
2026-02-27,483320,16260,18480,15205,17795,Naver
2026-02-27,483330,12305,12565,10580,11605,Naver
2026-02-27,483340,16990,17685,15740,17445,Naver
2026-02-27,483570,15520,15540,14300,14520,Naver
2026-02-27,484880,18911,24980,18404,22730,Naver
2026-02-27,484890,51745,51850,51735,51850,Naver
2026-02-27,485540,14720,14970,13360,13840,Naver
2026-02-27,485690,17410,17760,15000,16710,Naver
2026-02-27,485810,10775,11125,10200,10530,Naver
2026-02-27,486240,19360,23675,17700,23335,Naver
2026-02-27,486290,10214,10385,9809,9966,Naver
2026-02-27,486450,20270,21470,18835,21270,Naver
2026-02-27,486830,52330,52460,52330,52460,Naver
2026-02-27,487130,20310,23790,19050,23500,Naver
2026-02-27,487230,17640,20470,17020,20155,Naver
2026-02-27,487240,27670,35895,25285,34820,Naver
2026-02-27,487340,103795,104080,103785,104055,Naver
2026-02-27,487910,8515,9560,8515,9350,Naver
2026-02-27,487920,8365,9105,8200,8715,Naver
2026-02-27,487950,10489,10662,10093,10573,Naver
2026-02-27,488080,35300,54885,29120,53305,Naver
2026-02-27,488200,12780,15780,12180,15695,Naver
2026-02-27,488210,17820,21100,16110,20600,Naver
2026-02-27,488480,13050,14590,12805,13910,Naver
2026-02-27,488500,12050,12530,12000,12390,Naver
2026-02-27,488720,49860,50435,49595,50375,Naver
2026-02-27,488770,103445,103695,103445,103695,Naver
2026-02-27,488980,51255,51405,51245,51390,Naver
2026-02-27,489000,9885,10037,9630,9760,Naver
2026-02-27,489010,16755,18145,16190,17350,Naver
2026-02-27,489030,8689,10507,8451,9410,Naver
2026-02-27,489290,15635,15675,14475,14615,Naver
2026-02-27,489860,14435,15870,13570,15530,Naver
2026-02-27,490090,14890,15200,14135,14370,Naver
2026-02-27,490330,12155,12590,11235,12105,Naver
2026-02-27,490480,34715,36695,30510,35710,Naver
2026-02-27,490490,10847,11468,10847,11215,Naver
2026-02-27,490590,12597,12766,11089,12096,Naver
2026-02-27,490600,8697,9209,8683,8958,Naver
2026-02-27,491010,20995,24065,20410,23690,Naver
2026-02-27,491090,16280,16560,15690,15820,Naver
2026-02-27,491220,89315,112980,85420,111270,Naver
2026-02-27,491230,51615,51745,51605,51745,Naver
2026-02-27,491510,16335,19290,15765,18835,Naver
2026-02-27,491610,103190,103410,103175,103400,Naver
2026-02-27,491620,10439,10590,9983,10105,Naver
2026-02-27,491630,9800,10615,9285,9690,Naver
2026-02-27,491700,76415,96450,72855,94960,Naver
2026-02-27,491820,33490,43210,30615,41950,Naver
2026-02-27,491830,14405,14740,13200,14125,Naver
2026-02-27,492500,51055,51190,50930,51170,Naver
2026-02-27,493420,11211,12387,11211,12030,Naver
2026-02-27,493810,11392,11613,10918,11021,Naver
2026-02-27,494180,13500,14165,13370,14025,Naver
2026-02-27,494210,10744,10862,10490,10574,Naver
2026-02-27,494220,29075,35355,26605,34345,Naver
2026-02-27,494300,9580,9750,9237,9391,Naver
2026-02-27,494310,55665,84995,47550,82010,Naver
2026-02-27,494330,18995,23900,18250,23400,Naver
2026-02-27,494340,12495,13745,11900,12760,Naver
2026-02-27,494410,13195,13490,12650,12735,Naver
2026-02-27,494420,9251,9575,9249,9312,Naver
2026-02-27,494670,29450,31750,26935,30845,Naver
2026-02-27,494840,14720,15655,14420,14795,Naver
2026-02-27,494890,21895,27690,20835,27250,Naver
2026-02-27,495040,22344,27905,21186,27465,Naver
2026-02-27,495050,22529,28140,21327,27700,Naver
2026-02-27,495060,20735,26355,19685,25840,Naver
2026-02-27,495230,22666,28467,21555,28013,Naver
2026-02-27,495550,22960,28680,21695,28150,Naver
2026-02-27,495710,51285,51385,51275,51385,Naver
2026-02-27,495750,22570,28085,21250,27585,Naver
2026-02-27,495850,22424,28046,21254,27602,Naver
2026-02-27,495940,13995,15715,13535,15060,Naver
2026-02-27,496020,51445,51570,51440,51570,Naver
2026-02-27,496090,22485,28095,21270,27615,Naver
2026-02-27,496120,22900,28475,21625,28005,Naver
2026-02-27,496770,20655,21885,19095,20320,Naver
2026-02-27,497510,12470,13700,12470,12935,Naver
2026-02-27,497520,12950,13415,12130,12510,Naver
2026-02-27,497570,16605,17540,14985,16975,Naver
2026-02-27,497780,10115,11034,10036,11034,Naver
2026-02-27,497880,49765,49890,49760,49885,Naver
2026-02-27,498050,16550,17665,15430,17500,Naver
2026-02-27,498180,95965,96950,95610,96950,Naver
2026-02-27,498270,12910,13070,11200,12380,Naver
2026-02-27,498400,15723,19506,14981,19234,Naver
2026-02-27,498410,12030,15502,11723,13577,Naver
2026-02-27,498610,9435,10070,8340,8600,Naver
2026-02-27,499150,10284,10978,10284,10474,Naver
2026-02-27,499660,995659,997820,995659,997820,Naver
2026-03-01,0000H0,10695,10925,9780,9940,Yahoo
2026-03-01,0021D0,11665,11665,10650,10740,Yahoo
2026-03-01,0023B0,14380,14585,12355,12615,Yahoo
2026-03-01,0048J0,14600,15355,14545,15315,Yahoo
2026-03-01,0083S0,10265,10300,9010,9220,Yahoo
2026-03-01,0092B0,18875,22675,14315,18590,Yahoo
2026-03-01,0093B0,10985,11260,10400,10720,Yahoo
2026-03-01,0094M0,17665,17815,14520,14550,Yahoo
2026-03-01,0105E0,14355,14450,12160,12470,Yahoo
2026-03-01,0127M0,11225,11515,10530,10855,Yahoo
2026-03-01,0127V0,9955,10300,9590,9860,Yahoo
2026-03-01,0153P0,10505,10665,9945,10470,Yahoo
2026-03-01,0154F0,14625,14730,12250,13055,Yahoo
2026-03-01,0155M0,9055,9245,7950,8125,Yahoo
2026-03-01,0163Y0,13900,14800,11160,11190,Yahoo
2026-03-01,0168K0,10665,11465,9805,9840,Yahoo
2026-03-01,0173Y0,9240,9420,9065,9300,Yahoo
2026-03-01,091170,15990,16195,13270,14335,Yahoo
2026-03-01,099140,23200,24490,22585,23380,Yahoo
2026-03-01,104530,21000,21165,17850,18750,Yahoo
2026-03-01,105780,14650,14650,11430,11430,Yahoo
2026-03-01,114460,102235,102450,100435,100800,Yahoo
2026-03-01,122260,103055,103090,102955,102985,Yahoo
2026-03-01,136340,105850,105865,104125,104230,Yahoo
2026-03-01,138910,9435,9435,8200,8595,Yahoo
2026-03-01,139220,7765,8460,6130,7315,Yahoo
2026-03-01,139280,14330,14410,12230,12955,Yahoo
2026-03-01,139320,23095,23340,18160,19520,Yahoo
2026-03-01,147970,72785,74600,59255,61835,Yahoo
2026-03-01,153270,70915,75455,54145,57275,Yahoo
2026-03-01,174360,24400,25320,22910,24395,Yahoo
2026-03-01,182480,13555,14470,12305,12455,Yahoo
2026-03-01,195920,33520,33520,29425,29885,Yahoo
2026-03-01,196030,83000,83252,64100,67090,Yahoo
2026-03-01,217770,2175,2200,1341,1417,Yahoo
2026-03-01,219480,29935,29995,27155,27790,Yahoo
2026-03-01,245340,34755,35355,32970,33900,Yahoo
2026-03-01,251600,16385,16480,15020,15245,Yahoo
2026-03-01,252000,21225,21225,17670,18795,Yahoo
2026-03-01,261140,26075,26100,21020,21450,Yahoo
2026-03-01,280920,24165,24165,19500,19520,Yahoo
2026-03-01,287180,41450,43800,39435,40645,Yahoo
2026-03-01,292770,56635,57335,56635,57255,Yahoo
2026-03-01,293180,92460,93065,75340,75535,Yahoo
2026-03-01,316670,10355,10835,8520,9060,Yahoo
2026-03-01,325020,28475,28475,23505,23670,Yahoo
2026-03-01,328370,34430,34530,28255,28385,Yahoo
2026-03-01,329750,13575,14335,13360,14310,Yahoo
2026-03-01,360150,5930,6745,5755,6330,Yahoo
2026-03-01,365780,86060,87005,83230,83670,Yahoo
2026-03-01,367770,27405,27715,21780,22530,Yahoo
2026-03-01,371150,7920,8350,7455,7570,Yahoo
2026-03-01,372330,7985,8540,7650,7760,Yahoo
2026-03-01,385710,13620,13900,10965,11585,Yahoo
2026-03-01,394660,15645,15815,14435,14655,Yahoo
2026-03-01,395760,19185,19320,15900,16335,Yahoo
2026-03-01,400570,9695,10165,8815,9895,Yahoo
2026-03-01,411420,22225,23810,19870,21195,Yahoo
2026-03-01,418670,11140,12155,10900,11305,Yahoo
2026-03-01,429760,18510,18870,17640,18080,Yahoo
2026-03-01,434060,16555,16640,15885,16195,Yahoo
2026-03-01,437070,64655,66840,64290,66645,Yahoo
2026-03-01,438330,115825,115860,114220,114480,Yahoo
2026-03-01,440650,12090,12730,12045,12690,Yahoo
2026-03-01,442090,26205,26630,22280,22815,Yahoo
2026-03-01,442260,32180,32280,23755,26150,Yahoo
2026-03-01,442560,15535,15625,14815,14965,Yahoo
2026-03-01,444200,46900,47800,38390,39125,Yahoo
2026-03-01,449190,18970,19185,17325,17580,Yahoo
2026-03-01,449690,38960,39245,32520,32520,Yahoo
2026-03-01,450910,20400,21330,16745,17805,Yahoo
2026-03-01,451530,48685,48805,43940,44775,Yahoo
2026-03-01,453010,108480,108690,108477,108685,Yahoo
2026-03-01,453650,18290,18575,17600,18315,Yahoo
2026-03-01,457990,32990,39680,25035,32600,Yahoo
2026-03-01,459560,20100,20700,18635,19310,Yahoo
2026-03-01,464470,55140,55905,53940,55680,Yahoo
2026-03-01,464600,18800,18872,14635,15530,Yahoo
2026-03-01,464610,11095,11260,9270,9360,Yahoo
2026-03-01,466950,24980,26350,22000,22800,Yahoo
2026-03-01,471230,108570,108660,104935,105580,Yahoo
2026-03-01,473490,22430,23040,20985,21510,Yahoo
2026-03-01,474800,15045,18415,13810,17610,Yahoo
2026-03-01,475270,10580,10610,10580,10610,Yahoo
2026-03-01,476690,10230,10470,9685,9960,Yahoo
2026-03-01,482730,11690,11810,11105,11365,Yahoo
2026-03-01,483280,11730,12140,10905,11180,Yahoo
2026-03-01,483420,17865,18015,15815,16410,Yahoo
2026-03-01,484790,9050,9055,8600,8710,Yahoo
2026-03-01,487750,23020,25000,18445,19945,Yahoo
2026-03-01,488290,35655,37515,32230,33400,Yahoo
2026-03-01,489250,12640,12930,12375,12880,Yahoo
2026-03-01,495330,27255,27430,22100,22155,Yahoo
2026-03-01,496080,27225,27425,22230,22230,Yahoo
2026-03-01,496130,23295,23490,19065,19200,Yahoo
2026-03-01,498860,20930,21095,17830,18590,Yahoo
2026-03-31,0000D0,9725,9923,9565,9830,Naver
2026-03-31,0000J0,40350,43997,33985,34285,Naver
2026-03-31,0000Y0,100530,100660,100520,100625,Naver
2026-03-31,0000Z0,17750,19305,14810,16400,Naver
2026-03-31,0001P0,14345,14910,11985,12900,Naver
2026-03-31,0002C0,9445,9500,8510,8645,Naver
2026-03-31,0004G0,9724,9769,9145,9335,Naver
2026-03-31,0005A0,9362,9663,9280,9530,Naver
2026-03-31,0005C0,10880,11270,10200,10470,Naver
2026-03-31,0005D0,19795,20415,15385,18105,Naver
2026-03-31,0005G0,31390,32670,25945,26650,Naver
2026-03-31,0007F0,10130,10130,10040,10060,Naver
2026-03-31,0007G0,16890,17695,15390,15705,Naver
2026-03-31,0007N0,93765,97230,76172,76360,Naver
2026-03-31,0008E0,13880,14465,12415,12630,Naver
2026-03-31,0008S0,10012,10296,9846,10266,Naver
2026-03-31,0008T0,14200,14780,12010,14300,Naver
2026-03-31,0013P0,11385,11524,10616,11380,Naver
2026-03-31,0013R0,9043,9691,9043,9410,Naver
2026-03-31,0015B0,16100,17315,14430,14880,Naver
2026-03-31,0015E0,10394,10968,10110,10245,Naver
2026-03-31,0015F0,10968,10968,10105,10280,Naver
2026-03-31,0015K0,7645,7805,6890,7135,Naver
2026-03-31,0016X0,50920,50930,50715,50755,Naver
2026-03-31,0017Y0,97485,97490,95425,95825,Naver
2026-03-31,0018C0,13666,13968,11914,12387,Naver
2026-03-31,0018Z0,15260,15420,13890,14075,Naver
2026-03-31,0019K0,11970,12245,11315,11615,Naver
2026-03-31,0020H0,19100,19350,15870,16140,Naver
2026-03-31,0021C0,13690,13700,12220,12420,Naver
2026-03-31,0021E0,11900,12865,11555,11710,Naver
2026-03-31,0022T0,17132,17291,14127,15390,Naver
2026-03-31,0023A0,23615,23750,19700,20185,Naver
2026-03-31,0025N0,11455,11620,11160,11380,Naver
2026-03-31,0026E0,11057,11540,11027,11470,Naver
2026-03-31,0026S0,12174,12284,11590,11890,Naver
2026-03-31,0028X0,11005,11480,10460,10835,Naver
2026-03-31,0035T0,22590,22800,17685,17940,Naver
2026-03-31,0036D0,10743,11365,10540,11116,Naver
2026-03-31,0036R0,16920,16955,15500,15850,Naver
2026-03-31,0036Z0,13385,15400,12780,14420,Naver
2026-03-31,0038A0,16080,16140,14630,14930,Naver
2026-03-31,0040S0,18550,19735,16840,17570,Naver
2026-03-31,0040X0,9876,10969,9876,10360,Naver
2026-03-31,0040Y0,8633,9192,8633,8850,Naver
2026-03-31,0041D0,11820,12715,11305,11470,Naver
2026-03-31,0041E0,13795,14610,13000,13725,Naver
2026-03-31,0043B0,101795,102040,101795,102040,Naver
2026-03-31,0043Y0,15840,17480,14430,15770,Naver
2026-03-31,0046A0,10066,10625,10051,10580,Naver
2026-03-31,0046Y0,12229,12699,11561,12100,Naver
2026-03-31,0047A0,11285,12090,10740,11640,Naver
2026-03-31,0047N0,10250,11735,9750,10990,Naver
2026-03-31,0047P0,13449,13764,12700,12975,Naver
2026-03-31,0047R0,13144,13609,12555,12745,Naver
2026-03-31,0048K0,10910,11085,9445,9930,Naver
2026-03-31,0049K0,10960,11414,10750,10940,Naver
2026-03-31,0049M0,10962,11583,10962,11305,Naver
2026-03-31,0050E0,7740,8750,7220,7575,Naver
2026-03-31,0051A0,18100,19295,16600,17620,Naver
2026-03-31,0051G0,17000,17375,15070,15405,Naver
2026-03-31,0052D0,17121,17250,14563,15167,Naver
2026-03-31,0052S0,11530,11720,11460,11690,Naver
2026-03-31,0052T0,50240,50240,49990,50020,Naver
2026-03-31,0053L0,12855,13235,11540,11765,Naver
2026-03-31,0053M0,14120,14575,12155,12755,Naver
2026-03-31,0057H0,11570,11770,11515,11740,Naver
2026-03-31,0060H0,12195,12400,11625,11880,Naver
2026-03-31,0061Z0,50280,50380,50275,50375,Naver
2026-03-31,0064K0,16355,16535,13525,14680,Naver
2026-03-31,0065G0,9940,10630,9535,9855,Naver
2026-03-31,0066W0,16485,16685,13655,14820,Naver
2026-03-31,0067V0,9885,11690,9885,10880,Naver
2026-03-31,0067Y0,12870,13965,11795,12205,Naver
2026-03-31,0068M0,11545,11945,11380,11690,Naver
2026-03-31,0069M0,12075,12294,11500,11735,Naver
2026-03-31,0072R0,16755,16940,13900,15030,Naver
2026-03-31,0073X0,10798,11120,10372,10770,Naver
2026-03-31,0074K0,17145,17450,14165,14560,Naver
2026-03-31,0078V0,10860,10960,9800,10015,Naver
2026-03-31,0079X0,11855,13600,11005,12365,Naver
2026-03-31,0080G0,14925,17100,12380,12405,Naver
2026-03-31,0080X0,11040,11288,10975,11175,Naver
2026-03-31,0080Y0,21185,23545,12890,13400,Naver
2026-03-31,0082F0,11980,11980,10590,10840,Naver
2026-03-31,0082V0,11055,11210,10655,10930,Naver
2026-03-31,0084D0,10425,10870,10410,10870,Naver
2026-03-31,0084E0,9940,10370,9940,10370,Naver
2026-03-31,0085N0,10199,10199,9925,9995,Naver
2026-03-31,0085P0,10815,11170,10725,11130,Naver
2026-03-31,0086B0,10775,10936,10166,10811,Naver
2026-03-31,0086C0,10369,10475,10076,10375,Naver
2026-03-31,0087F0,11290,11500,10200,10630,Naver
2026-03-31,0088N0,13455,13930,10750,12520,Naver
2026-03-31,0089B0,10840,11019,10735,10935,Naver
2026-03-31,0089C0,10777,11090,10675,11060,Naver
2026-03-31,0089D0,13694,13789,11718,12260,Naver
2026-03-31,0090B0,12000,12660,9875,9990,Naver
2026-03-31,0091C0,10063,10063,9780,9864,Naver
2026-03-31,0091M0,10060,10065,10030,10040,Naver
2026-03-31,0091P0,19890,24075,15000,19740,Naver
2026-03-31,0092C0,49810,49815,49605,49630,Naver
2026-03-31,0093A0,30490,33555,26675,27555,Naver
2026-03-31,0093D0,14045,15270,12890,13210,Naver
2026-03-31,0094K0,99540,99555,98360,98480,Naver
2026-03-31,0094L0,8760,9861,8285,9190,Naver
2026-03-31,0094X0,9575,10385,9085,9400,Naver
2026-03-31,0097L0,13730,13730,11617,11710,Naver
2026-03-31,0098F0,19530,22385,14810,18430,Naver
2026-03-31,0098N0,13707,13900,11858,12109,Naver
2026-03-31,0098Z0,78480,79300,64315,64315,Naver
2026-03-31,0099L0,99450,99450,98345,98465,Naver
2026-03-31,0100K0,17120,23880,11130,11260,Naver
2026-03-31,0101N0,17385,17790,13580,15380,Naver
2026-03-31,0102A0,8050,8650,7200,7415,Naver
2026-03-31,0102X0,11250,11470,10030,10350,Naver
2026-03-31,0103T0,11045,11080,8590,8625,Naver
2026-03-31,0104G0,17800,22000,11265,11640,Naver
2026-03-31,0104H0,10985,11620,10570,10820,Naver
2026-03-31,0104N0,18181,18309,14854,14874,Naver
2026-03-31,0104P0,12814,12814,10744,11200,Naver
2026-03-31,0105D0,11825,11935,9175,9235,Naver
2026-03-31,0107F0,10696,11170,10641,11135,Naver
2026-03-31,0111J0,18438,19257,15009,16240,Naver
2026-03-31,0111P0,10425,10620,10360,10545,Naver
2026-03-31,0112X0,34300,34610,28025,28130,Naver
2026-03-31,0113D0,11500,11675,10580,11170,Naver
2026-03-31,0113G0,9880,10560,9705,10000,Naver
2026-03-31,0113P0,100925,101135,100915,101130,Naver
2026-03-31,0114X0,7980,8400,7485,7785,Naver
2026-03-31,0115C0,11563,11908,11399,11858,Naver
2026-03-31,0115D0,10665,11120,8470,8630,Naver
2026-03-31,0115E0,14160,14190,11665,12295,Naver
2026-03-31,0117L0,10015,10040,10015,10040,Naver
2026-03-31,0117V0,18090,18875,14400,15825,Naver
2026-03-31,0118S0,9890,10620,8835,9040,Naver
2026-03-31,0118Z0,8200,8680,7400,7595,Naver
2026-03-31,0119H0,9945,9945,9810,9835,Naver
2026-03-31,0120J0,11435,11595,9190,9270,Naver
2026-03-31,0122W0,50310,50400,50305,50375,Naver
2026-03-31,0123G0,7605,7700,6715,6850,Naver
2026-03-31,0123S0,10065,10085,10035,10075,Naver
2026-03-31,0127P0,9550,10200,9060,9215,Naver
2026-03-31,0127R0,11260,12580,10200,10500,Naver
2026-03-31,0127T0,10439,10769,10195,10450,Naver
2026-03-31,0128D0,8239,8835,7760,8035,Naver
2026-03-31,0131A0,10490,11410,9920,10100,Naver
2026-03-31,0131V0,12750,13135,11025,11315,Naver
2026-03-31,0131W0,100770,100920,100760,100915,Naver
2026-03-31,0132D0,10725,10725,9510,9720,Naver
2026-03-31,0132H0,11295,11590,9705,9960,Naver
2026-03-31,0132K0,9060,9305,8830,8938,Naver
2026-03-31,0133E0,9220,9360,8385,8480,Naver
2026-03-31,0135Y0,100260,100410,99445,99620,Naver
2026-03-31,0137V0,9895,9935,9180,9405,Naver
2026-03-31,0137W0,10125,10150,9545,9795,Naver
2026-03-31,0138D0,15390,15600,12500,12670,Naver
2026-03-31,0138T0,9142,9557,9049,9313,Naver
2026-03-31,0138Y0,11100,11190,10065,10495,Naver
2026-03-31,0139F0,100700,100855,100680,100815,Naver
2026-03-31,0139P0,14721,15050,12353,12875,Naver
2026-03-31,0141S0,11420,11870,9660,10280,Naver
2026-03-31,0141T0,50245,50245,49720,49825,Naver
2026-03-31,0142D0,8670,9895,7800,8060,Naver
2026-03-31,0144L0,9174,9451,8870,9090,Naver
2026-03-31,0144M0,9550,9600,7575,7790,Naver
2026-03-31,0148J0,14180,15050,10250,10315,Naver
2026-03-31,0150K0,13830,14100,10840,12205,Naver
2026-03-31,0151P0,14170,14435,11865,12320,Naver
2026-03-31,0151S0,10550,11170,9985,10280,Naver
2026-03-31,0152E0,12536,12790,10903,11255,Naver
2026-03-31,0153K0,12136,12484,10624,10956,Naver
2026-03-31,0153X0,10966,11630,10891,11570,Naver
2026-03-31,0154H0,9140,9585,8475,9405,Naver
2026-03-31,0155N0,10715,11240,7815,7850,Naver
2026-03-31,0162L0,10180,10425,9165,9340,Naver
2026-03-31,0162M0,10020,10020,9915,9945,Naver
2026-03-31,0162Y0,13320,14395,10260,10330,Naver
2026-03-31,0162Z0,10560,10585,9370,9420,Naver
2026-03-31,0164G0,10100,10260,9395,9485,Naver
2026-03-31,0166N0,10565,10750,9660,9680,Naver
2026-03-31,0166S0,9575,9880,8390,8420,Naver
2026-03-31,0166T0,9965,10165,9900,10000,Naver
2026-03-31,0167A0,10455,11105,8830,8875,Naver
2026-03-31,0167B0,10265,10635,9000,9020,Naver
2026-03-31,0167Z0,10160,10755,9140,9350,Naver
2026-03-31,0172V0,10030,10670,9970,10435,Naver
2026-03-31,0172Y0,9270,9380,9050,9195,Naver
2026-03-31,0174J0,9850,9850,9740,9785,Naver
2026-03-31,0174R0,10005,10170,9945,10135,Naver
2026-03-31,0177A0,8965,9145,8705,8770,Naver
2026-03-31,069500,92035,92790,75110,75430,Naver
2026-03-31,069660,91935,92605,75020,75215,Naver
2026-03-31,091160,103000,106875,84900,86900,Naver
2026-03-31,091180,37935,38115,28800,29005,Naver
2026-03-31,091220,16685,16900,14360,15020,Naver
2026-03-31,091230,108025,111900,89950,91005,Naver
2026-03-31,100910,14500,15500,11000,11705,Naver
2026-03-31,101280,30350,31100,25945,28360,Naver
2026-03-31,102110,92200,92760,75115,75375,Naver
2026-03-31,102780,20045,20285,16500,16880,Naver
2026-03-31,102960,17690,18050,14100,14940,Naver
2026-03-31,102970,28125,28445,22845,24700,Naver
2026-03-31,104520,15760,15885,13115,13455,Naver
2026-03-31,105010,6940,7025,6300,7020,Naver
2026-03-31,105190,92710,93300,75000,75720,Naver
2026-03-31,108450,33130,33695,27500,28335,Naver
2026-03-31,108590,91915,95565,75090,75275,Naver
2026-03-31,114100,107838,107848,106415,106705,Naver
2026-03-31,114260,61955,61955,61100,61255,Naver
2026-03-31,114470,109133,109133,107730,108035,Naver
2026-03-31,114800,1575,1876,1554,1834,Naver
2026-03-31,114820,105385,105405,103990,104240,Naver
2026-03-31,117460,18500,18500,14255,14370,Naver
2026-03-31,117680,17690,17725,13840,13885,Naver
2026-03-31,117690,21210,22640,20500,21390,Naver
2026-03-31,117700,6815,7770,5435,6705,Naver
2026-03-31,122090,66790,67510,53890,53940,Naver
2026-03-31,122630,106400,108120,66180,66510,Naver
2026-03-31,123310,1760,2100,1743,2070,Naver
2026-03-31,123320,105290,107000,65940,66210,Naver
2026-03-31,130680,4740,7120,4680,6900,Naver
2026-03-31,130730,101705,101870,101695,101840,Naver
2026-03-31,131890,35140,35225,29700,30615,Naver
2026-03-31,132030,30505,30735,24200,25930,Naver
2026-03-31,133690,161185,164320,153650,156955,Naver
2026-03-31,137610,5210,6000,5185,5430,Naver
2026-03-31,138230,16845,17775,16800,17730,Naver
2026-03-31,138520,27635,27915,22680,23290,Naver
2026-03-31,138530,10765,10780,8665,9225,Naver
2026-03-31,138540,71700,72440,53600,53645,Naver
2026-03-31,138920,11910,12625,11740,11855,Naver
2026-03-31,139230,17235,17615,13675,14105,Naver
2026-03-31,139240,16890,16975,12945,13060,Naver
2026-03-31,139250,19550,21500,15450,15545,Naver
2026-03-31,139260,90500,91725,72730,73010,Naver
2026-03-31,139270,17040,17270,14285,15270,Naver
2026-03-31,139290,32770,32770,24510,24635,Naver
2026-03-31,139660,7970,8800,7535,7550,Naver
2026-03-31,140570,25085,25380,20415,21005,Naver
2026-03-31,140580,26000,26195,21710,22175,Naver
2026-03-31,140700,16150,16765,14255,14980,Naver
2026-03-31,140710,7740,7745,6355,6475,Naver
2026-03-31,140950,71595,74605,58300,58460,Naver
2026-03-31,143850,70370,70610,64575,65330,Naver
2026-03-31,143860,54670,55965,45900,48105,Naver
2026-03-31,144600,15020,15170,10320,11900,Naver
2026-03-31,145670,1965,2375,1950,2300,Naver
2026-03-31,145850,99000,99995,81595,81705,Naver
2026-03-31,148020,92755,93525,75720,75900,Naver
2026-03-31,148070,109060,109410,105515,106070,Naver
2026-03-31,150460,7950,8005,6965,7375,Naver
2026-03-31,152100,93800,94305,76270,76510,Naver
2026-03-31,152380,67730,67770,65505,65880,Naver
2026-03-31,152500,43260,43700,26945,27100,Naver
2026-03-31,152870,95280,95280,76050,76065,Naver
2026-03-31,153130,112975,113140,112940,113085,Naver
2026-03-31,156080,43295,43570,35065,35105,Naver
2026-03-31,157450,111205,111500,111185,111335,Naver
2026-03-31,157490,10290,10290,8480,8635,Naver
2026-03-31,157500,19360,19565,15765,16900,Naver
2026-03-31,159800,72395,73130,58780,59035,Naver
2026-03-31,160580,15645,15885,14090,15395,Naver
2026-03-31,161510,28197,28481,23981,24650,Naver
2026-03-31,166400,19728,20560,16252,18105,Naver
2026-03-31,167860,101235,101235,95000,96490,Naver
2026-03-31,168580,35740,36830,34560,35700,Naver
2026-03-31,169950,25575,27290,25145,26805,Naver
2026-03-31,174350,21740,21820,18800,20060,Naver
2026-03-31,176950,56835,58900,56835,58560,Naver
2026-03-31,181480,84762,84802,77120,78280,Naver
2026-03-31,182490,13690,13795,13540,13590,Naver
2026-03-31,183700,86860,89655,80410,81140,Naver
2026-03-31,183710,82940,82940,69710,69710,Naver
2026-03-31,185680,39160,40310,38070,39210,Naver
2026-03-31,189400,24065,24165,21870,22095,Naver
2026-03-31,190620,100750,100880,100740,100880,Naver
2026-03-31,192090,12865,13450,12615,13035,Naver
2026-03-31,192720,60800,61260,50170,54275,Naver
2026-03-31,195930,21985,21985,19725,20025,Naver
2026-03-31,195970,15860,16125,14050,14395,Naver
2026-03-31,195980,13890,14055,12265,12265,Naver
2026-03-31,196230,115580,115735,115560,115720,Naver
2026-03-31,200030,44810,45150,40975,41735,Naver
2026-03-31,200250,24785,24835,22025,22560,Naver
2026-03-31,203780,31365,31840,30090,31030,Naver
2026-03-31,204450,2605,2720,2300,2340,Naver
2026-03-31,204480,28485,30390,26800,28350,Naver
2026-03-31,205720,1573,1862,1573,1765,Naver
2026-03-31,210780,26800,26890,22880,23980,Naver
2026-03-31,211560,38955,38955,32400,34220,Naver
2026-03-31,211900,30598,31092,25897,27110,Naver
2026-03-31,213610,18565,18700,15385,15815,Naver
2026-03-31,213630,20145,20145,18775,19615,Naver
2026-03-31,214980,114360,114480,114335,114405,Naver
2026-03-31,215620,19040,19040,16885,17740,Naver
2026-03-31,217780,5405,5545,5135,5330,Naver
2026-03-31,218420,19650,22845,18730,22240,Naver
2026-03-31,219390,7100,9150,6480,8400,Naver
2026-03-31,219900,4795,5090,4450,4795,Naver
2026-03-31,220130,7260,7300,6185,6430,Naver
2026-03-31,223190,26820,26850,21800,22065,Naver
2026-03-31,225030,2500,2720,2490,2690,Naver
2026-03-31,225040,56085,56085,46585,47765,Naver
2026-03-31,225050,15145,15145,12005,12640,Naver
2026-03-31,225060,14815,14815,11315,11365,Naver
2026-03-31,225130,76520,79800,49065,56045,Naver
2026-03-31,225800,16650,18450,16565,18330,Naver
2026-03-31,226380,7075,7075,6195,6440,Naver
2026-03-31,226490,63205,63725,52095,52260,Naver
2026-03-31,226980,25405,25735,21100,23130,Naver
2026-03-31,227540,24550,24690,20575,21110,Naver
2026-03-31,227550,14495,15100,12270,13085,Naver
2026-03-31,227560,13995,14090,12055,13115,Naver
2026-03-31,227570,20675,21195,17590,19835,Naver
2026-03-31,227830,63900,64090,52320,52475,Naver
2026-03-31,228790,3635,3650,3070,3490,Naver
2026-03-31,228800,3530,3565,3025,3085,Naver
2026-03-31,228810,5730,5730,4705,4720,Naver
2026-03-31,228820,16735,16975,13840,13900,Naver
2026-03-31,229200,20740,21725,17055,18155,Naver
2026-03-31,229720,33280,33785,27635,27635,Naver
2026-03-31,230480,4240,4245,3810,3825,Naver
2026-03-31,232080,21135,22130,17420,18585,Naver
2026-03-31,233160,22015,24165,14500,15625,Naver
2026-03-31,233740,19770,21750,13050,14120,Naver
2026-03-31,234310,28460,28715,23700,24240,Naver
2026-03-31,236350,37595,38015,30460,31410,Naver
2026-03-31,237350,72820,73720,59245,59330,Naver
2026-03-31,237370,16163,16178,15307,15475,Naver
2026-03-31,237440,9810,10750,9810,10230,Naver
2026-03-31,238670,13310,13445,12560,12815,Naver
2026-03-31,238720,40280,42295,36410,36750,Naver
2026-03-31,239660,120700,120700,120295,120380,Naver
2026-03-31,241180,32640,32640,28305,29430,Naver
2026-03-31,241390,16230,16230,14680,14915,Naver
2026-03-31,243880,234270,239470,137155,138510,Naver
2026-03-31,243890,13040,13105,7500,7650,Naver
2026-03-31,244580,13910,14330,11475,12115,Naver
2026-03-31,244620,20665,21075,17260,17715,Naver
2026-03-31,244660,10385,10385,9145,9875,Naver
2026-03-31,244670,12785,12815,11055,11700,Naver
2026-03-31,245350,19025,19515,17520,18565,Naver
2026-03-31,245360,13360,13960,12815,13385,Naver
2026-03-31,245710,31750,31750,27790,29545,Naver
2026-03-31,248270,25570,26845,24805,25455,Naver
2026-03-31,250730,10300,10460,9630,9795,Naver
2026-03-31,250780,2105,2505,1948,2225,Naver
2026-03-31,251340,2080,2505,1936,2215,Naver
2026-03-31,251350,37360,37870,35700,36760,Naver
2026-03-31,251590,18665,18835,16610,17645,Naver
2026-03-31,252400,97365,98425,60655,61015,Naver
2026-03-31,252410,2010,2390,1742,2360,Naver
2026-03-31,252420,251,345,234,325,Naver
2026-03-31,252650,20155,20210,16700,17850,Naver
2026-03-31,252670,249,348,233,321,Naver
2026-03-31,252710,263,369,246,340,Naver
2026-03-31,253150,204180,204180,121600,122350,Naver
2026-03-31,253160,514,684,478,662,Naver
2026-03-31,253230,254,357,220,317,Naver
2026-03-31,253240,2055,2570,1700,2345,Naver
2026-03-31,253250,96120,97060,59755,60150,Naver
2026-03-31,253280,19450,19900,16300,17440,Naver
2026-03-31,253290,13465,13515,12525,12780,Naver
2026-03-31,256440,8130,8130,7105,7285,Naver
2026-03-31,256450,14935,15760,13375,15110,Naver
2026-03-31,256750,15355,16495,14655,15600,Naver
2026-03-31,261060,24605,26755,20900,22890,Naver
2026-03-31,261070,21405,22345,17850,19295,Naver
2026-03-31,261110,17675,19545,17520,19390,Naver
2026-03-31,261120,4810,4855,4340,4360,Naver
2026-03-31,261220,16615,25725,16030,24780,Naver
2026-03-31,261240,14695,15685,14695,15650,Naver
2026-03-31,261250,17640,19535,17520,19440,Naver
2026-03-31,261260,4870,4887,4380,4395,Naver
2026-03-31,261270,7670,7685,7275,7295,Naver
2026-03-31,261920,14575,15185,13005,13390,Naver
2026-03-31,266160,32175,32195,26500,26620,Naver
2026-03-31,266360,13810,13875,11540,11900,Naver
2026-03-31,266370,47585,48590,39040,39790,Naver
2026-03-31,266390,12590,12600,10000,10350,Naver
2026-03-31,266410,9445,9550,8300,9325,Naver
2026-03-31,266420,24915,25390,20750,21790,Naver
2026-03-31,266550,18755,19230,16095,17980,Naver
2026-03-31,267440,8595,8615,8180,8315,Naver
2026-03-31,267450,10420,10965,10420,10805,Naver
2026-03-31,267490,5850,5850,5260,5440,Naver
2026-03-31,267770,81260,81950,50365,50620,Naver
2026-03-31,269370,19145,19640,18630,19380,Naver
2026-03-31,269420,24170,25940,23775,25070,Naver
2026-03-31,269530,22445,23045,21810,22690,Naver
2026-03-31,269540,27260,27435,25190,25500,Naver
2026-03-31,270800,16760,17130,14380,15225,Naver
2026-03-31,270810,20625,21545,16950,18020,Naver
2026-03-31,271050,3440,3445,2095,2200,Naver
2026-03-31,271060,8110,8920,8040,8335,Naver
2026-03-31,272560,113585,113690,113475,113560,Naver
2026-03-31,272570,109300,109315,107170,107720,Naver
2026-03-31,272580,56330,56430,56325,56410,Naver
2026-03-31,272910,106955,106955,105320,105565,Naver
2026-03-31,273130,113995,114035,111405,112000,Naver
2026-03-31,273140,114305,114525,114295,114505,Naver
2026-03-31,275280,35445,35670,28615,28615,Naver
2026-03-31,275290,26890,29150,22205,22690,Naver
2026-03-31,275300,24000,24315,19585,19620,Naver
2026-03-31,275750,2095,2480,1888,2260,Naver
2026-03-31,275980,22080,22080,19305,19775,Naver
2026-03-31,276000,21340,21600,19435,20705,Naver
2026-03-31,276650,38240,38245,33740,34165,Naver
2026-03-31,276970,8042,8171,7435,7735,Naver
2026-03-31,276990,26045,26295,23020,23500,Naver
2026-03-31,277540,28385,28405,23200,25660,Naver
2026-03-31,277630,63735,68965,52675,52900,Naver
2026-03-31,277640,32995,33095,26810,26925,Naver
2026-03-31,277650,23850,23905,19755,21520,Naver
2026-03-31,278240,22330,24540,14630,15890,Naver
2026-03-31,278530,33185,33385,27020,27090,Naver
2026-03-31,278540,31795,32285,25960,26060,Naver
2026-03-31,278620,117830,117850,117570,117655,Naver
2026-03-31,279530,18710,18989,16140,16700,Naver
2026-03-31,279540,20870,20985,17925,18080,Naver
2026-03-31,280320,18440,19035,17000,17165,Naver
2026-03-31,280930,15260,15470,13720,13990,Naver
2026-03-31,280940,2770,3425,2750,3270,Naver
2026-03-31,281990,19825,19825,16830,17990,Naver
2026-03-31,282000,112555,114145,112545,113925,Naver
2026-03-31,283580,16030,16450,15365,15930,Naver
2026-03-31,284430,20198,20493,17314,19145,Naver
2026-03-31,284980,22705,22985,19560,20495,Naver
2026-03-31,285690,20890,20890,17640,18160,Naver
2026-03-31,289040,26960,27015,22030,22030,Naver
2026-03-31,289250,27420,27420,22085,22200,Naver
2026-03-31,289260,22585,22640,18440,18640,Naver
2026-03-31,289480,9634,10617,8790,9830,Naver
2026-03-31,289670,54285,54285,52490,52945,Naver
2026-03-31,290080,7903,8435,7104,8315,Naver
2026-03-31,290130,36695,37625,29760,29800,Naver
2026-03-31,291130,19855,20295,18130,18930,Naver
2026-03-31,291620,3660,4397,3355,3975,Naver
2026-03-31,291630,9850,10870,6515,7145,Naver
2026-03-31,291680,7780,8485,7500,8070,Naver
2026-03-31,291890,11760,11760,10025,10035,Naver
2026-03-31,292050,43200,43530,35380,35490,Naver
2026-03-31,292150,33595,33870,26655,26675,Naver
2026-03-31,292160,42180,43070,33895,34760,Naver
2026-03-31,292190,42240,42385,34500,34675,Naver
2026-03-31,292500,42660,43140,35080,35080,Naver
2026-03-31,292560,8535,8900,8535,8865,Naver
2026-03-31,294400,120045,121025,97980,98265,Naver
2026-03-31,295000,53595,53605,51845,52155,Naver
2026-03-31,295020,56990,59010,56990,58760,Naver
2026-03-31,295040,34465,34630,28045,28125,Naver
2026-03-31,298340,56415,56430,55700,55900,Naver
2026-03-31,298770,59385,59555,50305,51180,Naver
2026-03-31,300610,6865,7045,6000,6615,Naver
2026-03-31,300640,8080,8245,7040,7675,Naver
2026-03-31,300950,6590,6875,5720,6610,Naver
2026-03-31,301400,20890,21930,17270,18385,Naver
2026-03-31,301410,3165,3805,2895,3285,Naver
2026-03-31,302190,51220,51240,50105,50250,Naver
2026-03-31,302450,64015,64315,52590,52885,Naver
2026-03-31,304660,7815,7835,7455,7565,Naver
2026-03-31,304670,11420,11950,11395,11790,Naver
2026-03-31,304760,41290,41510,33885,33975,Naver
2026-03-31,304770,20710,21675,17050,18165,Naver
2026-03-31,304780,118675,119800,70110,74285,Naver
2026-03-31,304940,27775,28070,25105,25650,Naver
2026-03-31,305050,63920,68000,52880,53000,Naver
2026-03-31,305080,13420,13885,13335,13855,Naver
2026-03-31,305540,23330,23570,17795,20150,Naver
2026-03-31,305720,19085,19205,14885,16505,Naver
2026-03-31,306520,3655,4420,3250,4230,Naver
2026-03-31,306530,19935,21850,12815,14275,Naver
2026-03-31,306950,78350,80175,50020,51680,Naver
2026-03-31,307510,19600,20105,16565,17915,Naver
2026-03-31,307520,22565,22735,18170,18835,Naver
2026-03-31,308620,12595,12985,12475,12945,Naver
2026-03-31,309230,31095,32570,28575,29630,Naver
2026-03-31,310080,10185,10255,9350,9485,Naver
2026-03-31,310960,55225,55225,35375,43895,Naver
2026-03-31,310970,40425,40625,32645,32670,Naver
2026-03-31,314250,49390,51495,44625,45340,Naver
2026-03-31,314700,12410,12415,10675,11415,Naver
2026-03-31,315270,24440,24440,20440,21395,Naver
2026-03-31,315930,67655,67865,53820,53920,Naver
2026-03-31,315960,64000,64195,50755,50910,Naver
2026-03-31,316300,14722,14722,13821,14090,Naver
2026-03-31,319640,32115,32355,25535,27365,Naver
2026-03-31,321410,10760,10760,10180,10300,Naver
2026-03-31,322400,13385,13555,11040,11105,Naver
2026-03-31,322410,24396,24396,20669,21720,Naver
2026-03-31,325010,36060,36340,29490,29755,Naver
2026-03-31,326230,12860,13015,10990,11645,Naver
2026-03-31,326240,36325,36830,29700,30555,Naver
2026-03-31,329200,4570,4619,4306,4555,Naver
2026-03-31,329650,14230,14385,14090,14225,Naver
2026-03-31,329660,17630,17739,17156,17400,Naver
2026-03-31,329670,21549,21878,20851,21175,Naver
2026-03-31,332500,61865,62105,50255,50425,Naver
2026-03-31,332610,133235,139860,132836,139410,Naver
2026-03-31,332620,98435,101644,97623,100770,Naver
2026-03-31,332930,119880,120940,98020,98280,Naver
2026-03-31,332940,40335,40335,31000,32660,Naver
2026-03-31,334690,8520,8575,6160,6615,Naver
2026-03-31,334700,2615,3485,2610,3235,Naver
2026-03-31,336160,101622,101622,100430,100640,Naver
2026-03-31,337120,30705,30820,25305,25305,Naver
2026-03-31,337140,31620,32060,25935,26085,Naver
2026-03-31,337150,27210,27255,22255,22680,Naver
2026-03-31,337160,37885,38660,30000,30710,Naver
2026-03-31,341850,5034,5034,4681,4945,Naver
2026-03-31,352540,12598,12687,11710,11745,Naver
2026-03-31,352560,12272,12362,11200,11385,Naver
2026-03-31,354240,11795,11970,11535,11905,Naver
2026-03-31,354350,22105,22105,18585,19885,Naver
2026-03-31,354500,20845,21880,17225,18320,Naver
2026-03-31,356540,104795,104835,102480,102870,Naver
2026-03-31,357870,57165,57285,57160,57285,Naver
2026-03-31,359210,31815,31900,26085,26090,Naver
2026-03-31,360140,13885,14370,12015,12705,Naver
2026-03-31,360200,25145,25390,23965,24575,Naver
2026-03-31,360750,24825,25115,23715,24345,Naver
2026-03-31,361580,52255,55825,42470,42580,Naver
2026-03-31,363510,110835,111010,110815,111010,Naver
2026-03-31,363570,94605,96175,90402,91210,Naver
2026-03-31,363580,35885,36335,28830,28990,Naver
2026-03-31,364690,33775,34255,27820,27950,Naver
2026-03-31,364960,7855,7865,6640,6980,Naver
2026-03-31,364970,9200,9305,7730,7935,Naver
2026-03-31,364980,11620,11840,9285,10225,Naver
2026-03-31,364990,5525,5770,4860,5605,Naver
2026-03-31,365000,5375,5400,4585,4620,Naver
2026-03-31,365040,30905,31335,25515,25820,Naver
2026-03-31,367380,27740,28250,26420,26990,Naver
2026-03-31,367740,31295,31640,25860,27875,Naver
2026-03-31,367760,34735,36450,28610,30200,Naver
2026-03-31,368190,9650,9650,7845,8170,Naver
2026-03-31,368590,26844,27343,25560,26110,Naver
2026-03-31,368680,9710,9740,7810,8315,Naver
2026-03-31,371160,8025,8565,7675,7805,Naver
2026-03-31,371450,9720,10820,9000,10455,Naver
2026-03-31,371460,12255,13970,12000,13700,Naver
2026-03-31,371470,8245,8850,7840,8750,Naver
2026-03-31,371870,7830,8300,7320,7580,Naver
2026-03-31,373490,26190,26825,21520,22420,Naver
2026-03-31,373790,16904,17778,16345,17110,Naver
2026-03-31,375270,14415,14785,13695,13905,Naver
2026-03-31,375760,21530,21600,17570,17665,Naver
2026-03-31,375770,21875,21985,17925,17925,Naver
2026-03-31,376410,21605,21720,17685,17685,Naver
2026-03-31,377990,25225,28785,19800,23990,Naver
2026-03-31,379780,21673,21868,20645,21165,Naver
2026-03-31,379790,16140,16640,14720,15020,Naver
2026-03-31,379800,22725,22955,21675,22215,Naver
2026-03-31,379810,24085,24620,23020,23515,Naver
2026-03-31,380340,20275,20275,16235,16570,Naver
2026-03-31,381170,28655,29605,27045,27730,Naver
2026-03-31,381180,30710,31470,28220,28880,Naver
2026-03-31,381560,14925,15180,11690,12640,Naver
2026-03-31,381570,11790,12340,9360,10895,Naver
2026-03-31,385510,41580,46205,32330,41090,Naver
2026-03-31,385520,16385,16735,13050,13475,Naver
2026-03-31,385540,106550,107275,104260,104640,Naver
2026-03-31,385550,112610,112730,112570,112665,Naver
2026-03-31,385560,66223,66713,60390,61515,Naver
2026-03-31,385590,20100,20100,16000,16000,Naver
2026-03-31,385600,11980,12015,9350,9780,Naver
2026-03-31,385720,22735,22990,18225,18245,Naver
2026-03-31,387270,21850,22400,20455,20855,Naver
2026-03-31,387280,13940,13940,10592,10675,Naver
2026-03-31,388280,8675,8755,7495,7645,Naver
2026-03-31,388420,22300,23300,18405,19450,Naver
2026-03-31,390390,40255,41050,37330,38145,Naver
2026-03-31,390400,7375,7375,6620,6730,Naver
2026-03-31,391600,11530,12170,10955,11785,Naver
2026-03-31,391670,24050,24050,18460,18460,Naver
2026-03-31,394670,11745,12165,10780,11975,Naver
2026-03-31,395150,2980,2980,2460,2475,Naver
2026-03-31,395160,28790,29795,23695,23795,Naver
2026-03-31,395170,16425,16475,13270,13270,Naver
2026-03-31,395270,35765,36805,29665,30010,Naver
2026-03-31,395280,4100,4220,3570,4115,Naver
2026-03-31,395290,8990,9055,7285,7350,Naver
2026-03-31,395750,18155,18200,15095,15145,Naver
2026-03-31,396500,34850,36095,28350,28450,Naver
2026-03-31,396510,8875,10080,8875,9065,Naver
2026-03-31,396520,11290,11290,9860,9975,Naver
2026-03-31,397420,51235,51325,50355,50490,Naver
2026-03-31,399110,19540,19965,18735,19095,Naver
2026-03-31,399580,9995,10815,9705,10290,Naver
2026-03-31,400580,10035,10400,9035,10125,Naver
2026-03-31,400590,12160,12545,11180,12460,Naver
2026-03-31,400970,8550,8610,7220,7695,Naver
2026-03-31,401170,8630,8700,7185,7675,Naver
2026-03-31,401470,9330,9425,8025,8300,Naver
2026-03-31,401590,9780,10080,8940,9960,Naver
2026-03-31,402460,10640,10695,8980,9530,Naver
2026-03-31,402970,14907,15213,14530,15168,Naver
2026-03-31,403790,50495,51525,42440,42950,Naver
2026-03-31,404120,26780,26880,21000,21555,Naver
2026-03-31,404260,24560,24560,19245,19550,Naver
2026-03-31,404540,24665,24745,19530,19600,Naver
2026-03-31,404650,24270,24405,19300,19390,Naver
2026-03-31,407300,12150,12280,10050,10490,Naver
2026-03-31,407310,17600,17625,14270,14335,Naver
2026-03-31,407820,9140,9410,7985,8120,Naver
2026-03-31,407830,14700,15535,13525,13790,Naver
2026-03-31,409810,6535,7170,6445,7065,Naver
2026-03-31,409820,15020,15300,12405,12760,Naver
2026-03-31,410870,12425,12645,10780,11300,Naver
2026-03-31,411060,34740,35442,29120,31540,Naver
2026-03-31,411540,17735,17955,14470,14470,Naver
2026-03-31,411860,17990,17990,16210,16955,Naver
2026-03-31,412560,2940,2940,2015,2190,Naver
2026-03-31,412570,2010,2130,1285,1530,Naver
2026-03-31,412770,10715,12405,10715,11375,Naver
2026-03-31,413220,6220,6990,6167,6240,Naver
2026-03-31,413930,24280,24380,19750,19750,Naver
2026-03-31,414270,13440,13600,11750,11750,Naver
2026-03-31,414780,12795,13000,11135,11440,Naver
2026-03-31,415340,13005,13020,11355,11635,Naver
2026-03-31,415760,11930,12170,10590,10860,Naver
2026-03-31,415920,9990,10200,8110,8850,Naver
2026-03-31,416090,11830,11880,10460,10810,Naver
2026-03-31,417450,13745,15115,13065,13450,Naver
2026-03-31,417630,19120,19245,15600,16755,Naver
2026-03-31,418660,33555,34585,30010,31270,Naver
2026-03-31,419420,9280,9530,8610,8780,Naver
2026-03-31,419430,11540,12540,11070,12125,Naver
2026-03-31,419650,5020,5080,4505,4530,Naver
2026-03-31,419890,106640,106640,106300,106325,Naver
2026-03-31,421320,43620,49880,37875,40575,Naver
2026-03-31,422260,10845,10925,9295,9705,Naver
2026-03-31,422420,9360,9570,7280,8215,Naver
2026-03-31,423160,110420,110645,110420,110640,Naver
2026-03-31,423170,43160,43160,36610,37000,Naver
2026-03-31,423920,51400,53180,42545,44385,Naver
2026-03-31,424460,16810,17065,15610,15990,Naver
2026-03-31,426020,29425,29475,27000,28200,Naver
2026-03-31,426030,37700,40625,33985,35245,Naver
2026-03-31,426150,54915,54925,52955,53250,Naver
2026-03-31,427120,7720,7720,6335,6450,Naver
2026-03-31,428510,20810,21800,18980,19835,Naver
2026-03-31,428560,16240,16955,15690,16365,Naver
2026-03-31,429000,14014,14822,13075,13660,Naver
2026-03-31,429010,17380,17610,16235,16720,Naver
2026-03-31,429740,7209,7304,6676,7075,Naver
2026-03-31,429980,16825,16950,14800,15805,Naver
2026-03-31,430500,113385,114430,111845,112750,Naver
2026-03-31,432600,55305,55305,54600,54760,Naver
2026-03-31,432840,18659,18859,17790,18245,Naver
2026-03-31,433220,30330,30330,26875,27450,Naver
2026-03-31,433250,23735,23780,19750,19895,Naver
2026-03-31,433330,20774,20974,19800,20290,Naver
2026-03-31,433500,68970,74725,52645,62300,Naver
2026-03-31,433880,17540,18090,16950,17300,Naver
2026-03-31,433970,13645,13830,13245,13435,Naver
2026-03-31,433980,15475,16020,14790,15070,Naver
2026-03-31,434730,70470,73330,55210,61150,Naver
2026-03-31,434960,92935,93545,75000,75990,Naver
2026-03-31,435040,19400,20360,18375,18855,Naver
2026-03-31,435420,13455,13720,13095,13280,Naver
2026-03-31,435530,15135,15305,14635,14965,Naver
2026-03-31,435540,16850,16955,16150,16490,Naver
2026-03-31,435550,17265,17355,16510,16870,Naver
2026-03-31,436140,109790,109795,107510,107890,Naver
2026-03-31,437080,101072,101495,98630,99290,Naver
2026-03-31,437350,12895,13450,12845,13410,Naver
2026-03-31,437370,11360,11945,10745,11815,Naver
2026-03-31,438080,13760,14300,13760,14110,Naver
2026-03-31,438100,14370,15070,14370,14835,Naver
2026-03-31,438320,6990,7165,5550,5625,Naver
2026-03-31,438560,100595,100595,99315,99535,Naver
2026-03-31,438570,102585,102590,99255,99720,Naver
2026-03-31,438740,38745,38805,32790,33460,Naver
2026-03-31,438900,12395,12395,10875,11620,Naver
2026-03-31,439860,114055,114055,112765,112970,Naver
2026-03-31,439870,105270,106245,97910,99390,Naver
2026-03-31,440340,11708,13069,11708,12680,Naver
2026-03-31,440640,110955,111160,110945,111160,Naver
2026-03-31,440910,28290,28605,24890,25280,Naver
2026-03-31,441540,34870,35875,27990,28485,Naver
2026-03-31,441640,12597,12907,12393,12671,Naver
2026-03-31,441680,10881,11223,10248,11010,Naver
2026-03-31,441800,29338,29516,24327,24705,Naver
2026-03-31,442320,45400,46495,41200,42045,Naver
2026-03-31,442550,14280,14385,13690,13815,Naver
2026-03-31,442570,16370,16435,15470,15715,Naver
2026-03-31,442580,64425,67700,52925,53615,Naver
2026-03-31,444490,19005,19375,18020,18580,Naver
2026-03-31,445150,36955,38405,30745,31285,Naver
2026-03-31,445290,37615,38295,28470,28520,Naver
2026-03-31,445690,30125,30665,25515,25725,Naver
2026-03-31,445910,22435,22510,18910,19535,Naver
2026-03-31,446690,44760,46180,38135,39810,Naver
2026-03-31,446700,14090,14095,11090,12060,Naver
2026-03-31,446720,13470,13735,13071,13680,Naver
2026-03-31,446770,61015,61335,52810,54035,Naver
2026-03-31,447430,17190,17955,15580,17230,Naver
2026-03-31,447620,14635,14985,14130,14370,Naver
2026-03-31,447660,12900,13540,12625,13025,Naver
2026-03-31,447770,14570,14785,14050,14190,Naver
2026-03-31,448100,94497,95346,75985,77350,Naver
2026-03-31,448290,16060,16140,14775,14955,Naver
2026-03-31,448300,19590,19810,17890,18155,Naver
2026-03-31,448330,15843,15843,14667,14716,Naver
2026-03-31,448490,55420,55420,53540,53760,Naver
2026-03-31,448540,25070,25390,24580,24750,Naver
2026-03-31,448570,28835,29335,23365,23425,Naver
2026-03-31,448630,14205,14260,12860,13120,Naver
2026-03-31,449170,110320,110535,110315,110535,Naver
2026-03-31,449180,15510,15550,14230,14410,Naver
2026-03-31,449450,77230,88030,64845,65060,Naver
2026-03-31,449580,16060,16195,15500,15755,Naver
2026-03-31,449680,14445,14445,12195,12850,Naver
2026-03-31,449770,19970,20150,19025,19505,Naver
2026-03-31,449780,16900,17100,15570,15775,Naver
2026-03-31,450180,14755,14755,12575,13155,Naver
2026-03-31,450190,39540,39775,33000,33045,Naver
2026-03-31,451000,111225,111225,108820,109300,Naver
2026-03-31,451060,29870,30000,24215,24295,Naver
2026-03-31,451150,18995,18995,16830,17295,Naver
2026-03-31,451540,54800,54830,53565,53740,Naver
2026-03-31,451600,101225,101225,94240,95160,Naver
2026-03-31,451670,18575,19000,15945,16335,Naver
2026-03-31,452250,5600,5670,5025,5240,Naver
2026-03-31,452360,12449,12519,11875,12115,Naver
2026-03-31,453060,109950,110185,109950,110185,Naver
2026-03-31,453080,19640,19900,17975,18235,Naver
2026-03-31,453330,16319,16349,14970,15165,Naver
2026-03-31,453630,13610,13685,12750,13375,Naver
2026-03-31,453640,13920,13980,13020,13380,Naver
2026-03-31,453660,18050,18615,17100,17555,Naver
2026-03-31,453810,13395,13530,12090,12355,Naver
2026-03-31,453820,15635,15635,12400,12950,Naver
2026-03-31,453850,7794,7799,7445,7560,Naver
2026-03-31,453870,13205,13230,11900,12170,Naver
2026-03-31,453950,28350,28480,25585,26235,Naver
2026-03-31,454180,9070,9235,8590,8750,Naver
2026-03-31,454320,45260,46920,35555,41050,Naver
2026-03-31,454780,103400,103400,101070,101370,Naver
2026-03-31,455030,12510,13185,12471,13140,Naver
2026-03-31,455660,9644,9644,9425,9465,Naver
2026-03-31,455850,26575,28560,22685,22945,Naver
2026-03-31,455860,6925,7090,5200,5895,Naver
2026-03-31,455890,54600,54735,54600,54730,Naver
2026-03-31,455960,12525,13260,12525,13220,Naver
2026-03-31,456200,62215,65655,62150,65495,Naver
2026-03-31,456250,10475,10480,8820,9285,Naver
2026-03-31,456600,41885,44612,34800,38575,Naver
2026-03-31,456610,62225,65600,62020,65445,Naver
2026-03-31,456680,9370,11665,9010,11240,Naver
2026-03-31,456880,12615,13300,12575,13270,Naver
2026-03-31,457480,21195,21640,19705,20285,Naver
2026-03-31,457690,10775,10785,10505,10555,Naver
2026-03-31,457700,10760,10760,10080,10195,Naver
2026-03-31,457930,29745,29885,24145,24550,Naver
2026-03-31,458030,54270,54380,54270,54360,Naver
2026-03-31,458210,109035,109290,109025,109280,Naver
2026-03-31,458250,39395,39410,36670,37415,Naver
2026-03-31,458260,48593,48623,47130,47450,Naver
2026-03-31,458730,14645,14980,14330,14910,Naver
2026-03-31,458750,12857,13277,12655,13218,Naver
2026-03-31,458760,11141,11530,10987,11465,Naver
2026-03-31,459580,1071084,1073390,1071084,1073390,Naver
2026-03-31,459750,17430,17530,16500,16795,Naver
2026-03-31,459790,18575,19590,17315,17570,Naver
2026-03-31,460270,13025,13725,13000,13700,Naver
2026-03-31,460660,12308,12348,11380,12010,Naver
2026-03-31,460960,11521,11883,11441,11755,Naver
2026-03-31,461270,11110,11150,11110,11135,Naver
2026-03-31,461340,30380,33110,26900,28885,Naver
2026-03-31,461450,19315,20250,16040,17415,Naver
2026-03-31,461460,53700,53700,51905,52190,Naver
2026-03-31,461490,15155,15210,14475,14690,Naver
2026-03-31,461500,108405,108545,106440,106810,Naver
2026-03-31,461580,19700,20615,16150,17710,Naver
2026-03-31,461600,8980,8980,8515,8705,Naver
2026-03-31,461900,20670,22290,19620,20065,Naver
2026-03-31,461910,32565,35335,29265,30310,Naver
2026-03-31,461950,7360,7515,5615,6385,Naver
2026-03-31,462010,7635,7840,5845,6395,Naver
2026-03-31,462330,2325,2360,1365,1595,Naver
2026-03-31,462340,16295,16295,14890,15235,Naver
2026-03-31,462900,24080,25635,20105,22270,Naver
2026-03-31,463050,20860,21970,17225,18940,Naver
2026-03-31,463250,47590,60000,40810,40960,Naver
2026-03-31,463290,107715,107875,107710,107875,Naver
2026-03-31,463300,13875,14165,13110,13785,Naver
2026-03-31,463640,16030,16565,15340,16415,Naver
2026-03-31,463680,17465,18500,16500,16985,Naver
2026-03-31,463690,19310,20070,18440,19160,Naver
2026-03-31,464240,52140,52250,52110,52220,Naver
2026-03-31,464310,15960,15960,13700,13935,Naver
2026-03-31,464920,22885,24250,20155,21260,Naver
2026-03-31,464930,18690,19650,17730,18915,Naver
2026-03-31,465330,14150,14335,11115,12375,Naver
2026-03-31,465350,16965,20765,16525,17890,Naver
2026-03-31,465580,21450,22190,20180,20735,Naver
2026-03-31,465610,34440,37190,30905,32320,Naver
2026-03-31,465620,7605,8010,7280,7815,Naver
2026-03-31,465660,22550,22555,18800,19600,Naver
2026-03-31,465670,14730,15150,14280,15150,Naver
2026-03-31,465780,104990,105155,104990,105145,Naver
2026-03-31,466810,7840,7965,6100,6945,Naver
2026-03-31,466920,38755,40310,30930,31450,Naver
2026-03-31,466930,25345,25515,19385,19385,Naver
2026-03-31,466940,26804,27183,23082,24080,Naver
2026-03-31,468370,11690,12165,11590,12125,Naver
2026-03-31,468380,11685,12040,11636,12000,Naver
2026-03-31,468630,11970,12285,11880,12240,Naver
2026-03-31,469050,21570,21570,18640,18985,Naver
2026-03-31,469060,24530,25035,22060,22990,Naver
2026-03-31,469070,17180,17750,13195,13290,Naver
2026-03-31,469150,48660,49640,39860,40110,Naver
2026-03-31,469160,21630,22325,19390,19875,Naver
2026-03-31,469170,7830,7840,6120,6805,Naver
2026-03-31,469530,8900,8905,8465,8475,Naver
2026-03-31,469790,30710,30735,22500,24390,Naver
2026-03-31,469830,53495,53635,53485,53620,Naver
2026-03-31,470310,14660,15035,12300,12860,Naver
2026-03-31,471040,24580,25870,21535,21975,Naver
2026-03-31,471460,55411,55486,51455,52145,Naver
2026-03-31,471760,19615,21025,16620,16780,Naver
2026-03-31,471780,26015,26620,21750,22490,Naver
2026-03-31,471990,25650,27120,21100,22510,Naver
2026-03-31,472150,18165,18395,15246,15415,Naver
2026-03-31,472160,16870,17140,15165,15400,Naver
2026-03-31,472170,13450,13660,12590,13115,Naver
2026-03-31,472720,25360,25365,20885,21860,Naver
2026-03-31,472830,9249,9450,8698,9415,Naver
2026-03-31,472840,93775,93775,74600,74945,Naver
2026-03-31,472870,8179,8214,7905,8110,Naver
2026-03-31,472920,101635,101635,99560,99760,Naver
2026-03-31,473290,10755,10785,10730,10755,Naver
2026-03-31,473330,9324,9540,9165,9485,Naver
2026-03-31,473440,10680,10710,10675,10705,Naver
2026-03-31,473460,21865,22640,20130,20595,Naver
2026-03-31,473590,19055,20615,17735,18140,Naver
2026-03-31,473640,43390,44305,30185,34820,Naver
2026-03-31,474220,14518,15045,13949,14301,Naver
2026-03-31,474390,48850,48900,45525,46160,Naver
2026-03-31,474590,30050,31725,25255,26285,Naver
2026-03-31,474920,16525,16895,15410,15800,Naver
2026-03-31,475050,12075,12085,9635,9715,Naver
2026-03-31,475070,30160,33540,27415,30560,Naver
2026-03-31,475080,8184,8678,8184,8430,Naver
2026-03-31,475260,10605,10625,10605,10625,Naver
2026-03-31,475280,10570,10595,10565,10590,Naver
2026-03-31,475300,18210,19910,15855,16195,Naver
2026-03-31,475310,29205,32480,25230,26635,Naver
2026-03-31,475350,14000,14495,13895,14475,Naver
2026-03-31,475380,11194,11658,10940,11105,Naver
2026-03-31,475630,1060240,1062510,1060240,1062510,Naver
2026-03-31,475720,13138,13251,10863,11215,Naver
2026-03-31,476000,12770,13915,10345,11295,Naver
2026-03-31,476030,15260,15550,14545,14835,Naver
2026-03-31,476070,10640,10890,10135,10325,Naver
2026-03-31,476260,12630,13770,10605,11215,Naver
2026-03-31,476310,9295,9590,9010,9150,Naver
2026-03-31,476450,51965,52090,51965,52070,Naver
2026-03-31,476550,7592,7597,7255,7375,Naver
2026-03-31,476750,8754,8804,8460,8760,Naver
2026-03-31,476760,10244,10460,10030,10415,Naver
2026-03-31,476800,4854,4859,4592,4781,Naver
2026-03-31,476850,19137,19446,15958,16315,Naver
2026-03-31,477050,52660,52765,52655,52760,Naver
2026-03-31,477080,105970,106195,105970,106195,Naver
2026-03-31,477490,17170,18935,17075,17550,Naver
2026-03-31,477730,8600,8645,7690,7825,Naver
2026-03-31,478150,23260,23675,20715,21050,Naver
2026-03-31,479080,52895,53025,52890,53025,Naver
2026-03-31,479520,105000,105215,105000,105205,Naver
2026-03-31,479620,15380,16265,14500,14850,Naver
2026-03-31,479730,10830,10850,9465,9695,Naver
2026-03-31,479850,15795,16220,13510,15425,Naver
2026-03-31,480020,11515,11926,11052,11373,Naver
2026-03-31,480030,10166,10475,10144,10426,Naver
2026-03-31,480040,13379,14057,12592,13060,Naver
2026-03-31,480260,53355,53370,53130,53175,Naver
2026-03-31,480310,13450,13845,12755,12975,Naver
2026-03-31,480460,10360,10509,9812,10350,Naver
2026-03-31,481050,1019254,1021490,1019254,1021490,Naver
2026-03-31,481060,8215,8225,7806,7944,Naver
2026-03-31,481180,11950,13035,11450,11880,Naver
2026-03-31,481190,15555,16052,14670,15050,Naver
2026-03-31,481340,10129,10198,9805,10140,Naver
2026-03-31,481430,102610,102610,99200,99655,Naver
2026-03-31,482030,12690,13185,10300,11305,Naver
2026-03-31,483020,14650,14865,12240,13060,Naver
2026-03-31,483030,11370,11830,11105,11570,Naver
2026-03-31,483240,12070,12640,11670,11985,Naver
2026-03-31,483290,10622,11060,10463,11005,Naver
2026-03-31,483320,17795,18330,15990,16430,Naver
2026-03-31,483330,11375,12000,10450,11090,Naver
2026-03-31,483340,17435,18145,15715,16070,Naver
2026-03-31,483570,14520,15600,13620,14025,Naver
2026-03-31,484880,22551,22680,19091,20125,Naver
2026-03-31,484890,51850,51950,51845,51945,Naver
2026-03-31,485540,13920,14330,12945,13260,Naver
2026-03-31,485690,16910,17800,16050,16415,Naver
2026-03-31,485810,10530,11000,10015,10315,Naver
2026-03-31,486240,22505,25985,18420,19660,Naver
2026-03-31,486290,9971,10307,9650,9860,Naver
2026-03-31,486450,21270,21810,19900,20535,Naver
2026-03-31,486830,52455,52590,52450,52580,Naver
2026-03-31,487130,22955,23995,19030,20500,Naver
2026-03-31,487230,20435,21030,18435,19250,Naver
2026-03-31,487240,34110,34885,26800,29400,Naver
2026-03-31,487340,104060,104330,104060,104330,Naver
2026-03-31,487910,9475,9475,8295,8465,Naver
2026-03-31,487920,8140,8610,7740,7880,Naver
2026-03-31,487950,10563,11239,9808,10680,Naver
2026-03-31,488080,50500,53650,30800,31205,Naver
2026-03-31,488200,15270,15285,11605,12420,Naver
2026-03-31,488210,21220,22150,17350,19410,Naver
2026-03-31,488480,13285,14000,12250,12785,Naver
2026-03-31,488500,12590,12610,11985,12265,Naver
2026-03-31,488720,50175,50230,49180,49325,Naver
2026-03-31,488770,103700,103950,103700,103950,Naver
2026-03-31,488980,51395,51475,51385,51450,Naver
2026-03-31,489000,9825,10170,9790,10150,Naver
2026-03-31,489010,17350,18800,16775,17290,Naver
2026-03-31,489030,9248,9440,8159,8430,Naver
2026-03-31,489290,14835,15375,13970,14370,Naver
2026-03-31,489860,15530,15625,14400,14635,Naver
2026-03-31,490090,14310,14730,13490,13790,Naver
2026-03-31,490330,12105,12635,11510,12145,Naver
2026-03-31,490480,38710,43900,33065,33360,Naver
2026-03-31,490490,11225,11751,11170,11709,Naver
2026-03-31,490590,12219,12933,11675,11930,Naver
2026-03-31,490600,8962,9462,8962,9432,Naver
2026-03-31,491010,24140,24760,21220,22490,Naver
2026-03-31,491090,15840,16130,14835,15150,Naver
2026-03-31,491220,108745,109515,88500,89090,Naver
2026-03-31,491230,51730,51840,51675,51830,Naver
2026-03-31,491510,18290,18775,15855,16650,Naver
2026-03-31,491610,103405,103630,103395,103625,Naver
2026-03-31,491620,10178,10449,9720,9925,Naver
2026-03-31,491630,9690,10920,9660,10890,Naver
2026-03-31,491700,94900,94900,75880,75880,Naver
2026-03-31,491820,40865,42205,32290,35500,Naver
2026-03-31,491830,13760,15330,13620,14315,Naver
2026-03-31,492500,51135,53155,50760,50805,Naver
2026-03-31,493420,12338,12694,12095,12624,Naver
2026-03-31,493810,11016,11328,10407,10629,Naver
2026-03-31,494180,14025,14040,12765,13010,Naver
2026-03-31,494210,10544,10811,10115,10435,Naver
2026-03-31,494220,33345,35640,27875,28900,Naver
2026-03-31,494300,9391,9883,9345,9570,Naver
2026-03-31,494310,80105,83850,51150,51425,Naver
2026-03-31,494330,22705,23135,19000,19945,Naver
2026-03-31,494340,12705,14180,11900,13050,Naver
2026-03-31,494410,12630,13370,12070,12465,Naver
2026-03-31,494420,9312,9503,8515,9292,Naver
2026-03-31,494670,31170,32480,24615,25055,Naver
2026-03-31,494840,15945,16720,14600,14750,Naver
2026-03-31,494890,26750,26830,21675,21745,Naver
2026-03-31,495040,26877,27216,22132,22172,Naver
2026-03-31,495050,27017,27465,22263,22353,Naver
2026-03-31,495060,25370,25500,20340,20360,Naver
2026-03-31,495230,27424,27744,22470,22550,Naver
2026-03-31,495550,27575,27925,22695,22750,Naver
2026-03-31,495710,51390,51485,51380,51485,Naver
2026-03-31,495750,26895,27295,22200,22280,Naver
2026-03-31,495850,27202,27357,22190,22260,Naver
2026-03-31,495940,15270,16555,13655,14325,Naver
2026-03-31,496020,51565,51697,51565,51690,Naver
2026-03-31,496090,26905,27335,22255,22300,Naver
2026-03-31,496120,27335,27690,22585,22585,Naver
2026-03-31,496770,21490,22050,19440,19910,Naver
2026-03-31,497510,12935,13280,12180,12765,Naver
2026-03-31,497520,12510,12605,11495,12140,Naver
2026-03-31,497570,16960,17530,15835,16255,Naver
2026-03-31,497780,11956,13032,10970,12410,Naver
2026-03-31,497880,49885,50020,49880,50010,Naver
2026-03-31,498050,17310,17910,14440,15490,Naver
2026-03-31,498180,96505,96505,94745,94920,Naver
2026-03-31,498270,12455,12645,11215,11460,Naver
2026-03-31,498400,18844,18952,15452,15531,Naver
2026-03-31,498410,13394,13587,11818,12400,Naver
2026-03-31,498610,8330,8625,7950,8120,Naver
2026-03-31,499150,10664,10959,9870,10165,Naver
2026-03-31,499660,997885,1000080,997885,1000080,Naver
2026-04-01,0000H0,9970,11045,9785,10655,Yahoo
2026-04-01,0021D0,10830,11410,10830,11205,Yahoo
2026-04-01,0023B0,13340,17175,12900,16670,Yahoo
2026-04-01,0048J0,15090,15235,14690,14825,Yahoo
2026-04-01,0083S0,9595,10600,9370,9800,Yahoo
2026-04-01,0092B0,19590,25705,18505,24305,Yahoo
2026-04-01,0093B0,10910,13000,10815,12255,Yahoo
2026-04-01,0094M0,15350,18540,14955,18205,Yahoo
2026-04-01,0105E0,12965,13980,12500,13805,Yahoo
2026-04-01,0127M0,11025,12355,10525,11455,Yahoo
2026-04-01,0127V0,10020,11055,9885,10935,Yahoo
2026-04-01,0153P0,10460,11210,10435,10835,Yahoo
2026-04-01,0154F0,13755,15190,13030,13870,Yahoo
2026-04-01,0155M0,8345,10190,8120,9025,Yahoo
2026-04-01,0163Y0,11725,13265,10860,12855,Yahoo
2026-04-01,0168K0,10220,10560,8890,9380,Yahoo
2026-04-01,0173Y0,9915,13340,9865,12460,Yahoo
2026-04-01,0178H0,10080,10275,9985,9990,Yahoo
2026-04-01,0182S0,10115,10880,10040,10740,Yahoo
2026-04-01,0183V0,10240,10625,10110,10465,Yahoo
2026-04-01,091170,15035,16330,14525,15840,Yahoo
2026-04-01,099140,23580,24290,23010,23500,Yahoo
2026-04-01,104530,19470,21235,18865,20805,Yahoo
2026-04-01,105780,12130,15960,11785,15595,Yahoo
2026-04-01,114460,101045,101770,100960,100960,Yahoo
2026-04-01,122260,103015,103410,103015,103395,Yahoo
2026-04-01,136340,104375,105105,104365,104425,Yahoo
2026-04-01,138910,8785,9620,8640,9185,Yahoo
2026-04-01,139220,7760,10830,7415,9915,Yahoo
2026-04-01,139280,13300,14140,12695,13510,Yahoo
2026-04-01,139320,20125,20950,19400,19490,Yahoo
2026-04-01,147970,65615,90715,64110,89180,Yahoo
2026-04-01,153270,60890,77820,58870,76115,Yahoo
2026-04-01,174360,24545,26175,23470,25945,Yahoo
2026-04-01,182480,12535,13810,12535,13480,Yahoo
2026-04-01,195920,31030,33535,30715,31895,Yahoo
2026-04-01,196030,71000,79300,70450,75440,Yahoo
2026-04-01,217770,1456,1497,1159,1172,Yahoo
2026-04-01,219480,28395,31195,28120,30840,Yahoo
2026-04-01,245340,34050,35575,33905,35015,Yahoo
2026-04-01,251600,15675,16255,15315,15980,Yahoo
2026-04-01,252000,19520,22860,18850,22365,Yahoo
2026-04-01,261140,22460,26755,21730,26040,Yahoo
2026-04-01,280920,20410,25080,20060,24515,Yahoo
2026-04-01,287180,41340,51915,40700,49150,Yahoo
2026-04-01,292770,56960,57375,56845,57375,Yahoo
2026-04-01,293180,80000,102540,77255,100380,Yahoo
2026-04-01,316670,9400,10375,8790,9905,Yahoo
2026-04-01,325020,24890,28635,24130,27920,Yahoo
2026-04-01,328370,29570,37860,28990,37185,Yahoo
2026-04-01,329750,14050,14245,13715,13900,Yahoo
2026-04-01,360150,6180,6330,5170,5170,Yahoo
2026-04-01,365780,84300,85810,83680,83725,Yahoo
2026-04-01,367770,23470,30130,23165,29490,Yahoo
2026-04-01,371150,7795,8395,7475,7715,Yahoo
2026-04-01,372330,7990,8265,7665,7910,Yahoo
2026-04-01,385710,11975,15405,11620,14900,Yahoo
2026-04-01,394660,15165,18195,15165,17865,Yahoo
2026-04-01,395760,16985,21610,16605,21220,Yahoo
2026-04-01,400570,9940,10625,9795,10040,Yahoo
2026-04-01,411420,22150,27635,22100,27080,Yahoo
2026-04-01,418670,11500,12495,10545,12130,Yahoo
2026-04-01,429760,18240,19645,18170,19445,Yahoo
2026-04-01,434060,16485,17795,16300,17705,Yahoo
2026-04-01,437070,65780,66310,64315,64550,Yahoo
2026-04-01,438330,114860,115590,114655,114825,Yahoo
2026-04-01,440650,12500,12625,12170,12320,Yahoo
2026-04-01,442090,23660,32930,23250,31895,Yahoo
2026-04-01,442260,27560,35575,27120,34650,Yahoo
2026-04-01,442560,14895,16480,14895,16240,Yahoo
2026-04-01,444200,41195,51455,40570,50530,Yahoo
2026-04-01,449190,18120,20820,17920,20530,Yahoo
2026-04-01,449690,32935,44785,32935,44615,Yahoo
2026-04-01,450910,18465,20380,17240,19500,Yahoo
2026-04-01,451530,45585,48355,44655,44655,Yahoo
2026-04-01,453010,108690,108915,108690,108915,Yahoo
2026-04-01,453650,18365,19100,18260,18750,Yahoo
2026-04-01,457990,33975,57190,32035,52390,Yahoo
2026-04-01,459560,20670,23600,19175,23080,Yahoo
2026-04-01,464470,54800,55500,53030,53030,Yahoo
2026-04-01,464600,16315,23015,15930,22185,Yahoo
2026-04-01,464610,9590,10155,8965,9500,Yahoo
2026-04-01,466950,23670,31950,23670,31200,Yahoo
2026-04-01,471230,106320,108235,105535,105570,Yahoo
2026-04-01,473490,21920,29995,21915,28290,Yahoo
2026-04-01,474800,16940,17450,14850,16350,Yahoo
2026-04-01,475270,10610,10635,10610,10635,Yahoo
2026-04-01,476690,10245,10250,9665,9670,Yahoo
2026-04-01,482730,11475,12230,11415,12050,Yahoo
2026-04-01,483280,11545,13235,11455,12925,Yahoo
2026-04-01,483420,16830,21305,16830,20895,Yahoo
2026-04-01,484790,8710,8800,8560,8575,Yahoo
2026-04-01,487750,20510,33750,20510,28785,Yahoo
2026-04-01,488290,34400,44480,32990,42940,Yahoo
2026-04-01,489250,12700,12785,12310,12725,Yahoo
2026-04-01,495330,23420,29995,22745,29440,Yahoo
2026-04-01,496080,23620,30150,22900,29470,Yahoo
2026-04-01,496130,20260,25150,19485,24725,Yahoo
2026-04-01,498860,19375,21190,18460,19950,Yahoo
2026-04-30,0000D0,10020,10910,9685,10310,Naver
2026-04-30,0000J0,35595,42847,35310,41300,Naver
2026-04-30,0000Y0,100635,101005,100635,101005,Naver
2026-04-30,0000Z0,17070,17540,14335,15080,Naver
2026-04-30,0001P0,13335,13690,12280,12800,Naver
2026-04-30,0002C0,8900,9810,8540,9545,Naver
2026-04-30,0004G0,9175,9245,8965,8990,Naver
2026-04-30,0005A0,9480,10060,9450,9850,Naver
2026-04-30,0005C0,10470,11320,10470,11280,Naver
2026-04-30,0005D0,18840,25715,18120,24760,Naver
2026-04-30,0005G0,28520,43060,27310,41815,Naver
2026-04-30,0007F0,10070,10120,10060,10095,Naver
2026-04-30,0007G0,16595,17940,16150,16925,Naver
2026-04-30,0007N0,81115,103320,78000,100800,Naver
2026-04-30,0008E0,12935,14490,12805,13865,Naver
2026-04-30,0008S0,10202,10212,9850,10145,Naver
2026-04-30,0008T0,14470,17475,13590,16275,Naver
2026-04-30,0013P0,11570,12390,11430,11975,Naver
2026-04-30,0013R0,9455,9525,8985,9025,Naver
2026-04-30,0015B0,15795,20450,15730,19850,Naver
2026-04-30,0015E0,10365,12500,10220,10695,Naver
2026-04-30,0015F0,10580,10615,10085,10095,Naver
2026-04-30,0015K0,7195,7800,7185,7480,Naver
2026-04-30,0016X0,50785,51015,50785,50945,Naver
2026-04-30,0017Y0,96255,97545,96030,96030,Naver
2026-04-30,0018C0,12733,13400,12407,13155,Naver
2026-04-30,0018Z0,14705,18465,14560,17890,Naver
2026-04-30,0019K0,11815,13255,11800,13115,Naver
2026-04-30,0020H0,16900,22925,16500,21995,Naver
2026-04-30,0021C0,12605,13680,12605,13430,Naver
2026-04-30,0021E0,12000,12750,11830,12420,Naver
2026-04-30,0022T0,15585,15915,14780,14855,Naver
2026-04-30,0023A0,21370,28815,20740,27100,Naver
2026-04-30,0025N0,11450,12065,11370,11930,Naver
2026-04-30,0026E0,11470,12305,11425,11965,Naver
2026-04-30,0026S0,11980,12935,11945,12805,Naver
2026-04-30,0028X0,10850,11825,10725,11290,Naver
2026-04-30,0035T0,18200,22010,18200,21370,Naver
2026-04-30,0036D0,11440,12190,11121,12060,Naver
2026-04-30,0036R0,16280,19895,16230,19300,Naver
2026-04-30,0036Z0,13755,14290,12680,13480,Naver
2026-04-30,0038A0,15430,17340,15250,16800,Naver
2026-04-30,0040S0,18340,25490,18195,23720,Naver
2026-04-30,0040X0,10500,10655,9500,9830,Naver
2026-04-30,0040Y0,9070,9070,8535,8545,Naver
2026-04-30,0041D0,11605,12835,10725,12055,Naver
2026-04-30,0041E0,14130,16375,14015,15960,Naver
2026-04-30,0043B0,102045,102365,102045,102365,Naver
2026-04-30,0043Y0,16045,19795,15760,19220,Naver
2026-04-30,0046A0,10420,10535,10150,10260,Naver
2026-04-30,0046Y0,12360,12895,12100,12710,Naver
2026-04-30,0047A0,11800,13640,11210,13600,Naver
2026-04-30,0047N0,11220,11775,10600,11055,Naver
2026-04-30,0047P0,13300,14675,13130,14375,Naver
2026-04-30,0047R0,13125,14490,12945,14060,Naver
2026-04-30,0048K0,9995,10450,9630,10385,Naver
2026-04-30,0049K0,10950,11355,10790,11225,Naver
2026-04-30,0049M0,11310,11900,11310,11710,Naver
2026-04-30,0050E0,7795,9800,6930,7560,Naver
2026-04-30,0051A0,18315,24180,18310,23055,Naver
2026-04-30,0051G0,15680,17975,15365,16230,Naver
2026-04-30,0052D0,15870,16805,15227,16520,Naver
2026-04-30,0052S0,11660,12010,11575,11940,Naver
2026-04-30,0052T0,50050,50275,50050,50215,Naver
2026-04-30,0053L0,11800,12800,11760,12500,Naver
2026-04-30,0053M0,13350,16365,12625,15495,Naver
2026-04-30,0057H0,11725,12080,11630,11995,Naver
2026-04-30,0060H0,12195,13125,11945,12670,Naver
2026-04-30,0061Z0,50380,50525,50380,50520,Naver
2026-04-30,0064K0,14870,15230,14135,14200,Naver
2026-04-30,0065G0,10150,10422,9585,10120,Naver
2026-04-30,0066W0,15000,15360,14270,14330,Naver
2026-04-30,0067V0,10880,11475,10400,10970,Naver
2026-04-30,0067Y0,12315,13450,12120,12510,Naver
2026-04-30,0068M0,12040,12355,11655,12075,Naver
2026-04-30,0069M0,11975,13535,11885,13330,Naver
2026-04-30,0072R0,15170,15600,14335,14430,Naver
2026-04-30,0073X0,10730,11180,10220,10460,Naver
2026-04-30,0074K0,15205,19035,14900,18820,Naver
2026-04-30,0078V0,10410,11425,10140,10900,Naver
2026-04-30,0079X0,12950,13175,11955,12435,Naver
2026-04-30,0080G0,12975,15770,12975,15120,Naver
2026-04-30,0080X0,11180,11550,11130,11470,Naver
2026-04-30,0080Y0,14205,24400,13525,22700,Naver
2026-04-30,0082F0,11685,12000,10405,10415,Naver
2026-04-30,0082V0,11225,11870,10880,11830,Naver
2026-04-30,0084D0,10780,11675,10650,11485,Naver
2026-04-30,0084E0,10395,10695,10125,10645,Naver
2026-04-30,0085N0,10015,10080,9920,9925,Naver
2026-04-30,0085P0,10975,11045,10690,10710,Naver
2026-04-30,0086B0,10891,11845,10811,11190,Naver
2026-04-30,0086C0,10420,10840,10375,10530,Naver
2026-04-30,0087F0,10940,12540,10405,11960,Naver
2026-04-30,0088N0,12885,15480,12065,14985,Naver
2026-04-30,0089B0,10935,11575,10905,11485,Naver
2026-04-30,0089C0,10915,11500,10800,11340,Naver
2026-04-30,0089D0,12772,13940,12355,13560,Naver
2026-04-30,0090B0,10235,15450,10235,14440,Naver
2026-04-30,0091C0,9874,9935,9800,9815,Naver
2026-04-30,0091M0,10045,10080,10035,10080,Naver
2026-04-30,0091P0,21025,28180,19970,26515,Naver
2026-04-30,0092C0,49665,49870,49650,49825,Naver
2026-04-30,0093A0,29220,36705,27910,35840,Naver
2026-04-30,0093D0,13800,17175,13640,16545,Naver
2026-04-30,0094K0,98595,99210,98595,98790,Naver
2026-04-30,0094L0,9310,10040,9005,9065,Naver
2026-04-30,0094X0,9400,10115,9260,9700,Naver
2026-04-30,0097L0,12100,13695,11845,13250,Naver
2026-04-30,0098F0,19620,24820,18560,23400,Naver
2026-04-30,0098N0,12571,13555,12174,13240,Naver
2026-04-30,0098Z0,67830,87195,65975,85800,Naver
2026-04-30,0099L0,98540,99185,98530,98815,Naver
2026-04-30,0100K0,12045,17620,12045,16215,Naver
2026-04-30,0101N0,16105,25320,15600,25295,Naver
2026-04-30,0102A0,7640,8125,6625,7365,Naver
2026-04-30,0102X0,10660,11390,9460,9675,Naver
2026-04-30,0103T0,8905,9905,8515,9370,Naver
2026-04-30,0104G0,12155,17980,12155,16465,Naver
2026-04-30,0104H0,10920,12190,10920,11965,Naver
2026-04-30,0104N0,15769,20255,15262,19935,Naver
2026-04-30,0104P0,11605,12400,11290,12135,Naver
2026-04-30,0105D0,9510,10595,9115,10055,Naver
2026-04-30,0107F0,11230,11705,11015,11545,Naver
2026-04-30,0111J0,17155,19610,16185,17725,Naver
2026-04-30,0111P0,10560,11185,10515,11085,Naver
2026-04-30,0112X0,29905,38335,28915,37535,Naver
2026-04-30,0113D0,11310,12080,11290,11865,Naver
2026-04-30,0113G0,10500,10500,9710,9765,Naver
2026-04-30,0113P0,101140,101440,101140,101430,Naver
2026-04-30,0114X0,7950,8310,7610,8095,Naver
2026-04-30,0115C0,11783,11783,10910,11035,Naver
2026-04-30,0115D0,8925,12000,8630,11565,Naver
2026-04-30,0115E0,12800,15780,12225,15410,Naver
2026-04-30,0117L0,10040,10070,10035,10070,Naver
2026-04-30,0117V0,16815,27385,16205,27245,Naver
2026-04-30,0118S0,9625,12095,9400,11360,Naver
2026-04-30,0118Z0,8150,10105,7800,9735,Naver
2026-04-30,0119H0,9840,9910,9830,9850,Naver
2026-04-30,0120J0,9480,10135,8960,9760,Naver
2026-04-30,0122W0,50400,50560,50390,50560,Naver
2026-04-30,0123G0,7055,8850,6860,8305,Naver
2026-04-30,0123S0,10075,10120,10060,10110,Naver
2026-04-30,0127P0,9400,10830,9400,10585,Naver
2026-04-30,0127R0,11190,16305,10970,14980,Naver
2026-04-30,0127T0,10515,11325,10410,11005,Naver
2026-04-30,0128D0,8205,8500,7940,8130,Naver
2026-04-30,0131A0,10075,10395,9725,10085,Naver
2026-04-30,0131V0,11790,13145,11500,11740,Naver
2026-04-30,0131W0,100930,101235,100930,101235,Naver
2026-04-30,0132D0,9750,10420,9400,10025,Naver
2026-04-30,0132H0,10370,12075,10225,10805,Naver
2026-04-30,0132K0,9036,9129,8735,8895,Naver
2026-04-30,0133E0,8570,9350,8250,9085,Naver
2026-04-30,0135Y0,99865,100365,99725,99925,Naver
2026-04-30,0137V0,9625,11040,9530,10895,Naver
2026-04-30,0137W0,9915,10515,9850,10345,Naver
2026-04-30,0138D0,13375,15860,12905,15335,Naver
2026-04-30,0138T0,9352,10180,9347,9980,Naver
2026-04-30,0138Y0,10550,10735,10295,10330,Naver
2026-04-30,0139F0,100810,101230,100810,101170,Naver
2026-04-30,0139P0,13370,14595,12800,14050,Naver
2026-04-30,0141S0,10665,16610,10210,15205,Naver
2026-04-30,0141T0,49930,50200,49925,49970,Naver
2026-04-30,0142D0,8580,12190,8310,11005,Naver
2026-04-30,0144L0,9285,10145,9205,9915,Naver
2026-04-30,0144M0,8075,8825,7900,7935,Naver
2026-04-30,0148J0,10885,13580,10190,12755,Naver
2026-04-30,0150K0,12800,17680,12460,17190,Naver
2026-04-30,0151P0,13055,16890,12560,16580,Naver
2026-04-30,0151S0,10750,15497,10750,14215,Naver
2026-04-30,0152E0,11555,12485,11155,12170,Naver
2026-04-30,0153K0,11395,12245,11046,11870,Naver
2026-04-30,0153X0,11530,11540,11055,11125,Naver
2026-04-30,0154H0,9425,10375,9000,9370,Naver
2026-04-30,0155N0,8290,10410,7900,9770,Naver
2026-04-30,0162L0,9510,12900,9245,12860,Naver
2026-04-30,0162M0,9965,10015,9940,9965,Naver
2026-04-30,0162Y0,10700,11305,9740,10810,Naver
2026-04-30,0162Z0,9745,11585,9535,11400,Naver
2026-04-30,0164G0,9765,12605,9510,12600,Naver
2026-04-30,0166N0,10090,12075,9405,11715,Naver
2026-04-30,0166S0,8925,12700,8710,11920,Naver
2026-04-30,0166T0,10225,10690,9995,9995,Naver
2026-04-30,0167A0,9540,14715,9050,14310,Naver
2026-04-30,0167B0,9505,12140,9215,11655,Naver
2026-04-30,0167Z0,9885,11325,9650,9910,Naver
2026-04-30,0172V0,10730,11250,10000,10120,Naver
2026-04-30,0172Y0,9530,11475,9260,11250,Naver
2026-04-30,0174B0,10145,11900,10145,11505,Naver
2026-04-30,0174J0,9840,11125,9825,10295,Naver
2026-04-30,0174R0,10240,11425,10225,11265,Naver
2026-04-30,0176E0,9975,13280,9780,12005,Naver
2026-04-30,0176P0,9985,12830,9670,12465,Naver
2026-04-30,0177A0,9305,12955,8770,12210,Naver
2026-04-30,0177N0,10680,12280,10610,12115,Naver
2026-04-30,0177R0,10600,11700,10435,11465,Naver
2026-04-30,0177X0,10445,13500,10045,12520,Naver
2026-04-30,0180V0,10180,11240,9730,9730,Naver
2026-04-30,0181L0,10085,10120,8845,8870,Naver
2026-04-30,0182R0,10145,11820,10025,11510,Naver
2026-04-30,0183J0,10415,11525,9560,9600,Naver
2026-04-30,0184E0,10035,10455,10010,10325,Naver
2026-04-30,0186L0,10045,10060,9660,9690,Naver
2026-04-30,0186S0,9995,9995,9785,9840,Naver
2026-04-30,0189B0,10165,10165,9595,9695,Naver
2026-04-30,069500,79935,102230,77020,99905,Naver
2026-04-30,069660,79795,102060,77030,99840,Naver
2026-04-30,091160,92600,126540,88710,123850,Naver
2026-04-30,091180,30220,34365,29205,32165,Naver
2026-04-30,091220,15780,17140,15240,16405,Naver
2026-04-30,091230,96965,132490,92935,129660,Naver
2026-04-30,100910,12395,16150,12120,15695,Naver
2026-04-30,101280,29000,30200,28815,28910,Naver
2026-04-30,102110,80025,102240,77045,99970,Naver
2026-04-30,102780,17795,23170,17480,22700,Naver
2026-04-30,102960,15695,20915,15280,20565,Naver
2026-04-30,102970,26030,29860,24620,26780,Naver
2026-04-30,104520,13725,15880,13560,15585,Naver
2026-04-30,105010,7175,7610,7050,7110,Naver
2026-04-30,105190,80155,102700,77425,100500,Naver
2026-04-30,108450,29635,37715,29270,36600,Naver
2026-04-30,108590,79185,101795,77320,99765,Naver
2026-04-30,114100,106990,107800,106925,106975,Naver
2026-04-30,114260,61400,61910,61360,61370,Naver
2026-04-30,114470,108270,109045,108200,108200,Naver
2026-04-30,114800,1722,1773,1319,1349,Naver
2026-04-30,114820,104490,105420,104435,104435,Naver
2026-04-30,117460,15070,19340,14430,18925,Naver
2026-04-30,117680,14430,18205,14075,17385,Naver
2026-04-30,117690,21845,22595,20915,21605,Naver
2026-04-30,117700,7170,10085,6825,9330,Naver
2026-04-30,122090,57620,74290,55455,72500,Naver
2026-04-30,122630,73050,120785,68800,115450,Naver
2026-04-30,123310,1932,1988,1480,1513,Naver
2026-04-30,123320,73700,120715,68620,115280,Naver
2026-04-30,130680,6710,8260,6330,8200,Naver
2026-04-30,130730,101870,102190,101855,102175,Naver
2026-04-30,131890,31800,39670,31095,38000,Naver
2026-04-30,132030,26690,27675,25735,25935,Naver
2026-04-30,133690,159570,180720,158817,177990,Naver
2026-04-30,137610,5445,5555,5220,5550,Naver
2026-04-30,138230,17445,17640,16985,17220,Naver
2026-04-30,138520,24625,32085,24020,31415,Naver
2026-04-30,138530,9590,12275,9310,11840,Naver
2026-04-30,138540,56360,66135,54825,61745,Naver
2026-04-30,138920,11970,12295,11670,12165,Naver
2026-04-30,139230,14855,20250,14440,20010,Naver
2026-04-30,139240,13565,16200,13280,15370,Naver
2026-04-30,139250,16310,21335,15680,20825,Naver
2026-04-30,139260,78140,117460,74700,114575,Naver
2026-04-30,139270,16045,17555,15455,16650,Naver
2026-04-30,139290,25675,29075,24920,27540,Naver
2026-04-30,139660,7710,7900,7605,7820,Naver
2026-04-30,140570,21900,28980,21395,28475,Naver
2026-04-30,140580,22835,26750,22410,26465,Naver
2026-04-30,140700,15650,16690,14500,15685,Naver
2026-04-30,140710,6640,7060,6455,6825,Naver
2026-04-30,140950,61980,79260,59870,77555,Naver
2026-04-30,143850,66945,73240,66275,72470,Naver
2026-04-30,143860,49390,50380,45405,46565,Naver
2026-04-30,144600,12370,13375,11500,11930,Naver
2026-04-30,145670,2200,2245,1661,1693,Naver
2026-04-30,145850,85145,106875,84145,104355,Naver
2026-04-30,148020,80480,103015,77675,100790,Naver
2026-04-30,148070,106780,108680,106115,106155,Naver
2026-04-30,150460,7615,8380,7240,8010,Naver
2026-04-30,152100,80925,103905,78305,101630,Naver
2026-04-30,152380,66320,67625,65870,65895,Naver
2026-04-30,152500,30060,49330,28050,47110,Naver
2026-04-30,152870,80675,103275,78045,100985,Naver
2026-04-30,153130,113075,113360,113070,113340,Naver
2026-04-30,156080,37175,47800,36110,46385,Naver
2026-04-30,157450,111340,111655,111340,111640,Naver
2026-04-30,157490,8880,9670,8410,9190,Naver
2026-04-30,157500,17815,20505,16885,18495,Naver
2026-04-30,159800,62755,80100,60990,78160,Naver
2026-04-30,160580,15455,16195,15010,15695,Naver
2026-04-30,161510,25600,27785,24805,27165,Naver
2026-04-30,166400,19660,22905,17600,22530,Naver
2026-04-30,167860,97270,100830,95700,95720,Naver
2026-04-30,168580,35360,37990,34855,37760,Naver
2026-04-30,169950,26805,28440,25905,27900,Naver
2026-04-30,174350,20445,21660,19775,20805,Naver
2026-04-30,176950,57530,58770,57155,58770,Naver
2026-04-30,181480,79015,87215,78050,84220,Naver
2026-04-30,182490,13675,13875,13620,13820,Naver
2026-04-30,183700,81140,93660,81140,92840,Naver
2026-04-30,183710,69645,88315,69645,87215,Naver
2026-04-30,185680,41560,43595,40650,40675,Naver
2026-04-30,189400,22145,24505,22145,24055,Naver
2026-04-30,190620,100880,101155,100870,101145,Naver
2026-04-30,192090,13100,13800,12725,13740,Naver
2026-04-30,192720,56120,63210,54030,59910,Naver
2026-04-30,195930,20315,21885,20140,21005,Naver
2026-04-30,195970,14890,16030,14205,15205,Naver
2026-04-30,195980,12745,14605,12220,14180,Naver
2026-04-30,196230,115735,116045,115730,116035,Naver
2026-04-30,200030,42385,44790,42120,43360,Naver
2026-04-30,200250,23235,24000,22335,22950,Naver
2026-04-30,203780,32285,32700,30830,30830,Naver
2026-04-30,204450,2420,2700,2370,2530,Naver
2026-04-30,204480,28350,31550,27200,31210,Naver
2026-04-30,205720,1682,1693,1586,1632,Naver
2026-04-30,210780,24695,26970,24000,25870,Naver
2026-04-30,211560,35605,39695,34350,37870,Naver
2026-04-30,211900,28435,31700,27390,30360,Naver
2026-04-30,213610,16570,20730,16210,20100,Naver
2026-04-30,213630,19850,20635,19215,19705,Naver
2026-04-30,214980,114430,114795,114410,114775,Naver
2026-04-30,215620,17955,19005,17645,18305,Naver
2026-04-30,217780,5325,5460,4880,5095,Naver
2026-04-30,218420,21530,21570,18740,20395,Naver
2026-04-30,219390,8000,8350,7100,7935,Naver
2026-04-30,219900,4700,5300,4515,5225,Naver
2026-04-30,220130,6550,7160,6330,7030,Naver
2026-04-30,223190,23130,27635,22595,26945,Naver
2026-04-30,225030,2615,2650,2385,2410,Naver
2026-04-30,225040,49910,60420,49095,59125,Naver
2026-04-30,225050,12725,15055,12725,13575,Naver
2026-04-30,225060,11365,15790,11365,14595,Naver
2026-04-30,225130,58495,63600,55225,55520,Naver
2026-04-30,225800,17825,18140,16830,17240,Naver
2026-04-30,226380,6595,7025,6180,6815,Naver
2026-04-30,226490,55075,69370,53480,67810,Naver
2026-04-30,226980,24305,29995,23235,29000,Naver
2026-04-30,227540,21805,22380,20600,20745,Naver
2026-04-30,227550,13645,16530,13520,15990,Naver
2026-04-30,227560,13115,14575,12495,13970,Naver
2026-04-30,227570,20615,24950,20015,23985,Naver
2026-04-30,227830,55020,69760,53920,68585,Naver
2026-04-30,228790,3575,4235,3375,3940,Naver
2026-04-30,228800,3175,3505,3020,3365,Naver
2026-04-30,228810,4800,5095,4405,4870,Naver
2026-04-30,228820,14695,18180,14340,17690,Naver
2026-04-30,229200,18875,20790,17590,19855,Naver
2026-04-30,229720,29115,36040,28600,35140,Naver
2026-04-30,230480,3955,4160,3865,4060,Naver
2026-04-30,232080,19255,21195,17940,20265,Naver
2026-04-30,233160,16735,20110,14515,18400,Naver
2026-04-30,233740,15145,18140,13100,16615,Naver
2026-04-30,234310,25310,30455,25120,29680,Naver
2026-04-30,236350,32965,35950,31000,32760,Naver
2026-04-30,237350,63000,80700,60955,78795,Naver
2026-04-30,237370,15465,16358,15465,16110,Naver
2026-04-30,237440,10280,10800,10215,10410,Naver
2026-04-30,238670,12945,13650,12850,13295,Naver
2026-04-30,238720,38160,43975,37545,42800,Naver
2026-04-30,239660,120455,120865,118445,120710,Naver
2026-04-30,241180,29815,34000,29070,32955,Naver
2026-04-30,241390,14945,16580,14945,16372,Naver
2026-04-30,243880,157980,362000,143000,328880,Naver
2026-04-30,243890,8395,14800,7715,13435,Naver
2026-04-30,244580,12565,12920,11355,12125,Naver
2026-04-30,244620,18490,23710,17920,23045,Naver
2026-04-30,244660,10005,10600,9815,10335,Naver
2026-04-30,244670,11955,13470,11725,13220,Naver
2026-04-30,245350,18685,19955,18000,19395,Naver
2026-04-30,245360,13785,14000,13195,13500,Naver
2026-04-30,245710,29570,32080,29180,31630,Naver
2026-04-30,248270,25565,26330,24460,24465,Naver
2026-04-30,250730,9795,10515,9760,10105,Naver
2026-04-30,250780,2120,2285,1922,2030,Naver
2026-04-30,251340,2130,2275,1912,1997,Naver
2026-04-30,251350,37830,39600,36915,38980,Naver
2026-04-30,251590,18005,19225,17530,18555,Naver
2026-04-30,252400,67905,111500,63145,106565,Naver
2026-04-30,252410,2215,2275,1694,1730,Naver
2026-04-30,252420,287,302,165,172,Naver
2026-04-30,252650,18385,21815,17925,21425,Naver
2026-04-30,252670,284,297,161,169,Naver
2026-04-30,252710,301,312,171,179,Naver
2026-04-30,253150,136130,223205,127000,213810,Naver
2026-04-30,253160,570,609,335,351,Naver
2026-04-30,253230,281,298,163,171,Naver
2026-04-30,253240,2250,2285,1700,1734,Naver
2026-04-30,253250,66910,109660,62400,104470,Naver
2026-04-30,253280,17815,18175,16200,16380,Naver
2026-04-30,253290,12935,13125,12525,12525,Naver
2026-04-30,256440,7275,7550,6480,6490,Naver
2026-04-30,256450,15105,17490,14430,17085,Naver
2026-04-30,256750,16090,18145,15200,17700,Naver
2026-04-30,261060,24140,29960,23050,28975,Naver
2026-04-30,261070,19735,20170,17410,17845,Naver
2026-04-30,261110,18805,19200,17820,18235,Naver
2026-04-30,261120,4490,4745,4410,4620,Naver
2026-04-30,261220,24460,28895,22330,28625,Naver
2026-04-30,261240,15390,15555,14980,15180,Naver
2026-04-30,261250,18805,19205,17795,18245,Naver
2026-04-30,261260,4520,4780,4350,4670,Naver
2026-04-30,261270,7395,7620,7340,7525,Naver
2026-04-30,261920,13390,13845,12730,12790,Naver
2026-04-30,266160,28055,32270,27135,31295,Naver
2026-04-30,266360,12120,12570,11175,12175,Naver
2026-04-30,266370,42440,61085,40870,59720,Naver
2026-04-30,266390,10660,12560,10300,12170,Naver
2026-04-30,266410,9555,10545,8985,10185,Naver
2026-04-30,266420,22240,22910,20570,21120,Naver
2026-04-30,266550,18425,22460,17895,21475,Naver
2026-04-30,267440,8350,8470,8250,8255,Naver
2026-04-30,267450,10755,10885,10695,10875,Naver
2026-04-30,267490,5440,5565,5285,5335,Naver
2026-04-30,267770,56355,92500,52540,88435,Naver
2026-04-30,269370,19245,19705,18695,18885,Naver
2026-04-30,269420,24665,25720,23765,24170,Naver
2026-04-30,269530,22455,23610,21780,21830,Naver
2026-04-30,269540,26075,28500,25825,28145,Naver
2026-04-30,270800,15830,18140,15215,17670,Naver
2026-04-30,270810,18675,20600,17450,19740,Naver
2026-04-30,271050,2225,2310,1793,1809,Naver
2026-04-30,271060,8350,8715,7995,8635,Naver
2026-04-30,272560,113600,113995,113600,113970,Naver
2026-04-30,272570,108085,109135,107880,107880,Naver
2026-04-30,272580,56405,56625,56405,56620,Naver
2026-04-30,272910,106000,106895,105880,105910,Naver
2026-04-30,273130,112390,113950,107780,112215,Naver
2026-04-30,273140,114515,114845,114500,114845,Naver
2026-04-30,275280,30590,39820,29425,38995,Naver
2026-04-30,275290,24035,30935,23025,30100,Naver
2026-04-30,275300,20830,27315,20135,26735,Naver
2026-04-30,275750,2175,2320,1952,2045,Naver
2026-04-30,275980,20985,22735,20015,21900,Naver
2026-04-30,276000,21035,21320,20370,20370,Naver
2026-04-30,276650,35270,42660,35050,42215,Naver
2026-04-30,276970,7930,8040,7575,7590,Naver
2026-04-30,276990,23700,27620,23420,26655,Naver
2026-04-30,277540,25660,32015,25660,30300,Naver
2026-04-30,277630,55810,70270,53000,68745,Naver
2026-04-30,277640,28525,36060,27550,35270,Naver
2026-04-30,277650,22285,26600,21570,26290,Naver
2026-04-30,278240,17055,20500,14800,18760,Naver
2026-04-30,278530,28720,36970,27715,36165,Naver
2026-04-30,278540,27590,35735,26735,34910,Naver
2026-04-30,278620,117645,121445,117645,118020,Naver
2026-04-30,279530,17225,18685,16505,18280,Naver
2026-04-30,279540,18830,22555,18540,22140,Naver
2026-04-30,280320,18400,20050,17430,20050,Naver
2026-04-30,280930,14335,16015,14095,15555,Naver
2026-04-30,280940,3195,3320,2945,3320,Naver
2026-04-30,281990,18525,20970,17945,20355,Naver
2026-04-30,282000,113630,114180,112945,114180,Naver
2026-04-30,283580,15930,16860,15560,16770,Naver
2026-04-30,284430,19565,21350,19160,21175,Naver
2026-04-30,284980,21510,23460,20590,22120,Naver
2026-04-30,285690,19265,23460,18395,22965,Naver
2026-04-30,289040,23345,30295,22520,29655,Naver
2026-04-30,289250,23770,30855,23000,30305,Naver
2026-04-30,289260,19565,25845,18995,25300,Naver
2026-04-30,289480,10230,11605,10150,11445,Naver
2026-04-30,289670,53110,54210,52850,52900,Naver
2026-04-30,290080,8315,8770,7960,8245,Naver
2026-04-30,290130,31755,42030,30440,41080,Naver
2026-04-30,291130,19240,20505,19205,19225,Naver
2026-04-30,291620,3730,4055,3365,3580,Naver
2026-04-30,291630,7605,9115,6565,8325,Naver
2026-04-30,291680,7975,8185,7485,7760,Naver
2026-04-30,291890,10420,12075,10330,11600,Naver
2026-04-30,292050,37305,47550,36005,46420,Naver
2026-04-30,292150,28330,35515,27450,34730,Naver
2026-04-30,292160,36405,46335,35375,45455,Naver
2026-04-30,292190,36750,46290,35360,45275,Naver
2026-04-30,292500,37365,47140,36085,46400,Naver
2026-04-30,292560,8800,8850,8535,8550,Naver
2026-04-30,294400,104025,133925,100535,131065,Naver
2026-04-30,295000,52510,53515,52170,52170,Naver
2026-04-30,295020,58405,58975,57290,58975,Naver
2026-04-30,295040,29740,38265,28730,37480,Naver
2026-04-30,298340,55985,56515,55950,55950,Naver
2026-04-30,298770,53400,72215,52805,69290,Naver
2026-04-30,300610,6690,7000,6170,6800,Naver
2026-04-30,300640,7765,8310,7220,7995,Naver
2026-04-30,300950,6685,7255,6105,6930,Naver
2026-04-30,301400,19140,21000,17795,20050,Naver
2026-04-30,301410,3155,3430,2845,2975,Naver
2026-04-30,302190,50500,51130,50305,50330,Naver
2026-04-30,302450,55920,70205,53990,68180,Naver
2026-04-30,304660,7565,7630,7445,7445,Naver
2026-04-30,304670,11770,11980,11665,11950,Naver
2026-04-30,304760,35532,45415,34580,44500,Naver
2026-04-30,304770,18810,20770,17575,19890,Naver
2026-04-30,304780,82855,135630,77180,129760,Naver
2026-04-30,304940,26455,30480,26170,30045,Naver
2026-04-30,305050,56185,70435,54285,68675,Naver
2026-04-30,305080,13685,13735,13295,13335,Naver
2026-04-30,305540,20815,27340,20500,26700,Naver
2026-04-30,305720,17160,22045,16740,21450,Naver
2026-04-30,306520,3970,4300,3050,3105,Naver
2026-04-30,306530,15380,18445,13310,16830,Naver
2026-04-30,306950,56350,88195,51845,84840,Naver
2026-04-30,307510,18455,19060,16700,18230,Naver
2026-04-30,307520,19770,25065,18950,24560,Naver
2026-04-30,308620,12775,12840,12455,12490,Naver
2026-04-30,309230,29680,30710,29295,29945,Naver
2026-04-30,310080,9705,10590,9270,9715,Naver
2026-04-30,310960,46375,59735,44875,58450,Naver
2026-04-30,310970,34920,45215,33660,43860,Naver
2026-04-30,314250,47390,55740,46720,54740,Naver
2026-04-30,314700,11740,13925,11330,13820,Naver
2026-04-30,315270,21680,23585,20895,22490,Naver
2026-04-30,315930,57495,73000,55135,70975,Naver
2026-04-30,315960,54295,70490,52105,68700,Naver
2026-04-30,316300,14475,14715,13955,14225,Naver
2026-04-30,319640,28165,29170,27095,27275,Naver
2026-04-30,321410,10485,10770,10330,10560,Naver
2026-04-30,322400,11325,12430,10800,11910,Naver
2026-04-30,322410,22630,24540,21905,24340,Naver
2026-04-30,325010,31255,41595,30395,40670,Naver
2026-04-30,326230,11760,12570,11055,12215,Naver
2026-04-30,326240,32260,42560,31240,41325,Naver
2026-04-30,329200,4575,4970,4520,4665,Naver
2026-04-30,329650,14230,14570,14230,14435,Naver
2026-04-30,329660,17570,18130,17500,18005,Naver
2026-04-30,329670,21585,22325,21205,22155,Naver
2026-04-30,332500,53295,68755,51605,67285,Naver
2026-04-30,332610,137540,138695,133355,135015,Naver
2026-04-30,332620,99825,101085,97800,97800,Naver
2026-04-30,332930,103800,133790,100495,131170,Naver
2026-04-30,332940,34410,44660,33500,43760,Naver
2026-04-30,334690,6885,7500,6660,6830,Naver
2026-04-30,334700,3110,3235,2890,3145,Naver
2026-04-30,336160,100645,101360,100000,100695,Naver
2026-04-30,337120,26595,33535,26230,32815,Naver
2026-04-30,337140,27655,34865,26000,34065,Naver
2026-04-30,337150,23565,28745,23245,28140,Naver
2026-04-30,337160,32535,42185,31000,41100,Naver
2026-04-30,341850,4940,5295,4940,5045,Naver
2026-04-30,352540,11850,12470,11000,11910,Naver
2026-04-30,352560,11535,12605,11355,12250,Naver
2026-04-30,354240,11640,12725,11505,11645,Naver
2026-04-30,354350,19960,20890,19390,19700,Naver
2026-04-30,354500,19035,20955,17745,20020,Naver
2026-04-30,356540,103285,104750,103145,103155,Naver
2026-04-30,357870,57285,57440,57285,57440,Naver
2026-04-30,359210,27585,34955,26615,34290,Naver
2026-04-30,360140,12810,15505,12740,15480,Naver
2026-04-30,360200,24805,26700,24705,26435,Naver
2026-04-30,360750,24515,26415,24440,26160,Naver
2026-04-30,361580,45150,58110,43575,56895,Naver
2026-04-30,363510,111030,111305,111030,111295,Naver
2026-04-30,363570,92000,95005,91445,91445,Naver
2026-04-30,363580,30945,46715,29640,45520,Naver
2026-04-30,364690,29645,38015,28905,37215,Naver
2026-04-30,364960,7185,8255,6980,7985,Naver
2026-04-30,364970,8175,8535,7900,7955,Naver
2026-04-30,364980,10580,14380,10355,13990,Naver
2026-04-30,364990,5645,6210,5190,5855,Naver
2026-04-30,365000,4695,5070,4565,4885,Naver
2026-04-30,365040,27065,34670,26000,33890,Naver
2026-04-30,367380,27435,31070,27310,30610,Naver
2026-04-30,367740,29440,40215,28640,39260,Naver
2026-04-30,367760,32245,49740,31310,48275,Naver
2026-04-30,368190,8395,9990,8265,9725,Naver
2026-04-30,368590,26550,30115,26420,29665,Naver
2026-04-30,368680,8560,10080,8370,9775,Naver
2026-04-30,371160,7915,8280,7695,7925,Naver
2026-04-30,371450,10745,11105,9400,10500,Naver
2026-04-30,371460,13715,14700,12890,14510,Naver
2026-04-30,371470,8780,9350,8330,8575,Naver
2026-04-30,371870,7585,8140,7415,7720,Naver
2026-04-30,373490,23685,31380,23025,30990,Naver
2026-04-30,373790,17620,17620,16200,16335,Naver
2026-04-30,375270,14035,16115,14030,15430,Naver
2026-04-30,375760,18565,23395,18045,22880,Naver
2026-04-30,375770,19055,23785,18480,23200,Naver
2026-04-30,376410,18700,23605,18140,23000,Naver
2026-04-30,377990,25150,37295,24440,36835,Naver
2026-04-30,379780,21350,23065,21270,22835,Naver
2026-04-30,379790,15235,16905,15200,15635,Naver
2026-04-30,379800,22405,24085,22335,23870,Naver
2026-04-30,379810,23910,27045,23795,26645,Naver
2026-04-30,380340,16570,24610,16570,23850,Naver
2026-04-30,381170,28475,32960,28295,32490,Naver
2026-04-30,381180,30200,41595,30020,39755,Naver
2026-04-30,381560,13195,18510,12975,18120,Naver
2026-04-30,381570,11270,15275,10975,14995,Naver
2026-04-30,385510,42830,59740,41555,59280,Naver
2026-04-30,385520,14230,18300,13750,17700,Naver
2026-04-30,385540,105130,107410,104955,104955,Naver
2026-04-30,385550,112675,113135,112675,113105,Naver
2026-04-30,385560,61600,65740,59945,61400,Naver
2026-04-30,385590,16995,21900,16405,21515,Naver
2026-04-30,385600,10210,13235,10020,12920,Naver
2026-04-30,385720,19035,25960,18855,25525,Naver
2026-04-30,387270,21470,25475,21280,24940,Naver
2026-04-30,387280,11270,14370,10930,13915,Naver
2026-04-30,388280,7785,8680,7415,8420,Naver
2026-04-30,388420,20840,28975,19795,28270,Naver
2026-04-30,390390,39570,52995,39355,50240,Naver
2026-04-30,390400,6985,8200,6980,7755,Naver
2026-04-30,391600,12125,12690,11870,12355,Naver
2026-04-30,391670,19535,25580,19415,24905,Naver
2026-04-30,394670,12015,14115,12015,13950,Naver
2026-04-30,395150,2535,2690,2365,2585,Naver
2026-04-30,395160,25415,34060,24385,33330,Naver
2026-04-30,395170,14075,17620,13615,17205,Naver
2026-04-30,395270,32145,47185,30700,46005,Naver
2026-04-30,395280,4170,4535,3790,4290,Naver
2026-04-30,395290,7460,7545,6700,7200,Naver
2026-04-30,395750,15985,20210,15515,19770,Naver
2026-04-30,396500,30425,40980,29120,40115,Naver
2026-04-30,396510,9070,9495,8470,8980,Naver
2026-04-30,396520,10080,12665,9735,12630,Naver
2026-04-30,397420,50640,51205,50535,50535,Naver
2026-04-30,399110,19565,20885,19205,20720,Naver
2026-04-30,399580,10500,11650,9980,11420,Naver
2026-04-30,400580,10240,11205,10080,10370,Naver
2026-04-30,400590,12470,13555,12180,13285,Naver
2026-04-30,400970,7895,9000,7335,8680,Naver
2026-04-30,401170,7880,9930,7500,9610,Naver
2026-04-30,401470,8495,9850,8010,9555,Naver
2026-04-30,401590,10050,10935,9735,10595,Naver
2026-04-30,402460,9835,12510,9500,12125,Naver
2026-04-30,402970,14959,15095,14540,15010,Naver
2026-04-30,403790,44785,56000,43490,54680,Naver
2026-04-30,404120,22620,28765,21730,28160,Naver
2026-04-30,404260,20400,26710,19925,26010,Naver
2026-04-30,404540,20500,26940,20160,26200,Naver
2026-04-30,404650,20270,26725,20020,25990,Naver
2026-04-30,407300,10865,13375,10650,13150,Naver
2026-04-30,407310,15010,18190,14745,17800,Naver
2026-04-30,407820,8325,9000,7930,8605,Naver
2026-04-30,407830,14110,15645,13810,14925,Naver
2026-04-30,409810,6800,6920,5940,6045,Naver
2026-04-30,409820,13590,17905,13255,17415,Naver
2026-04-30,410870,11510,12260,10385,11750,Naver
2026-04-30,411060,31975,32590,30000,30340,Naver
2026-04-30,411540,15200,18530,14965,18125,Naver
2026-04-30,411860,16880,18295,16880,17230,Naver
2026-04-30,412560,2265,3175,2207,2830,Naver
2026-04-30,412570,1629,2975,1563,2785,Naver
2026-04-30,412770,11900,13255,11370,12400,Naver
2026-04-30,413220,6245,6425,5680,6210,Naver
2026-04-30,413930,20865,27260,20300,26795,Naver
2026-04-30,414270,11770,13890,11675,13620,Naver
2026-04-30,414780,11780,14005,11200,14005,Naver
2026-04-30,415340,11665,14315,11445,14315,Naver
2026-04-30,415760,10855,13320,10625,13320,Naver
2026-04-30,415920,9180,10595,8917,10060,Naver
2026-04-30,416090,10605,13040,10500,13040,Naver
2026-04-30,417450,14455,19455,13575,19180,Naver
2026-04-30,417630,17465,21130,16990,20710,Naver
2026-04-30,418660,32295,41470,31957,40235,Naver
2026-04-30,419420,9120,11395,9065,11180,Naver
2026-04-30,419430,12125,13040,11615,12720,Naver
2026-04-30,419650,4855,7035,4595,6885,Naver
2026-04-30,419890,106415,106830,106385,106710,Naver
2026-04-30,421320,42980,49905,42860,46410,Naver
2026-04-30,422260,9985,11405,9450,10970,Naver
2026-04-30,422420,8545,11220,8360,10840,Naver
2026-04-30,423160,110645,110865,110630,110665,Naver
2026-04-30,423170,39000,51070,38050,49805,Naver
2026-04-30,423920,48145,90570,47930,83055,Naver
2026-04-30,424460,16135,17055,15830,16105,Naver
2026-04-30,426020,29030,32275,28585,31950,Naver
2026-04-30,426030,37395,47550,37095,46500,Naver
2026-04-30,426150,53660,54750,53390,53390,Naver
2026-04-30,427120,6640,7355,6295,6925,Naver
2026-04-30,428510,19940,24900,19935,24640,Naver
2026-04-30,428560,16390,16905,15965,16630,Naver
2026-04-30,429000,13565,13915,13325,13400,Naver
2026-04-30,429010,17180,19185,17180,18410,Naver
2026-04-30,429740,7165,7795,6995,7260,Naver
2026-04-30,429980,15805,19575,15715,19080,Naver
2026-04-30,430500,113250,114820,113195,113195,Naver
2026-04-30,432600,54875,56690,54835,54835,Naver
2026-04-30,432840,18435,19845,18335,19660,Naver
2026-04-30,433220,28130,33610,28055,32875,Naver
2026-04-30,433250,20830,25055,20450,24520,Naver
2026-04-30,433330,20475,22080,20410,21860,Naver
2026-04-30,433500,66265,91220,63565,87075,Naver
2026-04-30,433880,17320,19110,17115,18710,Naver
2026-04-30,433970,13525,14130,13505,14000,Naver
2026-04-30,433980,15490,16095,15170,15955,Naver
2026-04-30,434730,65110,90735,62385,87500,Naver
2026-04-30,434960,79865,102640,77470,100925,Naver
2026-04-30,435040,19420,19800,18900,19310,Naver
2026-04-30,435420,13380,14115,13340,13980,Naver
2026-04-30,435530,15040,15815,14980,15670,Naver
2026-04-30,435540,16755,17625,16550,17495,Naver
2026-04-30,435550,16955,18155,16945,17950,Naver
2026-04-30,436140,108430,109845,108270,108315,Naver
2026-04-30,437080,99540,100385,98855,98870,Naver
2026-04-30,437350,13215,13345,12735,13020,Naver
2026-04-30,437370,11735,11920,10950,11175,Naver
2026-04-30,438080,14090,14560,13980,14430,Naver
2026-04-30,438100,14845,15720,14775,15560,Naver
2026-04-30,438320,5905,6900,5595,6190,Naver
2026-04-30,438560,99860,100535,99765,99810,Naver
2026-04-30,438570,100420,102175,99815,99815,Naver
2026-04-30,438740,34460,41615,33830,40700,Naver
2026-04-30,438900,11880,12595,11725,12380,Naver
2026-04-30,439860,113320,113940,113140,113300,Naver
2026-04-30,439870,100745,104950,99480,99480,Naver
2026-04-30,440340,12680,13500,12400,12570,Naver
2026-04-30,440640,111160,111575,111160,111545,Naver
2026-04-30,440910,25855,27615,24975,24975,Naver
2026-04-30,441540,29370,38670,28560,37160,Naver
2026-04-30,441640,12701,13000,12636,12830,Naver
2026-04-30,441680,11075,11465,11055,11350,Naver
2026-04-30,441800,25935,31330,24950,30555,Naver
2026-04-30,442320,43305,51420,41170,48420,Naver
2026-04-30,442550,13820,14935,13820,14695,Naver
2026-04-30,442570,15865,17480,15785,17255,Naver
2026-04-30,442580,57000,77555,56030,74580,Naver
2026-04-30,444490,18745,20225,18675,20045,Naver
2026-04-30,445150,32225,43955,31400,42350,Naver
2026-04-30,445290,30020,37060,29055,35465,Naver
2026-04-30,445690,26605,31580,26140,30660,Naver
2026-04-30,445910,20160,22710,19805,22245,Naver
2026-04-30,446690,40825,57495,39955,56455,Naver
2026-04-30,446700,12475,15675,12300,15095,Naver
2026-04-30,446720,13600,13610,13125,13535,Naver
2026-04-30,446770,58290,71585,55355,69295,Naver
2026-04-30,447430,17580,19540,17310,18890,Naver
2026-04-30,447620,14475,16280,14475,15680,Naver
2026-04-30,447660,13025,13305,12900,13215,Naver
2026-04-30,447770,14315,14755,13955,14165,Naver
2026-04-30,448100,82085,105325,79200,103080,Naver
2026-04-30,448290,15325,16782,15165,16550,Naver
2026-04-30,448300,18740,21480,18505,21185,Naver
2026-04-30,448330,15021,16255,14981,16045,Naver
2026-04-30,448490,54150,55120,53780,53780,Naver
2026-04-30,448540,25100,26780,24850,26365,Naver
2026-04-30,448570,24625,29090,24385,28520,Naver
2026-04-30,448630,13800,14830,13330,14665,Naver
2026-04-30,449170,110540,110785,110540,110785,Naver
2026-04-30,449180,14745,16185,14595,15960,Naver
2026-04-30,449450,68000,82750,67900,79405,Naver
2026-04-30,449580,16070,17480,15800,16525,Naver
2026-04-30,449680,12860,15270,12820,14900,Naver
2026-04-30,449770,19625,21175,19255,20950,Naver
2026-04-30,449780,16150,18125,15775,17435,Naver
2026-04-30,450180,13250,15685,13170,15225,Naver
2026-04-30,450190,33045,45365,33045,44870,Naver
2026-04-30,451000,109530,111065,106915,109550,Naver
2026-04-30,451060,25790,32965,24825,32250,Naver
2026-04-30,451150,17655,18770,17370,18140,Naver
2026-04-30,451540,54045,54770,53940,53940,Naver
2026-04-30,451600,96735,100285,96515,96515,Naver
2026-04-30,451670,16800,18235,16270,16270,Naver
2026-04-30,452250,5265,5360,5070,5095,Naver
2026-04-30,452360,12275,12400,11955,12350,Naver
2026-04-30,453060,110185,110440,110185,110430,Naver
2026-04-30,453080,18805,21540,18565,21250,Naver
2026-04-30,453330,15540,17055,15360,16850,Naver
2026-04-30,453630,13090,13220,12645,12905,Naver
2026-04-30,453640,13435,13560,12710,12720,Naver
2026-04-30,453660,17805,19140,17455,18555,Naver
2026-04-30,453810,12580,13145,12230,12545,Naver
2026-04-30,453820,13000,14505,12640,13300,Naver
2026-04-30,453850,7550,7635,7420,7430,Naver
2026-04-30,453870,12275,12945,12020,12380,Naver
2026-04-30,453950,26410,34360,26410,31460,Naver
2026-04-30,454180,8845,8990,8400,8510,Naver
2026-04-30,454320,43430,62220,42255,60295,Naver
2026-04-30,454780,101890,103175,101655,101655,Naver
2026-04-30,455030,12950,13090,12615,12735,Naver
2026-04-30,455660,9530,9690,9505,9585,Naver
2026-04-30,455850,24410,31955,23265,31200,Naver
2026-04-30,455860,6135,7605,5950,7280,Naver
2026-04-30,455890,54735,54900,54735,54900,Naver
2026-04-30,455960,13030,13115,12635,12870,Naver
2026-04-30,456200,64310,65140,62895,63505,Naver
2026-04-30,456250,9205,9985,9085,9090,Naver
2026-04-30,456600,41370,56100,40625,54570,Naver
2026-04-30,456610,64460,65100,62760,63615,Naver
2026-04-30,456680,11500,12945,10055,12525,Naver
2026-04-30,456880,13070,13200,12720,12885,Naver
2026-04-30,457480,21060,23180,20050,22840,Naver
2026-04-30,457690,10610,10770,10565,10565,Naver
2026-04-30,457700,10320,10820,10240,10240,Naver
2026-04-30,457930,26060,31475,25835,30740,Naver
2026-04-30,458030,54365,54565,54365,54560,Naver
2026-04-30,458210,109290,109575,109285,109575,Naver
2026-04-30,458250,37360,37995,36470,36520,Naver
2026-04-30,458260,47685,48375,47475,47475,Naver
2026-04-30,458730,14820,14845,14320,14780,Naver
2026-04-30,458750,13178,13178,12620,13025,Naver
2026-04-30,458760,11455,11455,10925,11130,Naver
2026-04-30,459580,1073465,1075680,1073465,1073785,Naver
2026-04-30,459750,16980,18160,16830,17895,Naver
2026-04-30,459790,17595,22040,17595,20635,Naver
2026-04-30,460270,13475,13630,13077,13300,Naver
2026-04-30,460660,11915,11955,11630,11730,Naver
2026-04-30,460960,11850,11985,11610,11875,Naver
2026-04-30,461270,11135,11215,11135,11175,Naver
2026-04-30,461340,29750,43050,29750,39555,Naver
2026-04-30,461450,18070,20350,17325,19535,Naver
2026-04-30,461460,52540,53470,52165,52195,Naver
2026-04-30,461490,14830,15170,14690,14945,Naver
2026-04-30,461500,107315,108640,107140,107140,Naver
2026-04-30,461580,18520,20735,17630,20110,Naver
2026-04-30,461600,8675,8795,8545,8555,Naver
2026-04-30,461900,20665,24000,20425,23275,Naver
2026-04-30,461910,31735,41850,31540,40685,Naver
2026-04-30,461950,6605,8210,6465,7865,Naver
2026-04-30,462010,6630,8075,6425,7710,Naver
2026-04-30,462330,1699,2795,1653,2630,Naver
2026-04-30,462340,15450,15975,15150,15150,Naver
2026-04-30,462900,23090,23875,19940,20720,Naver
2026-04-30,463050,19455,20200,17105,17790,Naver
2026-04-30,463250,43020,53085,42820,50730,Naver
2026-04-30,463290,107865,108205,107865,108195,Naver
2026-04-30,463300,13700,14680,13355,14450,Naver
2026-04-30,463640,16305,16955,15335,15650,Naver
2026-04-30,463680,17490,20710,17010,20280,Naver
2026-04-30,463690,19315,20585,19080,19715,Naver
2026-04-30,464240,52230,52440,52230,52390,Naver
2026-04-30,464310,14305,16090,14035,15655,Naver
2026-04-30,464920,21885,25660,21305,24385,Naver
2026-04-30,464930,19995,21525,19075,21095,Naver
2026-04-30,465330,12955,16530,12630,16000,Naver
2026-04-30,465350,17500,17635,13120,13560,Naver
2026-04-30,465580,21300,24930,21130,24545,Naver
2026-04-30,465610,34080,45805,33555,44345,Naver
2026-04-30,465620,7610,7630,6470,6570,Naver
2026-04-30,465660,20225,24995,19635,23620,Naver
2026-04-30,465670,14980,15400,14500,15005,Naver
2026-04-30,465780,105155,105485,105155,105485,Naver
2026-04-30,466810,7215,9145,7075,8805,Naver
2026-04-30,466920,32360,43020,31645,41560,Naver
2026-04-30,466930,20500,25650,19915,24240,Naver
2026-04-30,466940,25220,27295,24300,26280,Naver
2026-04-30,468370,11925,12025,11715,11815,Naver
2026-04-30,468380,11950,12030,11765,11815,Naver
2026-04-30,468630,12125,12405,11865,11870,Naver
2026-04-30,469050,20070,29380,19880,27150,Naver
2026-04-30,469060,23920,33500,23895,31985,Naver
2026-04-30,469070,13820,16635,13015,15900,Naver
2026-04-30,469150,42920,60115,40965,58600,Naver
2026-04-30,469160,20645,25170,20340,24185,Naver
2026-04-30,469170,7005,8970,6940,8605,Naver
2026-04-30,469530,8580,8860,8535,8755,Naver
2026-04-30,469790,25920,36430,24700,35510,Naver
2026-04-30,469830,53620,53800,53620,53795,Naver
2026-04-30,470310,13565,17175,13000,16570,Naver
2026-04-30,471040,23225,30550,23225,29785,Naver
2026-04-30,471460,52820,55035,51910,51910,Naver
2026-04-30,471760,17935,23060,17055,22420,Naver
2026-04-30,471780,23790,34095,23040,33100,Naver
2026-04-30,471990,24100,32420,22755,31620,Naver
2026-04-30,472150,16340,21045,15835,20325,Naver
2026-04-30,472160,16020,18975,15800,18545,Naver
2026-04-30,472170,13330,14395,13300,14275,Naver
2026-04-30,472720,22800,28055,22055,27680,Naver
2026-04-30,472830,9290,9335,8950,8950,Naver
2026-04-30,472840,79520,101695,76740,99350,Naver
2026-04-30,472870,8060,8075,7680,7685,Naver
2026-04-30,472920,100680,101545,100160,100160,Naver
2026-04-30,473290,10755,10815,10725,10802,Naver
2026-04-30,473330,9385,9430,8700,9050,Naver
2026-04-30,473440,10705,10750,10700,10735,Naver
2026-04-30,473460,21330,24830,21095,24070,Naver
2026-04-30,473590,18635,21885,18590,21540,Naver
2026-04-30,473640,35985,38480,33400,33405,Naver
2026-04-30,474220,14708,16395,14564,16175,Naver
2026-04-30,474390,46790,48715,46280,46280,Naver
2026-04-30,474590,28240,38355,27070,37190,Naver
2026-04-30,474920,15800,17405,15375,16930,Naver
2026-04-30,475050,9960,10200,8955,9780,Naver
2026-04-30,475070,33590,40000,31350,39300,Naver
2026-04-30,475080,8580,8620,8260,8360,Naver
2026-04-30,475260,10615,10945,10615,10660,Naver
2026-04-30,475280,10590,10915,10590,10620,Naver
2026-04-30,475300,17205,22400,16335,21085,Naver
2026-04-30,475310,28415,36585,27115,35405,Naver
2026-04-30,475350,14430,14520,14085,14380,Naver
2026-04-30,475380,11305,11850,11070,11600,Naver
2026-04-30,475630,1062585,1065360,1062580,1065360,Naver
2026-04-30,475720,11750,14095,11560,13790,Naver
2026-04-30,476000,11885,12680,10485,11775,Naver
2026-04-30,476030,15105,17100,15030,16845,Naver
2026-04-30,476070,10660,10830,10120,10130,Naver
2026-04-30,476260,11870,14830,11285,14200,Naver
2026-04-30,476310,9415,9520,8960,8960,Naver
2026-04-30,476450,52085,52265,52080,52255,Naver
2026-04-30,476550,7370,7450,7215,7230,Naver
2026-04-30,476750,8680,8705,8225,8230,Naver
2026-04-30,476760,10240,10300,9905,9910,Naver
2026-04-30,476800,4810,5120,4715,4855,Naver
2026-04-30,476850,17160,21705,16545,21100,Naver
2026-04-30,477050,52765,52950,52755,52950,Naver
2026-04-30,477080,106195,106475,106195,106475,Naver
2026-04-30,477490,17820,20290,17742,19625,Naver
2026-04-30,477730,8055,8695,7820,8220,Naver
2026-04-30,478150,21490,23100,21000,21070,Naver
2026-04-30,479080,53030,53180,53020,53180,Naver
2026-04-30,479520,105215,105455,105215,105450,Naver
2026-04-30,479620,15520,23260,15425,22365,Naver
2026-04-30,479730,10050,10650,9705,10075,Naver
2026-04-30,479850,15820,18710,14690,17250,Naver
2026-04-30,480020,11526,13100,11291,12955,Naver
2026-04-30,480030,10426,11020,10307,10905,Naver
2026-04-30,480040,13336,17720,13282,17125,Naver
2026-04-30,480260,53200,53430,51615,53365,Naver
2026-04-30,480310,13500,18670,13220,18095,Naver
2026-04-30,480460,10350,11450,10345,10720,Naver
2026-04-30,481050,1021555,1023760,1021555,1021850,Naver
2026-04-30,481060,7935,8025,7870,7885,Naver
2026-04-30,481180,12145,12825,10845,12125,Naver
2026-04-30,481190,15450,17865,15357,17610,Naver
2026-04-30,481340,9950,10040,9625,9625,Naver
2026-04-30,481430,100355,102125,99670,99710,Naver
2026-04-30,482030,11745,14875,11405,14360,Naver
2026-04-30,483020,13485,14280,12345,13060,Naver
2026-04-30,483030,11655,11920,10850,10895,Naver
2026-04-30,483240,12035,13685,12030,13630,Naver
2026-04-30,483290,10875,10900,10380,10590,Naver
2026-04-30,483320,17985,23925,17245,22550,Naver
2026-04-30,483330,11295,14425,11000,13780,Naver
2026-04-30,483340,16920,22900,16830,21920,Naver
2026-04-30,483570,15630,16580,14285,16285,Naver
2026-04-30,484880,21280,23225,20335,22335,Naver
2026-04-30,484890,51950,52080,51950,52070,Naver
2026-04-30,485540,13720,16185,13570,15920,Naver
2026-04-30,485690,17020,21575,16865,20980,Naver
2026-04-30,485810,10620,10720,9795,9820,Naver
2026-04-30,486240,20500,29630,20080,28730,Naver
2026-04-30,486290,10030,11135,9965,10935,Naver
2026-04-30,486450,21045,25565,20660,23705,Naver
2026-04-30,486830,52575,52740,52575,52735,Naver
2026-04-30,487130,21845,31505,21040,31000,Naver
2026-04-30,487230,19895,25335,19810,24685,Naver
2026-04-30,487240,31375,53215,30240,52820,Naver
2026-04-30,487340,104330,104675,104325,104675,Naver
2026-04-30,487910,8720,9110,8175,8625,Naver
2026-04-30,487920,7740,8785,7740,8430,Naver
2026-04-30,487950,10900,12810,10855,12140,Naver
2026-04-30,488080,35500,62310,32100,59450,Naver
2026-04-30,488200,13160,17860,12850,17495,Naver
2026-04-30,488210,19995,26425,19260,25295,Naver
2026-04-30,488480,13165,13995,12725,13090,Naver
2026-04-30,488500,12270,12730,12220,12460,Naver
2026-04-30,488720,49590,50260,49580,49600,Naver
2026-04-30,488770,103955,104245,103955,104240,Naver
2026-04-30,488980,51455,51655,51455,51650,Naver
2026-04-30,489000,10050,10100,9750,9760,Naver
2026-04-30,489010,17605,20745,17365,20000,Naver
2026-04-30,489030,8600,8905,8450,8510,Naver
2026-04-30,489290,14650,16040,14520,15815,Naver
2026-04-30,489860,14640,17555,14565,16565,Naver
2026-04-30,490090,14170,16485,14080,16220,Naver
2026-04-30,490330,12200,12970,12140,12235,Naver
2026-04-30,490480,34650,42200,34300,41010,Naver
2026-04-30,490490,11749,11754,11310,11475,Naver
2026-04-30,490590,12350,15710,12320,14710,Naver
2026-04-30,490600,9393,9495,9002,9425,Naver
2026-04-30,491010,23450,30312,23210,29415,Naver
2026-04-30,491090,15545,18050,15470,17735,Naver
2026-04-30,491220,94670,121255,91090,118665,Naver
2026-04-30,491230,51835,52020,50300,52000,Naver
2026-04-30,491510,17305,19230,16790,18930,Naver
2026-04-30,491610,103630,103875,103625,103865,Naver
2026-04-30,491620,10130,11635,10105,10960,Naver
2026-04-30,491630,10165,10280,7100,7325,Naver
2026-04-30,491700,80810,104090,77785,100655,Naver
2026-04-30,491820,37850,64010,36645,63470,Naver
2026-04-30,491830,14800,20565,14695,19555,Naver
2026-04-30,492500,50890,51125,50845,50980,Naver
2026-04-30,493420,12589,12655,12130,12525,Naver
2026-04-30,493810,10891,12540,10846,12365,Naver
2026-04-30,494180,12880,14115,12880,13860,Naver
2026-04-30,494210,10490,11335,10475,11130,Naver
2026-04-30,494220,30815,44785,29075,43035,Naver
2026-04-30,494300,9575,10350,9475,10010,Naver
2026-04-30,494310,57260,105485,52620,100485,Naver
2026-04-30,494330,20940,26865,20365,26190,Naver
2026-04-30,494340,13835,20235,13755,18500,Naver
2026-04-30,494410,12425,14465,12385,14000,Naver
2026-04-30,494420,9312,9790,9282,9585,Naver
2026-04-30,494670,26000,33960,25130,32640,Naver
2026-04-30,494840,14795,15425,13040,13390,Naver
2026-04-30,494890,22985,29565,22220,28895,Naver
2026-04-30,495040,23411,29940,22852,29335,Naver
2026-04-30,495050,23552,30245,22928,29645,Naver
2026-04-30,495060,21615,28375,20965,27530,Naver
2026-04-30,495230,23915,30630,23135,30075,Naver
2026-04-30,495550,24200,30715,23350,30150,Naver
2026-04-30,495710,51485,51615,51470,51615,Naver
2026-04-30,495750,23535,30050,22865,29380,Naver
2026-04-30,495850,23750,30125,22850,29500,Naver
2026-04-30,495940,15080,20700,14945,20140,Naver
2026-04-30,496020,51695,51867,51685,51865,Naver
2026-04-30,496090,23790,30055,22900,29440,Naver
2026-04-30,496120,24090,30455,23250,29760,Naver
2026-04-30,496770,20700,21750,17955,18240,Naver
2026-04-30,497510,13145,13145,11860,11905,Naver
2026-04-30,497520,12145,12730,11290,11555,Naver
2026-04-30,497570,16870,21940,16715,20210,Naver
2026-04-30,497780,12130,12200,11075,11735,Naver
2026-04-30,497880,50015,50145,50010,50055,Naver
2026-04-30,498050,16180,16620,14460,14860,Naver
2026-04-30,498180,96030,96610,95380,95405,Naver
2026-04-30,498270,11995,14890,11745,14070,Naver
2026-04-30,498400,16433,20830,15851,20510,Naver
2026-04-30,498410,12895,13620,12490,13050,Naver
2026-04-30,498610,8360,8810,8120,8285,Naver
2026-04-30,499150,10370,11155,10175,10840,Naver
2026-04-30,499660,1000150,1002275,1000150,1000480,Naver
2026-05-01,0000H0,10655,11390,10600,11320,Yahoo
2026-05-01,0021D0,11235,11630,11200,11530,Yahoo
2026-05-01,0023B0,17625,23030,17590,22780,Yahoo
2026-05-01,0048J0,14720,15210,14475,15060,Yahoo
2026-05-01,0083S0,10265,10400,9510,10390,Yahoo
2026-05-01,0092B0,24420,25640,18565,19305,Yahoo
2026-05-01,0093B0,12280,13870,12280,13870,Yahoo
2026-05-01,0094M0,18655,22700,18455,22560,Yahoo
2026-05-01,0105E0,13940,14765,13185,13625,Yahoo
2026-05-01,0127M0,11455,12620,11300,12550,Yahoo
2026-05-01,0127V0,11105,11830,10920,11725,Yahoo
2026-05-01,0153P0,10770,10780,9580,9590,Yahoo
2026-05-01,0154F0,14205,15620,12605,12895,Yahoo
2026-05-01,0155M0,9405,10185,8105,9150,Yahoo
2026-05-01,0163Y0,13075,13745,11345,12015,Yahoo
2026-05-01,0168K0,9490,9510,7515,8535,Yahoo
2026-05-01,0173Y0,13590,15850,12900,14705,Yahoo
2026-05-01,0178H0,10285,10525,9900,10345,Yahoo
2026-05-01,0182S0,10840,13805,10810,13725,Yahoo
2026-05-01,0183V0,10650,13450,10555,13225,Yahoo
2026-05-01,091170,16065,16095,14245,14515,Yahoo
2026-05-01,099140,23500,24650,22760,23300,Yahoo
2026-05-01,104530,20950,22060,18365,18750,Yahoo
2026-05-01,105780,16120,22145,16000,22040,Yahoo
2026-05-01,114460,101145,103500,100490,100925,Yahoo
2026-05-01,122260,103395,103480,103385,103450,Yahoo
2026-05-01,136340,104425,104580,104025,104200,Yahoo
2026-05-01,138910,9235,10350,9180,9885,Yahoo
2026-05-01,139220,10000,10940,8320,9280,Yahoo
2026-05-01,139280,13695,13765,12275,12860,Yahoo
2026-05-01,139320,19790,20695,18680,19350,Yahoo
2026-05-01,147970,91190,105360,85000,105055,Yahoo
2026-05-01,153270,77700,104195,77700,104195,Yahoo
2026-05-01,174360,25945,28005,25740,27075,Yahoo
2026-05-01,182480,13545,14450,13155,13680,Yahoo
2026-05-01,195920,31900,34350,31115,34135,Yahoo
2026-05-01,196030,75000,88025,74995,84960,Yahoo
2026-05-01,217770,1238,1358,1159,1356,Yahoo
2026-05-01,219480,31340,32805,31292,32805,Yahoo
2026-05-01,245340,35390,37560,34850,37065,Yahoo
2026-05-01,251600,16050,16415,15380,15690,Yahoo
2026-05-01,252000,22870,22960,20140,21910,Yahoo
2026-05-01,261140,26385,29720,25255,28890,Yahoo
2026-05-01,280920,24835,30245,24725,30140,Yahoo
2026-05-01,287180,50000,61990,50000,59850,Yahoo
2026-05-01,292770,57315,57735,57275,57580,Yahoo
2026-05-01,293180,103025,135760,102445,135760,Yahoo
2026-05-01,316670,10085,10385,8655,9355,Yahoo
2026-05-01,325020,28410,32780,28110,32660,Yahoo
2026-05-01,328370,37745,47555,37745,47415,Yahoo
2026-05-01,329750,13780,14395,13500,14125,Yahoo
2026-05-01,360150,5150,5195,3540,3570,Yahoo
2026-05-01,365780,84165,84260,81580,83235,Yahoo
2026-05-01,367770,29975,33095,27200,31500,Yahoo
2026-05-01,371150,7715,8400,7610,7915,Yahoo
2026-05-01,372330,7935,8600,7855,8085,Yahoo
2026-05-01,385710,14900,16110,13645,15175,Yahoo
2026-05-01,394660,18390,21100,18385,20965,Yahoo
2026-05-01,395760,21740,26355,21690,26180,Yahoo
2026-05-01,400570,10155,11015,10125,10990,Yahoo
2026-05-01,411420,27845,30970,27670,30970,Yahoo
2026-05-01,418670,12095,16200,12080,15340,Yahoo
2026-05-01,429760,19595,21055,18235,21055,Yahoo
2026-05-01,434060,17825,18675,17750,18550,Yahoo
2026-05-01,437070,64210,66090,63335,65530,Yahoo
2026-05-01,438330,115095,115205,113830,114815,Yahoo
2026-05-01,440650,12240,12630,12025,12530,Yahoo
2026-05-01,442090,32325,38110,30750,37680,Yahoo
2026-05-01,442260,35415,47210,35415,47210,Yahoo
2026-05-01,442560,16540,17810,16330,17635,Yahoo
2026-05-01,444200,51505,60625,50800,60530,Yahoo
2026-05-01,449190,20955,22895,20945,22890,Yahoo
2026-05-01,449690,44615,62750,44605,58500,Yahoo
2026-05-01,450910,19770,20400,17035,18330,Yahoo
2026-05-01,451530,45220,45340,38865,41705,Yahoo
2026-05-01,453010,108930,118485,108930,109125,Yahoo
2026-05-01,453650,18740,19290,18230,18810,Yahoo
2026-05-01,457990,53315,53340,41005,45885,Yahoo
2026-05-01,459560,23085,27720,23085,27450,Yahoo
2026-05-01,464470,53060,54200,52305,54165,Yahoo
2026-05-01,464600,22870,38595,22535,38145,Yahoo
2026-05-01,464610,9630,9885,8540,8875,Yahoo
2026-05-01,466950,32110,41255,32110,41255,Yahoo
2026-05-01,471230,106175,106215,102780,104825,Yahoo
2026-05-01,473490,28690,35715,28690,35640,Yahoo
2026-05-01,474800,15980,16965,15000,15485,Yahoo
2026-05-01,475270,10640,10660,10635,10655,Yahoo
2026-05-01,476690,10045,11090,9685,11090,Yahoo
2026-05-01,482730,12190,13080,12070,12980,Yahoo
2026-05-01,483280,12925,13880,12740,13690,Yahoo
2026-05-01,483420,21315,27675,21315,27675,Yahoo
2026-05-01,484790,8620,8680,8300,8570,Yahoo
2026-05-01,487750,28800,44780,28800,43370,Yahoo
2026-05-01,488290,43000,55430,42165,52380,Yahoo
2026-05-01,489250,12815,13630,12540,13400,Yahoo
2026-05-01,495330,30025,39525,29942,38965,Yahoo
2026-05-01,496080,30170,39475,30045,39025,Yahoo
2026-05-01,496130,25380,31635,25380,30875,Yahoo
2026-05-01,498860,20250,22245,17755,18180,Yahoo
2026-05-29,0000D0,10310,10575,9515,10180,Naver
2026-05-29,0000J0,41865,42400,34410,35640,Naver
2026-05-29,0000Y0,101010,101135,100990,101135,Naver
2026-05-29,0000Z0,15340,15465,11885,13110,Naver
2026-05-29,0001P0,12905,12995,10660,11055,Naver
2026-05-29,0002C0,9675,10160,9380,10130,Naver
2026-05-29,0004G0,8990,9365,8775,9320,Naver
2026-05-29,0005A0,9900,10705,9530,10525,Naver
2026-05-29,0005C0,11280,12160,10925,12090,Naver
2026-05-29,0005D0,25340,25930,19540,22685,Naver
2026-05-29,0005G0,43095,75230,42820,75230,Naver
2026-05-29,0007F0,10100,10275,10095,10115,Naver
2026-05-29,0007G0,17420,18120,15240,16380,Naver
2026-05-29,0007N0,103255,136090,102725,136025,Naver
2026-05-29,0008E0,14405,15420,14145,15380,Naver
2026-05-29,0008S0,10150,10735,9975,10580,Naver
2026-05-29,0008T0,16575,17040,13830,14180,Naver
2026-05-29,0013P0,12010,12500,11740,12160,Naver
2026-05-29,0013R0,9000,9685,8930,9495,Naver
2026-05-29,0015B0,20845,24375,20770,24375,Naver
2026-05-29,0015E0,10710,11250,10400,10795,Naver
2026-05-29,0015F0,10400,10400,9575,10185,Naver
2026-05-29,0015K0,7505,7830,7275,7830,Naver
2026-05-29,0016X0,50985,51075,50925,51035,Naver
2026-05-29,0017Y0,96215,96245,94010,94980,Naver
2026-05-29,0018C0,13180,13240,11195,11710,Naver
2026-05-29,0018Z0,18600,23040,18425,22990,Naver
2026-05-29,0019K0,13340,14690,13210,14500,Naver
2026-05-29,0020H0,23005,36215,22600,31460,Naver
2026-05-29,0021C0,13510,14585,13510,14550,Naver
2026-05-29,0021E0,12515,13290,12320,13195,Naver
2026-05-29,0022T0,14910,15505,14375,14890,Naver
2026-05-29,0023A0,29110,39235,27185,38940,Naver
2026-05-29,0025N0,11970,12750,11435,12695,Naver
2026-05-29,0026E0,11965,12510,11800,12360,Naver
2026-05-29,0026S0,12915,13870,12830,13860,Naver
2026-05-29,0028X0,11455,11530,10935,11450,Naver
2026-05-29,0035T0,21400,26525,20610,26520,Naver
2026-05-29,0036D0,12065,13735,12065,13320,Naver
2026-05-29,0036R0,19845,22785,19810,22685,Naver
2026-05-29,0036Z0,13705,15000,12800,13465,Naver
2026-05-29,0038A0,17160,19035,17020,19035,Naver
2026-05-29,0040S0,24500,30375,24495,30375,Naver
2026-05-29,0040X0,9905,10100,9500,10045,Naver
2026-05-29,0040Y0,8570,8825,8000,8610,Naver
2026-05-29,0041D0,12550,14160,12225,14135,Naver
2026-05-29,0041E0,16460,18800,16330,18360,Naver
2026-05-29,0043B0,102370,102600,102370,102600,Naver
2026-05-29,0043Y0,19220,25960,19120,25630,Naver
2026-05-29,0046A0,10185,10515,10000,10415,Naver
2026-05-29,0046Y0,12870,13565,12000,13420,Naver
2026-05-29,0047A0,13655,16155,13615,15830,Naver
2026-05-29,0047N0,11055,12085,10890,11490,Naver
2026-05-29,0047P0,14630,16800,14400,16770,Naver
2026-05-29,0047R0,14315,15820,14030,15820,Naver
2026-05-29,0048K0,10385,12700,10290,10910,Naver
2026-05-29,0049K0,11225,11625,10735,11525,Naver
2026-05-29,0049M0,11700,12400,11170,12240,Naver
2026-05-29,0050E0,7655,8890,7535,8730,Naver
2026-05-29,0051A0,23695,27900,23695,27770,Naver
2026-05-29,0051G0,16960,17735,14900,16650,Naver
2026-05-29,0052D0,16725,17275,15530,16415,Naver
2026-05-29,0052S0,11940,12600,11820,12525,Naver
2026-05-29,0052T0,50225,50340,50200,50320,Naver
2026-05-29,0053L0,12530,14540,12395,13155,Naver
2026-05-29,0053M0,15855,16870,14170,14795,Naver
2026-05-29,0057H0,11995,12640,11880,12575,Naver
2026-05-29,0060H0,12685,13765,12685,13690,Naver
2026-05-29,0061Z0,50525,50625,50525,50620,Naver
2026-05-29,0064K0,14210,14815,13750,14205,Naver
2026-05-29,0065G0,10110,11160,10025,10100,Naver
2026-05-29,0066W0,14360,14995,13920,14400,Naver
2026-05-29,0067V0,10950,12250,10810,11560,Naver
2026-05-29,0067Y0,12510,14690,12450,14690,Naver
2026-05-29,0068M0,12030,12740,11925,12295,Naver
2026-05-29,0069M0,13500,15105,13485,15105,Naver
2026-05-29,0072R0,14435,15005,13790,14290,Naver
2026-05-29,0073X0,10505,11235,10250,10400,Naver
2026-05-29,0074K0,19300,22840,18665,22090,Naver
2026-05-29,0078V0,11095,11920,11005,11705,Naver
2026-05-29,0079X0,12435,13370,11950,12060,Naver
2026-05-29,0080G0,15265,15600,12555,13020,Naver
2026-05-29,0080X0,11470,11995,11345,11990,Naver
2026-05-29,0080Y0,23130,23635,15655,18320,Naver
2026-05-29,0082F0,10545,11220,9825,11220,Naver
2026-05-29,0082V0,12000,12550,11845,12425,Naver
2026-05-29,0084D0,11700,12745,11645,12745,Naver
2026-05-29,0084E0,10660,11315,10565,11315,Naver
2026-05-29,0085N0,9980,10000,9780,9920,Naver
2026-05-29,0085P0,10680,10930,10515,10865,Naver
2026-05-29,0086B0,11275,11275,9900,9920,Naver
2026-05-29,0086C0,10640,10640,9970,10000,Naver
2026-05-29,0087F0,11960,14540,11920,14400,Naver
2026-05-29,0088N0,15265,15375,12675,13000,Naver
2026-05-29,0089B0,11525,12355,11475,12355,Naver
2026-05-29,0089C0,11450,12290,11390,12290,Naver
2026-05-29,0089D0,13715,14080,12420,12690,Naver
2026-05-29,0090B0,14695,14715,10525,10825,Naver
2026-05-29,0091C0,9845,9875,9630,9785,Naver
2026-05-29,0091M0,10080,10890,10080,10090,Naver
2026-05-29,0091P0,26710,28075,20250,21040,Naver
2026-05-29,0092C0,49840,49920,49825,49890,Naver
2026-05-29,0093A0,36700,42445,34545,38635,Naver
2026-05-29,0093D0,17040,21090,16570,20745,Naver
2026-05-29,0094K0,98865,99015,98650,98890,Naver
2026-05-29,0094L0,9065,9695,8855,8960,Naver
2026-05-29,0094X0,9695,10790,9670,9975,Naver
2026-05-29,0097L0,13480,13930,12995,13290,Naver
2026-05-29,0098F0,23620,25110,18570,19565,Naver
2026-05-29,0098N0,13385,13560,12350,12705,Naver
2026-05-29,0098Z0,87455,114815,87400,114815,Naver
2026-05-29,0099L0,98790,99005,98590,98825,Naver
2026-05-29,0100K0,16555,17160,11030,11900,Naver
2026-05-29,0101N0,25845,32110,23340,24000,Naver
2026-05-29,0102A0,7740,9405,7505,9405,Naver
2026-05-29,0102X0,9795,10410,9080,10410,Naver
2026-05-29,0103T0,9470,11450,8435,11450,Naver
2026-05-29,0104G0,16670,17470,11125,11810,Naver
2026-05-29,0104H0,12560,14065,12020,13300,Naver
2026-05-29,0104N0,20300,26430,20200,26430,Naver
2026-05-29,0104P0,12220,12620,11320,11815,Naver
2026-05-29,0105D0,10140,13400,9375,13145,Naver
2026-05-29,0107F0,11545,12325,11000,12145,Naver
2026-05-29,0111J0,18120,22365,16380,16845,Naver
2026-05-29,0111P0,11090,12420,11055,11920,Naver
2026-05-29,0112X0,38525,50755,38440,50670,Naver
2026-05-29,0113D0,11920,12890,11555,12890,Naver
2026-05-29,0113G0,9765,10415,9490,10415,Naver
2026-05-29,0113P0,101445,101645,101445,101645,Naver
2026-05-29,0114X0,7890,8680,7600,8665,Naver
2026-05-29,0115C0,11035,11775,10790,11620,Naver
2026-05-29,0115D0,11755,11795,9540,10325,Naver
2026-05-29,0115E0,15600,17325,14320,17170,Naver
2026-05-29,0117L0,10070,10095,10070,10095,Naver
2026-05-29,0117V0,28225,32990,23660,24395,Naver
2026-05-29,0118S0,12170,16015,11995,15990,Naver
2026-05-29,0118Z0,10015,10800,9800,10625,Naver
2026-05-29,0119H0,9870,9890,9835,9860,Naver
2026-05-29,0120J0,9880,10065,8030,8510,Naver
2026-05-29,0122W0,50565,50635,50550,50635,Naver
2026-05-29,0123G0,8550,8905,7630,8680,Naver
2026-05-29,0123S0,10110,10135,10085,10120,Naver
2026-05-29,0127P0,10650,11750,10265,11750,Naver
2026-05-29,0127R0,15805,19800,15805,19800,Naver
2026-05-29,0127T0,11070,12045,10920,11800,Naver
2026-05-29,0128D0,8235,8735,8020,8225,Naver
2026-05-29,0131A0,10025,10030,9020,9485,Naver
2026-05-29,0131V0,12210,16925,11825,16645,Naver
2026-05-29,0131W0,101232,101395,101225,101390,Naver
2026-05-29,0132D0,10025,10445,9225,9265,Naver
2026-05-29,0132H0,11415,11915,10080,11050,Naver
2026-05-29,0132K0,8900,9230,8820,9110,Naver
2026-05-29,0133E0,9390,9590,8540,8970,Naver
2026-05-29,0135Y0,100025,100135,99580,99900,Naver
2026-05-29,0137V0,11145,12745,11085,12735,Naver
2026-05-29,0137W0,10445,11200,10370,11155,Naver
2026-05-29,0138D0,15860,18800,15580,17465,Naver
2026-05-29,0138T0,9980,10595,9565,10570,Naver
2026-05-29,0138Y0,10330,10555,10155,10340,Naver
2026-05-29,0139F0,101190,101355,101170,101345,Naver
2026-05-29,0139P0,14265,15425,13430,13785,Naver
2026-05-29,0141S0,15630,15630,10880,10945,Naver
2026-05-29,0141T0,50025,50070,49845,49985,Naver
2026-05-29,0142D0,11705,14110,11695,14100,Naver
2026-05-29,0144L0,10010,10995,9600,10845,Naver
2026-05-29,0144M0,8365,10470,8025,10450,Naver
2026-05-29,0148J0,13100,15770,11260,13845,Naver
2026-05-29,0150K0,17570,17930,13800,14770,Naver
2026-05-29,0151P0,16850,20095,16780,19690,Naver
2026-05-29,0151S0,14570,17835,14545,17825,Naver
2026-05-29,0152E0,12305,12865,11145,11305,Naver
2026-05-29,0153K0,12025,12650,11340,12000,Naver
2026-05-29,0153X0,11235,11600,10870,11275,Naver
2026-05-29,0154H0,9370,9560,8095,8470,Naver
2026-05-29,0155N0,10000,12300,9025,11340,Naver
2026-05-29,0162L0,12885,18915,12770,16535,Naver
2026-05-29,0162M0,9985,10010,9960,10000,Naver
2026-05-29,0162Y0,10965,11995,9790,10570,Naver
2026-05-29,0162Z0,11570,14720,11510,14615,Naver
2026-05-29,0164G0,12655,17495,12495,16025,Naver
2026-05-29,0166N0,11910,12115,9980,10520,Naver
2026-05-29,0166S0,12210,15190,12170,15030,Naver
2026-05-29,0166T0,10075,10510,9945,10400,Naver
2026-05-29,0167A0,14850,25200,14805,25200,Naver
2026-05-29,0167B0,11950,15400,11845,15135,Naver
2026-05-29,0167Z0,10150,15965,9815,15030,Naver
2026-05-29,0172V0,10515,12560,10080,10715,Naver
2026-05-29,0172Y0,11455,12465,10555,11615,Naver
2026-05-29,0174B0,11990,18007,11880,17225,Naver
2026-05-29,0174J0,10160,10160,8830,8850,Naver
2026-05-29,0174R0,11335,12285,11305,12285,Naver
2026-05-29,0176E0,12650,13275,12020,12965,Naver
2026-05-29,0176P0,12805,17220,12705,16765,Naver
2026-05-29,0177A0,12520,13740,10935,12645,Naver
2026-05-29,0177N0,12295,15570,12260,15455,Naver
2026-05-29,0177R0,11635,15800,11620,15340,Naver
2026-05-29,0177X0,12895,16365,11700,14500,Naver
2026-05-29,0180V0,10165,15515,9850,14945,Naver
2026-05-29,0181B0,10355,12250,9200,11380,Naver
2026-05-29,0181L0,9165,15545,8810,14190,Naver
2026-05-29,0182R0,11880,15590,11745,14705,Naver
2026-05-29,0183J0,9960,19545,9475,18020,Naver
2026-05-29,0184E0,10400,12400,10400,12115,Naver
2026-05-29,0184L0,99940,99975,99675,99850,Naver
2026-05-29,0184N0,10485,10500,9495,9780,Naver
2026-05-29,0184V0,9740,10170,8150,9060,Naver
2026-05-29,0185L0,10000,11670,9640,10485,Naver
2026-05-29,0186L0,10005,11700,9970,11560,Naver
2026-05-29,0186S0,9910,10350,9195,9565,Naver
2026-05-29,0189B0,10015,11890,9710,10305,Naver
2026-05-29,0190C0,12145,14715,10230,14600,Naver
2026-05-29,0190G0,11090,12050,9830,11190,Naver
2026-05-29,0190M0,10670,11625,9820,11615,Naver
2026-05-29,0190Y0,10185,10980,9835,10505,Naver
2026-05-29,0191B0,37275,42510,34575,37040,Naver
2026-05-29,0191S0,18710,20840,17415,18785,Naver
2026-05-29,0191W0,100030,100215,100000,100165,Naver
2026-05-29,0192L0,32090,32090,21935,25730,Naver
2026-05-29,0192M0,23205,23285,18460,22670,Naver
2026-05-29,0192S0,9760,10515,9475,10495,Naver
2026-05-29,0192T0,9460,10715,8690,9655,Naver
2026-05-29,0192Z0,99990,100225,99920,100150,Naver
2026-05-29,0193G0,9365,10910,8880,10845,Naver
2026-05-29,0193K0,24660,24900,19930,24475,Naver
2026-05-29,0193L0,17180,21220,16790,17100,Naver
2026-05-29,0193T0,28505,31355,25540,29895,Naver
2026-05-29,0193W0,24885,25960,19917,24315,Naver
2026-05-29,0194M0,22810,24065,18390,22535,Naver
2026-05-29,0194N0,22785,23200,18290,22430,Naver
2026-05-29,0194R0,32000,32000,21770,25440,Naver
2026-05-29,0194T0,31985,31985,21390,25500,Naver
2026-05-29,0195R0,23380,23390,18395,22500,Naver
2026-05-29,0195S0,24650,26930,21735,25370,Naver
2026-05-29,0197W0,25000,26705,21725,25330,Naver
2026-05-29,0197X0,16260,17670,13950,14850,Naver
2026-05-29,0198B0,23865,25465,19295,23580,Naver
2026-05-29,0198D0,35930,35930,24405,28635,Naver
2026-05-29,069500,102530,134950,101865,134815,Naver
2026-05-29,069660,102475,135315,101950,135315,Naver
2026-05-29,091160,126585,170790,126215,160980,Naver
2026-05-29,091180,32675,41675,32465,41120,Naver
2026-05-29,091220,16655,16655,14825,15195,Naver
2026-05-29,091230,133000,179920,132110,169745,Naver
2026-05-29,100910,15910,21360,15910,21275,Naver
2026-05-29,101280,29160,32010,28875,31640,Naver
2026-05-29,102110,102560,135030,101890,134960,Naver
2026-05-29,102780,23160,32750,22915,32750,Naver
2026-05-29,102960,21015,22000,17170,18360,Naver
2026-05-29,102970,27350,34170,24780,25680,Naver
2026-05-29,104520,15815,17135,15080,16910,Naver
2026-05-29,105010,7110,7265,6600,7010,Naver
2026-05-29,105190,103080,135735,102405,135735,Naver
2026-05-29,108450,37460,48725,36840,48640,Naver
2026-05-29,108590,102200,134975,101815,134975,Naver
2026-05-29,114100,107100,107285,106435,106865,Naver
2026-05-29,114260,61475,63000,61100,61390,Naver
2026-05-29,114470,108385,108515,107720,108145,Naver
2026-05-29,114800,1312,1324,971,971,Naver
2026-05-29,114820,104620,104795,103965,104415,Naver
2026-05-29,117460,19255,19370,15285,16315,Naver
2026-05-29,117680,17770,18080,14830,15415,Naver
2026-05-29,117690,21500,22500,20750,21115,Naver
2026-05-29,117700,9430,9950,7445,8010,Naver
2026-05-29,122090,74195,102175,73860,102175,Naver
2026-05-29,122630,120860,204445,119800,204400,Naver
2026-05-29,123310,1473,1485,1091,1094,Naver
2026-05-29,123320,120500,204505,119805,204505,Naver
2026-05-29,130680,7685,8190,6890,6910,Naver
2026-05-29,130730,102180,102350,102170,102315,Naver
2026-05-29,131890,38570,45830,37220,45830,Naver
2026-05-29,132030,26160,27060,24690,25535,Naver
2026-05-29,133690,180515,201945,180055,201945,Naver
2026-05-29,137610,5550,6000,5340,5395,Naver
2026-05-29,138230,17060,17635,16770,17500,Naver
2026-05-29,138520,32410,44885,31720,44730,Naver
2026-05-29,138530,12140,17000,11905,17000,Naver
2026-05-29,138540,62795,78945,60920,75200,Naver
2026-05-29,138920,12265,12400,11900,12095,Naver
2026-05-29,139230,20300,20975,16420,17830,Naver
2026-05-29,139240,15700,16100,12800,13150,Naver
2026-05-29,139250,21295,23000,18205,20430,Naver
2026-05-29,139260,117615,187940,117615,187940,Naver
2026-05-29,139270,16970,17737,15955,16545,Naver
2026-05-29,139290,28080,36265,27795,35370,Naver
2026-05-29,139660,7865,8025,7650,7675,Naver
2026-05-29,140570,29510,32555,26745,32555,Naver
2026-05-29,140580,26995,30025,26220,28785,Naver
2026-05-29,140700,15895,19275,15665,18425,Naver
2026-05-29,140710,6955,7335,6390,6775,Naver
2026-05-29,140950,79505,106590,79250,106590,Naver
2026-05-29,143850,73605,76965,73560,76960,Naver
2026-05-29,143860,47205,47420,40100,43645,Naver
2026-05-29,144600,12435,14605,11785,12410,Naver
2026-05-29,145670,1660,1660,1202,1216,Naver
2026-05-29,145850,107255,137935,107255,137935,Naver
2026-05-29,148020,103405,136320,102620,136320,Naver
2026-05-29,148070,106730,106775,103410,105440,Naver
2026-05-29,150460,8170,8250,7270,7365,Naver
2026-05-29,152100,104290,137025,103615,137010,Naver
2026-05-29,152380,66225,66315,64195,65455,Naver
2026-05-29,152500,49645,83490,49010,83345,Naver
2026-05-29,152870,103525,136660,103165,136660,Naver
2026-05-29,153130,113340,113410,113120,113275,Naver
2026-05-29,156080,47900,63900,47765,63850,Naver
2026-05-29,157450,111650,111825,111640,111820,Naver
2026-05-29,157490,9325,10745,8515,10650,Naver
2026-05-29,157500,18930,23620,17220,17785,Naver
2026-05-29,159800,80250,107525,80250,107525,Naver
2026-05-29,160580,15695,17915,15530,16900,Naver
2026-05-29,161510,27455,28840,25445,26490,Naver
2026-05-29,166400,22530,24145,20505,23835,Naver
2026-05-29,167860,96775,96775,90700,94110,Naver
2026-05-29,168580,37945,40530,37365,39400,Naver
2026-05-29,169950,27905,29235,27340,28855,Naver
2026-05-29,174350,20905,21295,19775,20215,Naver
2026-05-29,176950,58520,60310,58455,59315,Naver
2026-05-29,181480,85025,86095,82195,84900,Naver
2026-05-29,182490,13820,13895,13675,13825,Naver
2026-05-29,183700,92840,106675,92840,106100,Naver
2026-05-29,183710,89830,109850,87925,109260,Naver
2026-05-29,185680,41065,43660,40445,43540,Naver
2026-05-29,189400,24220,25770,24220,25770,Naver
2026-05-29,190620,101160,105405,101155,101300,Naver
2026-05-29,192090,13720,14615,13510,14400,Naver
2026-05-29,192720,61100,64545,56955,59075,Naver
2026-05-29,195930,21490,23000,20880,22125,Naver
2026-05-29,195970,15595,16590,15270,15995,Naver
2026-05-29,195980,14465,15595,14135,15480,Naver
2026-05-29,196230,116030,116205,116030,116195,Naver
2026-05-29,200030,43740,45330,43245,45150,Naver
2026-05-29,200250,23005,23480,22415,23115,Naver
2026-05-29,203780,31010,32815,30855,32725,Naver
2026-05-29,204450,2585,2775,2275,2380,Naver
2026-05-29,204480,31545,35000,30510,33890,Naver
2026-05-29,205720,1630,1633,1500,1524,Naver
2026-05-29,210780,26170,26870,23700,24175,Naver
2026-05-29,211560,38455,41555,35550,39115,Naver
2026-05-29,211900,30835,33275,28510,31325,Naver
2026-05-29,213610,20435,26700,20185,26580,Naver
2026-05-29,213630,19720,20325,19090,19950,Naver
2026-05-29,214980,114795,114875,114585,114660,Naver
2026-05-29,215620,18375,18375,16250,16510,Naver
2026-05-29,217780,5150,5150,4610,4765,Naver
2026-05-29,218420,20185,21430,18705,19625,Naver
2026-05-29,219390,7870,7985,7055,7235,Naver
2026-05-29,219900,5225,5900,5060,5710,Naver
2026-05-29,220130,7190,7800,6940,7170,Naver
2026-05-29,223190,27220,32930,27210,32930,Naver
2026-05-29,225030,2370,2380,2265,2270,Naver
2026-05-29,225040,60985,66755,59805,66745,Naver
2026-05-29,225050,13755,15460,13410,14880,Naver
2026-05-29,225060,15165,18180,14825,17590,Naver
2026-05-29,225130,55825,60330,50250,53760,Naver
2026-05-29,225800,16980,18060,16440,17775,Naver
2026-05-29,226380,6930,6930,5935,6120,Naver
2026-05-29,226490,69385,87185,69080,86885,Naver
2026-05-29,226980,29805,29805,25420,26900,Naver
2026-05-29,227540,20805,20810,18300,20000,Naver
2026-05-29,227550,16375,17020,13980,14635,Naver
2026-05-29,227560,14305,14325,12650,12830,Naver
2026-05-29,227570,24230,24230,21200,22205,Naver
2026-05-29,227830,69625,87550,69625,87285,Naver
2026-05-29,228790,4030,4140,3410,3490,Naver
2026-05-29,228800,3410,3460,2980,3010,Naver
2026-05-29,228810,4905,4920,3710,3750,Naver
2026-05-29,228820,18150,23355,17995,23325,Naver
2026-05-29,229200,20125,20800,17335,18730,Naver
2026-05-29,229720,35870,46745,35805,46745,Naver
2026-05-29,230480,4120,4260,3870,3930,Naver
2026-05-29,232080,20515,21195,17700,19055,Naver
2026-05-29,233160,18905,19795,13875,16040,Naver
2026-05-29,233740,17095,17800,12540,14475,Naver
2026-05-29,234310,30015,33415,29650,32915,Naver
2026-05-29,236350,33790,34780,30795,32780,Naver
2026-05-29,237350,80795,108065,80450,107960,Naver
2026-05-29,237370,16155,16500,15710,16170,Naver
2026-05-29,237440,10435,10485,10110,10185,Naver
2026-05-29,238670,13435,13570,12900,13435,Naver
2026-05-29,238720,42930,50000,42890,48215,Naver
2026-05-29,239660,120710,120905,120670,120840,Naver
2026-05-29,241180,33380,38650,33380,37960,Naver
2026-05-29,241390,16490,17295,16220,17025,Naver
2026-05-29,243880,358500,847460,345005,846000,Naver
2026-05-29,243890,13910,15325,10225,12710,Naver
2026-05-29,244580,12375,12445,10055,11020,Naver
2026-05-29,244620,23625,25900,22110,24170,Naver
2026-05-29,244660,10400,10590,9500,9660,Naver
2026-05-29,244670,13465,13515,11880,12000,Naver
2026-05-29,245350,19335,20690,18800,20060,Naver
2026-05-29,245360,13500,14600,13010,13345,Naver
2026-05-29,245710,31640,32880,29335,32005,Naver
2026-05-29,248270,24465,26385,24180,25960,Naver
2026-05-29,250730,10160,10600,9580,9855,Naver
2026-05-29,250780,1968,2290,1891,2105,Naver
2026-05-29,251340,1968,2280,1880,2080,Naver
2026-05-29,251350,39000,42700,38870,41925,Naver
2026-05-29,251590,18665,18665,17135,17240,Naver
2026-05-29,252400,111915,189615,110515,189615,Naver
2026-05-29,252410,1689,1697,1241,1242,Naver
2026-05-29,252420,164,166,86,87,Naver
2026-05-29,252650,21905,22065,19325,20965,Naver
2026-05-29,252670,160,163,84,84,Naver
2026-05-29,252710,172,172,89,89,Naver
2026-05-29,253150,223640,396225,223400,377480,Naver
2026-05-29,253160,321,337,175,175,Naver
2026-05-29,253230,160,165,84,86,Naver
2026-05-29,253240,1703,1703,1239,1240,Naver
2026-05-29,253250,110495,185845,108875,185845,Naver
2026-05-29,253280,16420,16640,14030,14900,Naver
2026-05-29,253290,12680,12695,11915,12145,Naver
2026-05-29,256440,6490,6750,5675,5880,Naver
2026-05-29,256450,17225,19690,16710,19250,Naver
2026-05-29,256750,17590,20390,17505,19860,Naver
2026-05-29,261060,29480,33610,27515,28600,Naver
2026-05-29,261070,18195,18420,15005,16750,Naver
2026-05-29,261110,18005,19120,17385,18845,Naver
2026-05-29,261120,4700,4865,4425,4490,Naver
2026-05-29,261220,26510,28335,23695,23705,Naver
2026-05-29,261240,15075,15555,14805,15460,Naver
2026-05-29,261250,17985,19110,17355,18835,Naver
2026-05-29,261260,4725,4900,4450,4525,Naver
2026-05-29,261270,7580,7720,7360,7420,Naver
2026-05-29,261920,12735,13395,12635,12805,Naver
2026-05-29,266160,31885,38800,31500,38535,Naver
2026-05-29,266360,12300,12395,10650,11490,Naver
2026-05-29,266370,61255,92270,60960,92270,Naver
2026-05-29,266390,12520,16855,12240,15950,Naver
2026-05-29,266410,10325,10600,9235,9440,Naver
2026-05-29,266420,21435,21545,18235,19860,Naver
2026-05-29,266550,20900,21350,18600,18795,Naver
2026-05-29,267440,8100,8375,7950,8185,Naver
2026-05-29,267450,10800,11185,10800,10880,Naver
2026-05-29,267490,5305,5455,4990,5265,Naver
2026-05-29,267770,93385,157000,91300,156625,Naver
2026-05-29,269370,18950,19480,18560,19025,Naver
2026-05-29,269420,24395,25130,23735,24340,Naver
2026-05-29,269530,22095,22710,21515,22340,Naver
2026-05-29,269540,28630,30105,28125,30105,Naver
2026-05-29,270800,18105,19960,17075,17460,Naver
2026-05-29,270810,20035,20670,17240,18610,Naver
2026-05-29,271050,1917,2115,1796,2110,Naver
2026-05-29,271060,8630,8880,8240,8300,Naver
2026-05-29,272560,113990,114120,110605,114080,Naver
2026-05-29,272570,108120,108220,106875,107490,Naver
2026-05-29,272580,56625,56700,56610,56685,Naver
2026-05-29,272910,106070,106235,105120,105620,Naver
2026-05-29,273130,112525,112555,110035,111220,Naver
2026-05-29,273140,114850,114880,114640,114740,Naver
2026-05-29,275280,40135,55000,39895,53400,Naver
2026-05-29,275290,30745,40390,30715,39900,Naver
2026-05-29,275300,27380,36650,27340,36650,Naver
2026-05-29,275750,2005,2330,1921,2135,Naver
2026-05-29,275980,21905,24410,21905,24400,Naver
2026-05-29,276000,20535,21290,20230,20330,Naver
2026-05-29,276650,42645,47955,42525,47500,Naver
2026-05-29,276970,7590,7615,7135,7330,Naver
2026-05-29,276990,27440,31365,27360,30650,Naver
2026-05-29,277540,30300,37210,29935,36410,Naver
2026-05-29,277630,70455,88315,70085,88090,Naver
2026-05-29,277640,36090,46800,35955,46560,Naver
2026-05-29,277650,26325,26635,23055,23770,Naver
2026-05-29,278240,19330,20200,14105,16345,Naver
2026-05-29,278530,37070,48750,36850,48515,Naver
2026-05-29,278540,35715,47815,35585,47815,Naver
2026-05-29,278620,117975,118190,117975,118115,Naver
2026-05-29,279530,18525,19735,17215,17835,Naver
2026-05-29,279540,22745,25845,22370,25375,Naver
2026-05-29,280320,20050,21175,19655,20975,Naver
2026-05-29,280930,16050,16695,15575,16680,Naver
2026-05-29,280940,3250,3450,3150,3365,Naver
2026-05-29,281990,20600,20870,17820,18020,Naver
2026-05-29,282000,114015,114750,113920,114460,Naver
2026-05-29,283580,16710,17800,16605,17495,Naver
2026-05-29,284430,21210,24095,21210,24095,Naver
2026-05-29,284980,22590,23675,21100,22035,Naver
2026-05-29,285690,23250,25610,21895,25610,Naver
2026-05-29,289040,30410,40500,30400,40340,Naver
2026-05-29,289250,31110,42700,30905,42700,Naver
2026-05-29,289260,26040,34755,26040,34550,Naver
2026-05-29,289480,11455,11855,10595,11840,Naver
2026-05-29,289670,53035,53160,51400,52420,Naver
2026-05-29,290080,8280,8280,6020,6140,Naver
2026-05-29,290130,42030,58860,42000,58730,Naver
2026-05-29,291130,19575,20665,19380,20170,Naver
2026-05-29,291620,3460,4070,3335,3750,Naver
2026-05-29,291630,8575,8960,6270,7240,Naver
2026-05-29,291680,7770,8085,7220,7970,Naver
2026-05-29,291890,11780,13100,11780,12755,Naver
2026-05-29,292050,47500,61515,47435,61220,Naver
2026-05-29,292150,35325,47340,35170,47340,Naver
2026-05-29,292160,46395,60000,46200,59850,Naver
2026-05-29,292190,46225,60000,46065,59630,Naver
2026-05-29,292500,47185,61145,47080,60935,Naver
2026-05-29,292560,8600,8800,8550,8720,Naver
2026-05-29,294400,134485,176530,133535,176435,Naver
2026-05-29,295000,52395,52440,50905,51795,Naver
2026-05-29,295020,58685,60570,58660,59485,Naver
2026-05-29,295040,38380,50930,38170,50580,Naver
2026-05-29,298340,56045,56230,55725,55935,Naver
2026-05-29,298770,70675,95385,70605,95105,Naver
2026-05-29,300610,6840,6940,5860,6005,Naver
2026-05-29,300640,8100,8220,6915,7095,Naver
2026-05-29,300950,7035,7215,6150,6360,Naver
2026-05-29,301400,20425,21055,17580,18895,Naver
2026-05-29,301410,2930,3450,2795,3110,Naver
2026-05-29,302190,50500,50545,49570,50135,Naver
2026-05-29,302450,70225,88000,69815,87435,Naver
2026-05-29,304660,7495,7540,7225,7460,Naver
2026-05-29,304670,11895,12370,11810,11915,Naver
2026-05-29,304760,45380,59220,45335,59220,Naver
2026-05-29,304770,20170,20785,17330,18715,Naver
2026-05-29,304780,136900,238500,134875,228470,Naver
2026-05-29,304940,30665,33485,30655,33485,Naver
2026-05-29,305050,70320,88115,69845,87670,Naver
2026-05-29,305080,13310,13595,13070,13540,Naver
2026-05-29,305540,27295,28500,21760,25015,Naver
2026-05-29,305720,21980,22860,17510,20285,Naver
2026-05-29,306520,3035,3045,2255,2270,Naver
2026-05-29,306530,17315,18200,12695,14645,Naver
2026-05-29,306950,88230,144500,85260,144500,Naver
2026-05-29,307510,18550,18715,15420,15680,Naver
2026-05-29,307520,25515,27440,23170,26305,Naver
2026-05-29,308620,12460,12740,12235,12675,Naver
2026-05-29,309230,29785,31800,29470,31245,Naver
2026-05-29,310080,9715,10280,9200,9380,Naver
2026-05-29,310960,59920,78600,59560,78215,Naver
2026-05-29,310970,44780,60070,44745,59980,Naver
2026-05-29,314250,55435,61280,50990,61000,Naver
2026-05-29,314700,14075,14395,12245,12555,Naver
2026-05-29,315270,23005,23110,20540,21940,Naver
2026-05-29,315930,72680,101095,72275,100340,Naver
2026-05-29,315960,70375,96980,69990,96830,Naver
2026-05-29,316300,14225,14595,13955,14485,Naver
2026-05-29,319640,27510,28490,26030,26915,Naver
2026-05-29,321410,10565,10815,10485,10695,Naver
2026-05-29,322400,12040,12075,10300,10925,Naver
2026-05-29,322410,24690,25932,22685,23640,Naver
2026-05-29,325010,41730,54930,41700,54340,Naver
2026-05-29,326230,12490,13485,11575,12565,Naver
2026-05-29,326240,42465,57420,42385,57420,Naver
2026-05-29,329200,4665,4685,4090,4105,Naver
2026-05-29,329650,14420,14610,14290,14585,Naver
2026-05-29,329660,18005,18545,17910,18545,Naver
2026-05-29,329670,22160,23255,22030,23170,Naver
2026-05-29,332500,69010,91105,68620,91105,Naver
2026-05-29,332610,134145,138500,132025,137220,Naver
2026-05-29,332620,97790,100965,96735,100765,Naver
2026-05-29,332930,134780,177125,133975,177125,Naver
2026-05-29,332940,44615,60150,44615,60150,Naver
2026-05-29,334690,7095,7210,6290,6360,Naver
2026-05-29,334700,3005,3360,2960,3310,Naver
2026-05-29,336160,100755,100930,100325,100420,Naver
2026-05-29,337120,33415,42575,33415,42570,Naver
2026-05-29,337140,34950,45195,34820,45145,Naver
2026-05-29,337150,28690,30925,26580,30845,Naver
2026-05-29,337160,42185,58495,41950,58495,Naver
2026-05-29,341850,5045,5090,4580,4610,Naver
2026-05-29,352540,11905,11990,11195,11430,Naver
2026-05-29,352560,12445,12565,12005,12365,Naver
2026-05-29,354240,11610,11895,11420,11850,Naver
2026-05-29,354350,19700,21555,19700,21555,Naver
2026-05-29,354500,20300,20960,17450,18860,Naver
2026-05-29,356540,103525,103530,101155,102235,Naver
2026-05-29,357870,57440,57555,57435,57555,Naver
2026-05-29,359210,35205,43910,34920,43720,Naver
2026-05-29,360140,15480,22125,15425,22085,Naver
2026-05-29,360200,26680,28615,26475,28615,Naver
2026-05-29,360750,26395,28300,26200,28300,Naver
2026-05-29,361580,58325,76610,57900,76570,Naver
2026-05-29,363510,111300,111490,111300,111490,Naver
2026-05-29,363570,91905,91940,87385,89555,Naver
2026-05-29,363580,47300,75365,47040,75365,Naver
2026-05-29,364690,38170,51025,38010,51025,Naver
2026-05-29,364960,8005,8190,7120,7740,Naver
2026-05-29,364970,8055,8070,7070,7530,Naver
2026-05-29,364980,14420,14945,11560,13380,Naver
2026-05-29,364990,6030,6165,5330,5580,Naver
2026-05-29,365000,4885,5017,4500,4980,Naver
2026-05-29,365040,34675,43865,34565,43665,Naver
2026-05-29,367380,31035,34720,30960,34720,Naver
2026-05-29,367740,40510,56450,39920,55830,Naver
2026-05-29,367760,49630,88015,49530,88015,Naver
2026-05-29,368190,9880,10000,8395,9215,Naver
2026-05-29,368590,30050,33660,30000,33660,Naver
2026-05-29,368680,10045,10100,8470,9330,Naver
2026-05-29,371160,7985,8605,7855,8105,Naver
2026-05-29,371450,11075,12595,10880,12530,Naver
2026-05-29,371460,14500,14745,13575,13700,Naver
2026-05-29,371470,8575,8870,7775,8095,Naver
2026-05-29,371870,7720,8425,7540,7875,Naver
2026-05-29,373490,31420,36285,29460,35610,Naver
2026-05-29,373790,16360,16540,15605,16205,Naver
2026-05-29,375270,15890,17140,15720,17000,Naver
2026-05-29,375760,23350,29835,23280,29835,Naver
2026-05-29,375770,23810,30080,23710,29955,Naver
2026-05-29,376410,23560,29765,23490,29750,Naver
2026-05-29,377990,37230,39530,30680,33420,Naver
2026-05-29,379780,23035,24750,22890,24750,Naver
2026-05-29,379790,15955,17220,15785,16720,Naver
2026-05-29,379800,24060,25800,23900,25800,Naver
2026-05-29,379810,27020,30250,26945,30250,Naver
2026-05-29,380340,24615,41500,24340,40920,Naver
2026-05-29,381170,32600,35260,32150,35065,Naver
2026-05-29,381180,40775,51247,40675,50825,Naver
2026-05-29,381560,18530,25345,17405,25145,Naver
2026-05-29,381570,15245,15245,12320,13710,Naver
2026-05-29,385510,59865,61465,47180,50870,Naver
2026-05-29,385520,18115,23400,16950,23370,Naver
2026-05-29,385540,105280,105305,101665,104165,Naver
2026-05-29,385550,113125,113315,113095,113290,Naver
2026-05-29,385560,61300,62132,54800,58330,Naver
2026-05-29,385590,22110,28065,22065,27925,Naver
2026-05-29,385600,13245,17405,12355,17255,Naver
2026-05-29,385720,26075,33210,26005,33210,Naver
2026-05-29,387270,25555,30890,25465,30475,Naver
2026-05-29,387280,14325,17675,13065,17620,Naver
2026-05-29,388280,8570,8990,7820,7915,Naver
2026-05-29,388420,29090,39865,28975,38325,Naver
2026-05-29,390390,51015,62820,51000,62070,Naver
2026-05-29,390400,7835,9300,7825,9290,Naver
2026-05-29,391600,12545,13710,12180,13705,Naver
2026-05-29,391670,25745,37820,25745,37820,Naver
2026-05-29,394670,14010,14750,13250,14410,Naver
2026-05-29,395150,2605,2605,1976,2080,Naver
2026-05-29,395160,34265,53770,33860,53770,Naver
2026-05-29,395170,17600,21035,17495,20800,Naver
2026-05-29,395270,47265,75670,47125,75620,Naver
2026-05-29,395280,4405,4500,3890,4050,Naver
2026-05-29,395290,7275,7320,5875,6045,Naver
2026-05-29,395750,20265,25535,20265,25535,Naver
2026-05-29,396500,41040,53325,40690,50450,Naver
2026-05-29,396510,9160,9990,8765,9605,Naver
2026-05-29,396520,12680,18070,12680,15835,Naver
2026-05-29,397420,50640,50720,50030,50430,Naver
2026-05-29,399110,20735,22235,20510,22140,Naver
2026-05-29,399580,11555,13660,11460,13535,Naver
2026-05-29,400580,10375,11302,10375,11200,Naver
2026-05-29,400590,13460,14970,13380,14915,Naver
2026-05-29,400970,8850,10670,8275,10610,Naver
2026-05-29,401170,9880,15240,9650,15240,Naver
2026-05-29,401470,9775,11520,9395,11480,Naver
2026-05-29,401590,10910,12070,10670,12070,Naver
2026-05-29,402460,12465,19420,12290,19340,Naver
2026-05-29,402970,15135,16110,14780,15830,Naver
2026-05-29,403790,55675,70200,55630,69680,Naver
2026-05-29,404120,28160,33200,26555,33035,Naver
2026-05-29,404260,26400,31925,25500,31710,Naver
2026-05-29,404540,26780,32225,25855,31945,Naver
2026-05-29,404650,26710,31950,25505,31910,Naver
2026-05-29,407300,13245,14255,11810,13280,Naver
2026-05-29,407310,18000,21180,17980,21155,Naver
2026-05-29,407820,8715,9050,7400,7765,Naver
2026-05-29,407830,15305,17045,15305,17045,Naver
2026-05-29,409810,5915,6010,5400,5400,Naver
2026-05-29,409820,18105,21650,18075,21650,Naver
2026-05-29,410870,11940,12180,10375,10585,Naver
2026-05-29,411060,30360,31395,28845,30005,Naver
2026-05-29,411540,18460,21665,18365,21610,Naver
2026-05-29,411860,17540,18720,17170,18425,Naver
2026-05-29,412560,2870,3150,2265,2660,Naver
2026-05-29,412570,2915,3175,1880,2490,Naver
2026-05-29,412770,12550,16000,12465,15825,Naver
2026-05-29,413220,6210,6875,6100,6405,Naver
2026-05-29,413930,27260,35070,27255,34910,Naver
2026-05-29,414270,13660,15075,13445,15025,Naver
2026-05-29,414780,14420,17465,13895,15940,Naver
2026-05-29,415340,14320,18030,14110,16100,Naver
2026-05-29,415760,13345,16565,13085,14975,Naver
2026-05-29,415920,10300,11115,9405,10200,Naver
2026-05-29,416090,13040,16385,12820,14850,Naver
2026-05-29,417450,19760,25000,19195,23500,Naver
2026-05-29,417630,21110,23105,19300,23005,Naver
2026-05-29,418660,41455,51395,41110,51395,Naver
2026-05-29,419420,11575,13350,11165,13165,Naver
2026-05-29,419430,12820,13210,11950,12185,Naver
2026-05-29,419650,7100,8650,6565,8275,Naver
2026-05-29,419890,106690,106870,106675,106825,Naver
2026-05-29,421320,47080,50405,41630,42680,Naver
2026-05-29,422260,11215,11865,9860,9950,Naver
2026-05-29,422420,11170,11565,8770,9925,Naver
2026-05-29,423160,110680,110860,110625,110645,Naver
2026-05-29,423170,50110,68340,50110,68280,Naver
2026-05-29,423920,87970,137040,87190,134100,Naver
2026-05-29,424460,16055,16055,15405,15625,Naver
2026-05-29,426020,32335,35760,32330,35760,Naver
2026-05-29,426030,48205,57500,48205,57500,Naver
2026-05-29,426150,53670,53675,50475,52490,Naver
2026-05-29,427120,6970,6985,5750,6270,Naver
2026-05-29,428510,24650,32500,24650,31490,Naver
2026-05-29,428560,16435,16970,15785,16580,Naver
2026-05-29,429000,13405,14160,13170,13720,Naver
2026-05-29,429010,18745,21185,18690,21160,Naver
2026-05-29,429740,7260,7305,6255,6300,Naver
2026-05-29,429980,19095,23050,19095,22310,Naver
2026-05-29,430500,113685,113800,111775,113250,Naver
2026-05-29,432600,54895,54995,54635,54810,Naver
2026-05-29,432840,19780,21235,19685,21210,Naver
2026-05-29,433220,33205,39175,33205,36565,Naver
2026-05-29,433250,25110,31360,24885,31360,Naver
2026-05-29,433330,22025,23650,21900,23625,Naver
2026-05-29,433500,88830,95400,70100,73055,Naver
2026-05-29,433880,18825,21000,18800,20235,Naver
2026-05-29,433970,14000,14720,13935,14615,Naver
2026-05-29,433980,16030,16870,15985,16850,Naver
2026-05-29,434730,89360,97350,71680,74450,Naver
2026-05-29,434960,103165,136545,103165,136545,Naver
2026-05-29,435040,19455,21000,19115,20810,Naver
2026-05-29,435420,13980,15400,13980,14840,Naver
2026-05-29,435530,15710,16880,15710,16880,Naver
2026-05-29,435540,17585,19035,17585,19035,Naver
2026-05-29,435550,18275,19635,18065,19635,Naver
2026-05-29,436140,108530,108530,106200,107540,Naver
2026-05-29,437080,99345,99650,97995,99090,Naver
2026-05-29,437350,12935,13330,12745,13260,Naver
2026-05-29,437370,11255,11450,10970,11070,Naver
2026-05-29,438080,14430,15815,14290,15145,Naver
2026-05-29,438100,15575,17495,15550,16705,Naver
2026-05-29,438320,6290,7220,5900,6095,Naver
2026-05-29,438560,99920,100100,99330,99720,Naver
2026-05-29,438570,100270,100315,97215,99035,Naver
2026-05-29,438740,41440,42100,37035,40365,Naver
2026-05-29,438900,12530,12620,11000,11190,Naver
2026-05-29,439860,113505,113560,112730,113185,Naver
2026-05-29,439870,99480,100675,91060,95530,Naver
2026-05-29,440340,12590,13670,12375,13160,Naver
2026-05-29,440640,111560,111760,111555,111735,Naver
2026-05-29,440910,25475,29415,25180,29080,Naver
2026-05-29,441540,38040,38100,31110,32975,Naver
2026-05-29,441640,12840,13500,12770,13395,Naver
2026-05-29,441680,11350,11810,11175,11595,Naver
2026-05-29,441800,31185,37790,31090,36805,Naver
2026-05-29,442320,49870,52105,42390,45430,Naver
2026-05-29,442550,14770,15760,14730,15550,Naver
2026-05-29,442570,17285,19040,17285,18930,Naver
2026-05-29,442580,76105,122000,75640,119275,Naver
2026-05-29,444490,20210,21715,20080,21715,Naver
2026-05-29,445150,43420,43420,34105,35470,Naver
2026-05-29,445290,36125,44675,34850,44675,Naver
2026-05-29,445690,31790,36045,31460,35550,Naver
2026-05-29,445910,22970,24070,20810,22115,Naver
2026-05-29,446690,56485,78290,56485,77390,Naver
2026-05-29,446700,15400,15635,12460,13660,Naver
2026-05-29,446720,13595,14530,13300,14250,Naver
2026-05-29,446770,69960,92550,69960,92550,Naver
2026-05-29,447430,19080,19235,16435,16600,Naver
2026-05-29,447620,15520,16800,15520,16400,Naver
2026-05-29,447660,13300,14450,13200,13885,Naver
2026-05-29,447770,14245,15000,13475,14970,Naver
2026-05-29,448100,105705,139695,105280,139050,Naver
2026-05-29,448290,16805,17640,16805,17635,Naver
2026-05-29,448300,21630,23630,21625,23630,Naver
2026-05-29,448330,16170,18100,16080,17950,Naver
2026-05-29,448490,54050,54085,52420,53415,Naver
2026-05-29,448540,26290,28100,25505,26875,Naver
2026-05-29,448570,28785,35980,28785,35585,Naver
2026-05-29,448630,14800,15685,14690,15595,Naver
2026-05-29,449170,110785,111000,110785,111000,Naver
2026-05-29,449180,16205,16995,16205,16995,Naver
2026-05-29,449450,79895,81615,65750,68130,Naver
2026-05-29,449580,16600,18495,15810,17280,Naver
2026-05-29,449680,15175,15880,13995,15235,Naver
2026-05-29,449770,21150,22655,20000,22655,Naver
2026-05-29,449780,17700,18565,17670,18560,Naver
2026-05-29,450180,15380,16100,14260,15505,Naver
2026-05-29,450190,45385,62390,45005,59170,Naver
2026-05-29,451000,109540,109795,107410,108510,Naver
2026-05-29,451060,33080,43480,32875,43470,Naver
2026-05-29,451150,18470,20360,18100,19275,Naver
2026-05-29,451540,54140,54177,52840,53495,Naver
2026-05-29,451600,96130,96130,87905,91585,Naver
2026-05-29,451670,16595,16595,13510,14870,Naver
2026-05-29,452250,5125,5197,4755,5095,Naver
2026-05-29,452360,12470,12995,12360,12805,Naver
2026-05-29,453060,110430,110650,110430,110650,Naver
2026-05-29,453080,21670,23695,21670,23695,Naver
2026-05-29,453330,17095,17955,17080,17955,Naver
2026-05-29,453630,12990,13715,12775,13325,Naver
2026-05-29,453640,12885,13760,12655,13680,Naver
2026-05-29,453660,18765,19725,18500,19725,Naver
2026-05-29,453810,12580,12860,12275,12625,Naver
2026-05-29,453820,13495,13980,12650,13580,Naver
2026-05-29,453850,7475,7510,7200,7440,Naver
2026-05-29,453870,12420,12690,12075,12465,Naver
2026-05-29,453950,31610,36805,31210,35770,Naver
2026-05-29,454180,8600,8880,8140,8360,Naver
2026-05-29,454320,62260,66460,50200,51805,Naver
2026-05-29,454780,101955,101955,99735,100880,Naver
2026-05-29,455030,12655,13070,12365,12925,Naver
2026-05-29,455660,9595,9620,9500,9555,Naver
2026-05-29,455850,31755,34455,27900,28900,Naver
2026-05-29,455860,7525,8035,5965,6680,Naver
2026-05-29,455890,54900,55020,54900,55020,Naver
2026-05-29,455960,12655,13160,12400,13040,Naver
2026-05-29,456200,63010,65015,61805,64540,Naver
2026-05-29,456250,9160,9685,8845,9670,Naver
2026-05-29,456600,56610,69235,56610,69235,Naver
2026-05-29,456610,63090,65190,61720,64730,Naver
2026-05-29,456680,12950,12985,10980,11125,Naver
2026-05-29,456880,12795,13210,12510,13120,Naver
2026-05-29,457480,23400,25895,23180,25160,Naver
2026-05-29,457690,10610,10620,10365,10495,Naver
2026-05-29,457700,10330,10340,9455,9860,Naver
2026-05-29,457930,31660,36330,30650,35925,Naver
2026-05-29,458030,54550,54660,54550,54655,Naver
2026-05-29,458210,109555,109795,109545,109795,Naver
2026-05-29,458250,36825,36975,34520,36630,Naver
2026-05-29,458260,47760,47980,46940,47715,Naver
2026-05-29,458730,14810,15880,14530,15540,Naver
2026-05-29,458750,13215,13940,12740,13585,Naver
2026-05-29,458760,11165,11790,10895,11515,Naver
2026-05-29,459580,1073860,1075695,1073475,1073565,Naver
2026-05-29,459750,18165,19480,17880,19330,Naver
2026-05-29,459790,21255,24815,21090,24780,Naver
2026-05-29,460270,13205,13625,12985,13525,Naver
2026-05-29,460660,11730,12145,11420,11980,Naver
2026-05-29,460960,11885,12170,11715,12065,Naver
2026-05-29,461270,11170,11200,11150,11190,Naver
2026-05-29,461340,41495,49095,40025,49095,Naver
2026-05-29,461450,19945,21145,17590,18740,Naver
2026-05-29,461460,52455,52495,50850,51790,Naver
2026-05-29,461490,15025,15300,14490,15230,Naver
2026-05-29,461500,107295,107340,104935,106095,Naver
2026-05-29,461580,20370,21530,17950,19065,Naver
2026-05-29,461600,8640,8680,8320,8615,Naver
2026-05-29,461900,23275,25590,22990,25080,Naver
2026-05-29,461910,41800,47900,38100,47220,Naver
2026-05-29,461950,8095,8730,6420,7360,Naver
2026-05-29,462010,7920,8715,6400,7290,Naver
2026-05-29,462330,2740,3005,1752,2300,Naver
2026-05-29,462340,15620,16690,15600,16690,Naver
2026-05-29,462900,21015,21240,16930,19015,Naver
2026-05-29,463050,18005,18095,14770,15950,Naver
2026-05-29,463250,51145,52535,42000,43185,Naver
2026-05-29,463290,108195,108420,108195,108410,Naver
2026-05-29,463300,14605,15370,14380,15240,Naver
2026-05-29,463640,16015,16015,15005,15420,Naver
2026-05-29,463680,20295,25130,20295,24355,Naver
2026-05-29,463690,19915,20380,19510,20295,Naver
2026-05-29,464240,52395,52505,52395,52480,Naver
2026-05-29,464310,15655,18090,15000,17170,Naver
2026-05-29,464920,24395,27565,23985,26350,Naver
2026-05-29,464930,21205,22830,21185,22795,Naver
2026-05-29,465330,16500,17275,13145,15150,Naver
2026-05-29,465350,13000,16240,12435,14100,Naver
2026-05-29,465580,24635,26560,24335,26560,Naver
2026-05-29,465610,45190,52150,43025,51980,Naver
2026-05-29,465620,6570,7120,6045,6045,Naver
2026-05-29,465660,24105,34525,23730,27700,Naver
2026-05-29,465670,15240,16340,14325,16195,Naver
2026-05-29,465780,105515,105655,105500,105655,Naver
2026-05-29,466810,9070,9400,7050,8005,Naver
2026-05-29,466920,42500,42607,34715,37700,Naver
2026-05-29,466930,24800,41575,24590,41465,Naver
2026-05-29,466940,26540,26700,23940,24280,Naver
2026-05-29,468370,11815,12090,11570,12025,Naver
2026-05-29,468380,11770,12135,11570,12000,Naver
2026-05-29,468630,11865,12240,11690,12150,Naver
2026-05-29,469050,28045,35000,28045,34740,Naver
2026-05-29,469060,32950,41925,32935,41505,Naver
2026-05-29,469070,16330,17690,13620,16270,Naver
2026-05-29,469150,60135,81180,59820,78265,Naver
2026-05-29,469160,24195,33565,24025,30520,Naver
2026-05-29,469170,8835,9270,7160,7575,Naver
2026-05-29,469530,8780,8965,8540,8615,Naver
2026-05-29,469790,37035,56100,36665,56085,Naver
2026-05-29,469830,53795,53915,53795,53915,Naver
2026-05-29,470310,17065,19310,15765,18700,Naver
2026-05-29,471040,30990,37580,30975,37580,Naver
2026-05-29,471460,52450,52510,47680,49940,Naver
2026-05-29,471760,23100,23590,18740,19600,Naver
2026-05-29,471780,34150,48300,34100,46850,Naver
2026-05-29,471990,32520,34400,27200,30730,Naver
2026-05-29,472150,20750,26675,20665,26180,Naver
2026-05-29,472160,18745,19985,18710,19675,Naver
2026-05-29,472170,14275,14870,14150,14775,Naver
2026-05-29,472720,27760,31835,27500,30780,Naver
2026-05-29,472830,8955,9120,8815,9060,Naver
2026-05-29,472840,101745,134090,101745,134090,Naver
2026-05-29,472870,7830,7885,7650,7810,Naver
2026-05-29,472920,100085,100260,98150,99065,Naver
2026-05-29,473290,10805,10825,10775,10810,Naver
2026-05-29,473330,9050,9220,8880,9015,Naver
2026-05-29,473440,10735,10765,10735,10755,Naver
2026-05-29,473460,24610,28630,23400,28435,Naver
2026-05-29,473590,21880,25600,21730,25050,Naver
2026-05-29,473640,33725,37750,31545,33990,Naver
2026-05-29,474220,16185,16940,15800,16905,Naver
2026-05-29,474390,46645,46645,42200,44320,Naver
2026-05-29,474590,38465,53715,38265,52090,Naver
2026-05-29,474920,16930,20415,16765,19880,Naver
2026-05-29,475050,9855,9855,8030,8250,Naver
2026-05-29,475070,42030,44000,38265,41535,Naver
2026-05-29,475080,8395,8805,8350,8680,Naver
2026-05-29,475260,10660,10680,10660,10665,Naver
2026-05-29,475280,10625,10650,10625,10645,Naver
2026-05-29,475300,21375,27405,21200,22855,Naver
2026-05-29,475310,36430,38400,30760,33300,Naver
2026-05-29,475350,14405,15360,14170,14995,Naver
2026-05-29,475380,11600,11725,11310,11495,Naver
2026-05-29,475630,1065400,1067570,1065400,1067570,Naver
2026-05-29,475720,13955,16170,13925,15940,Naver
2026-05-29,476000,11775,12060,8280,8455,Naver
2026-05-29,476030,17095,19100,17045,19100,Naver
2026-05-29,476070,10495,11495,10495,11495,Naver
2026-05-29,476260,14405,16150,13000,13195,Naver
2026-05-29,476310,9180,10480,9180,10445,Naver
2026-05-29,476450,52240,53190,52240,52355,Naver
2026-05-29,476550,7275,7310,7010,7195,Naver
2026-05-29,476750,8415,8480,8230,8460,Naver
2026-05-29,476760,9915,10140,9775,10115,Naver
2026-05-29,476800,4855,4930,4240,4395,Naver
2026-05-29,476850,21585,26165,21510,25570,Naver
2026-05-29,477050,52950,53055,52945,53055,Naver
2026-05-29,477080,106475,106690,106470,106680,Naver
2026-05-29,477490,20100,22530,20100,22530,Naver
2026-05-29,477730,8220,8340,7885,8275,Naver
2026-05-29,478150,21320,25375,21000,25375,Naver
2026-05-29,479080,53180,53305,53180,53300,Naver
2026-05-29,479520,105460,105665,105460,105660,Naver
2026-05-29,479620,22880,30325,22880,30110,Naver
2026-05-29,479730,10075,10550,9865,10320,Naver
2026-05-29,479850,17650,18185,15175,15585,Naver
2026-05-29,480020,12955,13715,12955,13715,Naver
2026-05-29,480030,10905,11585,10905,11585,Naver
2026-05-29,480040,17370,20770,17260,20550,Naver
2026-05-29,480260,53415,53485,53380,53450,Naver
2026-05-29,480310,18345,24620,18345,24550,Naver
2026-05-29,480460,10600,10690,9400,9430,Naver
2026-05-29,481050,1021930,1023710,1021575,1021660,Naver
2026-05-29,481060,7935,7970,7595,7795,Naver
2026-05-29,481180,12285,15420,12280,15420,Naver
2026-05-29,481190,17670,19105,17420,18990,Naver
2026-05-29,481340,9640,9815,9465,9800,Naver
2026-05-29,481430,100265,100295,97210,98940,Naver
2026-05-29,482030,14715,15015,11805,12450,Naver
2026-05-29,483020,13060,13450,10800,11330,Naver
2026-05-29,483030,10960,12000,10880,11700,Naver
2026-05-29,483240,13660,16065,13660,15270,Naver
2026-05-29,483290,10595,11195,10285,10850,Naver
2026-05-29,483320,22780,29225,22675,29225,Naver
2026-05-29,483330,13790,17000,13790,15900,Naver
2026-05-29,483340,22780,28520,22660,27960,Naver
2026-05-29,483570,16285,18085,16240,17590,Naver
2026-05-29,484880,22685,22935,20200,20520,Naver
2026-05-29,484890,52085,52180,52080,52175,Naver
2026-05-29,485540,15920,17350,15780,17300,Naver
2026-05-29,485690,21520,25035,21520,25035,Naver
2026-05-29,485810,9850,10735,9720,10700,Naver
2026-05-29,486240,29990,36455,29565,34405,Naver
2026-05-29,486290,11080,12285,11020,12205,Naver
2026-05-29,486450,24840,26250,23100,25100,Naver
2026-05-29,486830,52735,52860,52735,52855,Naver
2026-05-29,487130,31920,40690,31695,38135,Naver
2026-05-29,487230,25915,28315,24890,25890,Naver
2026-05-29,487240,54950,64630,45835,47220,Naver
2026-05-29,487340,104665,104955,104665,104930,Naver
2026-05-29,487910,8570,8975,8555,8865,Naver
2026-05-29,487920,8430,8850,8285,8780,Naver
2026-05-29,487950,12055,14215,12020,14205,Naver
2026-05-29,488080,62720,99290,61540,87100,Naver
2026-05-29,488200,17875,18625,14150,17455,Naver
2026-05-29,488210,25945,30335,24235,26965,Naver
2026-05-29,488480,13280,15000,13135,14210,Naver
2026-05-29,488500,12600,13235,12385,13175,Naver
2026-05-29,488720,49680,49680,48590,49155,Naver
2026-05-29,488770,104255,104490,104255,104490,Naver
2026-05-29,488980,51650,51745,51650,51735,Naver
2026-05-29,489000,9915,10090,9760,9990,Naver
2026-05-29,489010,20010,23440,20010,23275,Naver
2026-05-29,489030,8510,8590,6895,7010,Naver
2026-05-29,489290,15865,16750,15755,16695,Naver
2026-05-29,489860,16840,18455,16795,17600,Naver
2026-05-29,490090,16285,17700,16085,17605,Naver
2026-05-29,490330,12310,14150,12310,14120,Naver
2026-05-29,490480,41545,42150,35070,36575,Naver
2026-05-29,490490,11480,11995,11260,11865,Naver
2026-05-29,490590,14855,17800,14855,16950,Naver
2026-05-29,490600,9425,9825,9255,9660,Naver
2026-05-29,491010,30705,34865,30560,34090,Naver
2026-05-29,491090,17895,19800,17860,19705,Naver
2026-05-29,491220,121980,160005,121050,160005,Naver
2026-05-29,491230,52005,52095,50445,52090,Naver
2026-05-29,491510,19055,20200,18155,18695,Naver
2026-05-29,491610,103885,104095,103880,104090,Naver
2026-05-29,491620,11040,12550,10500,12235,Naver
2026-05-29,491630,7300,7300,5395,5400,Naver
2026-05-29,491700,103305,135460,102975,135405,Naver
2026-05-29,491820,66250,78010,54830,56510,Naver
2026-05-29,491830,20135,26765,20005,26755,Naver
2026-05-29,492500,51010,51125,50940,51070,Naver
2026-05-29,493420,12615,13470,12255,13180,Naver
2026-05-29,493810,12395,13275,12185,13210,Naver
2026-05-29,494180,13860,15000,13420,14285,Naver
2026-05-29,494210,11190,12090,11190,11960,Naver
2026-05-29,494220,45110,58390,44875,53995,Naver
2026-05-29,494300,10170,11445,10145,10980,Naver
2026-05-29,494310,105500,190185,104675,164465,Naver
2026-05-29,494330,27150,35000,26960,32750,Naver
2026-05-29,494340,18800,28500,18800,24850,Naver
2026-05-29,494410,14020,16140,14020,15540,Naver
2026-05-29,494420,9590,9965,9500,9930,Naver
2026-05-29,494670,33155,33450,27220,29780,Naver
2026-05-29,494840,13400,13900,13000,13820,Naver
2026-05-29,494890,29580,40000,29460,39000,Naver
2026-05-29,495040,29995,39225,29895,38790,Naver
2026-05-29,495050,30245,39695,30175,39335,Naver
2026-05-29,495060,28370,40765,28355,38715,Naver
2026-05-29,495230,30680,39670,30645,39085,Naver
2026-05-29,495550,30730,40250,30620,39940,Naver
2026-05-29,495710,51620,51705,51600,51685,Naver
2026-05-29,495750,29835,39360,29835,38955,Naver
2026-05-29,495850,30190,39490,30000,38990,Naver
2026-05-29,495940,20800,24280,20800,23730,Naver
2026-05-29,496020,51875,51985,51865,51985,Naver
2026-05-29,496090,30180,39560,29925,39170,Naver
2026-05-29,496120,30590,39905,30390,39550,Naver
2026-05-29,496770,18245,18780,17025,18750,Naver
2026-05-29,497510,12025,13150,11990,13150,Naver
2026-05-29,497520,11680,12910,11525,12900,Naver
2026-05-29,497570,20460,24535,20460,24535,Naver
2026-05-29,497780,11705,12495,11210,11510,Naver
2026-05-29,497880,50035,50130,50010,50015,Naver
2026-05-29,498050,15020,15120,12425,13660,Naver
2026-05-29,498180,95515,95515,93645,94370,Naver
2026-05-29,498270,14750,18630,14490,18600,Naver
2026-05-29,498400,20870,26545,20755,26545,Naver
2026-05-29,498410,13090,13165,11200,11380,Naver
2026-05-29,498610,8585,8945,7940,8570,Naver
2026-05-29,499150,11075,11800,11005,11700,Naver
2026-05-29,499660,1000545,1002280,1000245,1000325,Naver
2026-06-01,0000H0,11230,11385,11035,11240,Yahoo
2026-06-01,0021D0,11530,11650,11470,11550,Yahoo
2026-06-01,0023B0,22780,23000,20700,21585,Yahoo
2026-06-01,0048J0,15080,15310,15010,15305,Yahoo
2026-06-01,0083S0,10485,10640,10115,10175,Yahoo
2026-06-01,0092B0,19145,19620,17670,18630,Yahoo
2026-06-01,0093B0,14000,14215,13895,14005,Yahoo
2026-06-01,0094M0,22545,23490,22540,23075,Yahoo
2026-06-01,0105E0,13645,14105,13460,13990,Yahoo
2026-06-01,0127M0,12545,13045,12540,12950,Yahoo
2026-06-01,0127V0,11775,11850,11630,11700,Yahoo
2026-06-01,0153P0,9505,9510,9100,9145,Yahoo
2026-06-01,0154F0,12860,13455,12630,13255,Yahoo
2026-06-01,0155M0,9195,9320,8935,9060,Yahoo
2026-06-01,0163Y0,12010,12535,11400,12275,Yahoo
2026-06-01,0168K0,8555,8635,7910,8020,Yahoo
2026-06-01,0173Y0,14470,16450,14395,16340,Yahoo
2026-06-01,0178H0,10345,10715,10150,10410,Yahoo
2026-06-01,0182S0,13780,14460,13735,14065,Yahoo
2026-06-01,0183V0,13225,13900,13220,13590,Yahoo
2026-06-01,091170,14450,15535,14295,15355,Yahoo
2026-06-01,099140,23300,24195,23120,23760,Yahoo
2026-06-01,104530,18650,19190,18445,18965,Yahoo
2026-06-01,105780,22270,23155,21450,22085,Yahoo
2026-06-01,114460,101000,101000,100570,100600,Yahoo
2026-06-01,122260,103450,103465,103430,103440,Yahoo
2026-06-01,136340,104205,104265,104005,104045,Yahoo
2026-06-01,138910,9895,10240,9895,9940,Yahoo
2026-06-01,139220,9020,9315,8560,9195,Yahoo
2026-06-01,139280,12895,13192,12625,12705,Yahoo
2026-06-01,139320,19420,19490,19010,19090,Yahoo
2026-06-01,147970,105225,108800,97585,102240,Yahoo
2026-06-01,153270,104195,112160,103985,107695,Yahoo
2026-06-01,174360,27075,27710,26565,27495,Yahoo
2026-06-01,182480,13680,13680,13025,13340,Yahoo
2026-06-01,195920,34135,34160,32945,33690,Yahoo
2026-06-01,196030,84280,86360,81500,85705,Yahoo
2026-06-01,217770,1300,1335,1247,1253,Yahoo
2026-06-01,219480,32885,32930,32510,32600,Yahoo
2026-06-01,245340,37355,37740,37250,37620,Yahoo
2026-06-01,251600,15780,15935,15560,15800,Yahoo
2026-06-01,252000,22065,22620,21215,21665,Yahoo
2026-06-01,261140,29495,32200,29495,29890,Yahoo
2026-06-01,280920,30155,31710,30155,31080,Yahoo
2026-06-01,287180,59870,64440,59870,64210,Yahoo
2026-06-01,292770,57680,57805,57680,57805,Yahoo
2026-06-01,293180,135740,143640,135735,138885,Yahoo
2026-06-01,316670,9355,9490,8855,9300,Yahoo
2026-06-01,325020,32745,34295,32745,33630,Yahoo
2026-06-01,328370,47960,50715,47710,48765,Yahoo
2026-06-01,329750,14135,14370,14075,14370,Yahoo
2026-06-01,360150,3575,3575,3240,3385,Yahoo
2026-06-01,365780,83025,83130,82180,82280,Yahoo
2026-06-01,367770,31545,32805,29480,29915,Yahoo
2026-06-01,371150,7915,8370,7765,8135,Yahoo
2026-06-01,372330,8090,8565,8055,8315,Yahoo
2026-06-01,385710,15245,15435,14250,14465,Yahoo
2026-06-01,394660,20965,21480,20605,21350,Yahoo
2026-06-01,395760,26180,27205,26180,26555,Yahoo
2026-06-01,400570,10925,11035,10780,10830,Yahoo
2026-06-01,411420,30970,31340,30690,30960,Yahoo
2026-06-01,418670,16495,17860,15605,16650,Yahoo
2026-06-01,429760,21100,21295,21090,21270,Yahoo
2026-06-01,434060,18545,18700,18460,18645,Yahoo
2026-06-01,437070,65700,66645,63230,66625,Yahoo
2026-06-01,438330,114780,114820,114345,114375,Yahoo
2026-06-01,440650,12560,12750,12505,12750,Yahoo
2026-06-01,442090,37280,37280,34820,35950,Yahoo
2026-06-01,442260,47525,51075,44050,48235,Yahoo
2026-06-01,442560,17650,17915,17600,17885,Yahoo
2026-06-01,444200,60370,63070,59195,59870,Yahoo
2026-06-01,449190,23000,23095,22895,23015,Yahoo
2026-06-01,449690,58500,61700,57735,61140,Yahoo
2026-06-01,450910,18330,18680,17400,18160,Yahoo
2026-06-01,451530,41740,41900,39565,39655,Yahoo
2026-06-01,453010,109135,109165,109135,109160,Yahoo
2026-06-01,453650,18965,19090,18735,18875,Yahoo
2026-06-01,457990,45800,47970,42930,43120,Yahoo
2026-06-01,459560,27455,28015,26360,27880,Yahoo
2026-06-01,464470,54090,54950,53875,54875,Yahoo
2026-06-01,464600,40750,42000,34185,34440,Yahoo
2026-06-01,464610,8850,9015,8380,8800,Yahoo
2026-06-01,466950,41255,43495,41255,43270,Yahoo
2026-06-01,471230,104680,104815,103505,103610,Yahoo
2026-06-01,473490,35375,36735,34995,36600,Yahoo
2026-06-01,474800,15485,16365,15345,16350,Yahoo
2026-06-01,475270,10655,10660,10655,10660,Yahoo
2026-06-01,476690,11090,11090,10675,10715,Yahoo
2026-06-01,482730,13005,13125,12965,13095,Yahoo
2026-06-01,483280,13725,13905,13455,13570,Yahoo
2026-06-01,483420,27675,28710,26915,27930,Yahoo
2026-06-01,484790,8560,8595,8535,8555,Yahoo
2026-06-01,487750,43245,44375,40715,42345,Yahoo
2026-06-01,488290,52380,55475,50580,54650,Yahoo
2026-06-01,489250,13405,13505,13220,13495,Yahoo
2026-06-01,495330,38965,41105,38965,40110,Yahoo
2026-06-01,496080,39045,41215,39045,39860,Yahoo
2026-06-01,496130,31090,32575,31090,32170,Yahoo
2026-06-01,498860,18160,19160,18005,18980,Yahoo
2026-06-05,0000D0,10180,10610,10180,10580,Naver
2026-06-05,0000J0,35640,36640,31905,32845,Naver
2026-06-05,0000Y0,101180,101180,101170,101170,Naver
2026-06-05,0000Z0,13130,13290,11720,11720,Naver
2026-06-05,0001P0,11110,11125,10220,10220,Naver
2026-06-05,0002C0,10130,10330,9400,10330,Naver
2026-06-05,0004G0,9415,9560,9265,9525,Naver
2026-06-05,0005A0,10525,10775,10520,10770,Naver
2026-06-05,0005C0,12090,12335,11665,12330,Naver
2026-06-05,0005D0,22430,22795,19000,19315,Naver
2026-06-05,0005G0,74555,77900,64075,66195,Naver
2026-06-05,0007F0,10115,10120,10090,10100,Naver
2026-06-05,0007G0,16385,17000,16315,16930,Naver
2026-06-05,0007N0,136065,144605,128505,130925,Naver
2026-06-05,0008E0,15420,16145,15150,16080,Naver
2026-06-05,0008S0,10580,10895,10445,10845,Naver
2026-06-05,0008T0,14220,14705,13640,13790,Naver
2026-06-05,0013P0,12400,13420,12325,13350,Naver
2026-06-05,0013R0,9495,9700,9135,9670,Naver
2026-06-05,0015B0,24380,25175,24305,24810,Naver
2026-06-05,0015E0,10995,10995,10750,10850,Naver
2026-06-05,0015F0,10480,10520,10085,10220,Naver
2026-06-05,0015K0,7830,7920,7600,7795,Naver
2026-06-05,0016X0,51040,51045,50960,50965,Naver
2026-06-05,0017Y0,95055,95090,94175,94230,Naver
2026-06-05,0018C0,11710,11955,11150,11660,Naver
2026-06-05,0018Z0,23105,24435,22355,23795,Naver
2026-06-05,0019K0,14580,14855,14530,14710,Naver
2026-06-05,0020H0,31460,31650,30280,30890,Naver
2026-06-05,0021C0,14550,14950,14500,14835,Naver
2026-06-05,0021E0,13205,13455,13175,13435,Naver
2026-06-05,0022T0,14950,15140,14785,15005,Naver
2026-06-05,0023A0,38520,38780,35600,36730,Naver
2026-06-05,0025N0,12715,12980,12710,12940,Naver
2026-06-05,0026E0,12425,12745,12405,12690,Naver
2026-06-05,0026S0,13895,14200,13860,14155,Naver
2026-06-05,0028X0,11645,11750,11100,11500,Naver
2026-06-05,0035T0,27000,27800,24265,25125,Naver
2026-06-05,0036D0,13415,13680,13070,13625,Naver
2026-06-05,0036R0,22515,22830,21895,22655,Naver
2026-06-05,0036Z0,13465,14150,13220,14105,Naver
2026-06-05,0038A0,19040,19355,18600,19085,Naver
2026-06-05,0040S0,30575,31000,29835,30785,Naver
2026-06-05,0040X0,10235,10425,9850,10205,Naver
2026-06-05,0040Y0,8610,8745,8507,8550,Naver
2026-06-05,0041D0,14795,15535,13977,14680,Naver
2026-06-05,0041E0,18360,19105,18360,19055,Naver
2026-06-05,0043B0,102610,102655,102610,102652,Naver
2026-06-05,0043Y0,24960,25635,24250,24310,Naver
2026-06-05,0046A0,10415,10710,10375,10665,Naver
2026-06-05,0046Y0,13390,13925,13390,13880,Naver
2026-06-05,0047A0,15820,17060,15260,16135,Naver
2026-06-05,0047N0,11605,12050,11315,11610,Naver
2026-06-05,0047P0,16770,17005,16450,16710,Naver
2026-06-05,0047R0,16235,16400,15600,15935,Naver
2026-06-05,0048K0,10810,12140,10810,11900,Naver
2026-06-05,0049K0,11525,11740,11485,11720,Naver
2026-06-05,0049M0,12240,12560,11850,12520,Naver
2026-06-05,0050E0,9120,12030,8725,9410,Naver
2026-06-05,0051A0,28015,29105,27680,28595,Naver
2026-06-05,0051G0,16725,16925,16265,16620,Naver
2026-06-05,0052D0,16420,16970,16180,16460,Naver
2026-06-05,0052S0,12555,12880,12530,12830,Naver
2026-06-05,0052T0,50310,50340,50225,50230,Naver
2026-06-05,0053L0,13200,14005,13160,13700,Naver
2026-06-05,0053M0,15305,15445,14330,14940,Naver
2026-06-05,0057H0,12630,12920,12575,12865,Naver
2026-06-05,0060H0,13695,14085,13695,13960,Naver
2026-06-05,0061Z0,50625,50650,50615,50645,Naver
2026-06-05,0064K0,14290,14430,14140,14315,Naver
2026-06-05,0065G0,10025,10610,9980,10195,Naver
2026-06-05,0066W0,14470,14600,14280,14460,Naver
2026-06-05,0067V0,11560,12100,11165,11675,Naver
2026-06-05,0067Y0,14380,14380,13260,13260,Naver
2026-06-05,0068M0,12410,12905,11850,12780,Naver
2026-06-05,0069M0,15210,15475,15170,15405,Naver
2026-06-05,0072R0,14290,14650,14110,14410,Naver
2026-06-05,0073X0,10395,10785,10060,10685,Naver
2026-06-05,0074K0,22090,22880,20250,20640,Naver
2026-06-05,0078V0,11705,11950,11400,11700,Naver
2026-06-05,0079X0,12060,12500,12005,12160,Naver
2026-06-05,0080G0,12985,13675,11400,11680,Naver
2026-06-05,0080X0,12020,12290,11980,12260,Naver
2026-06-05,0080Y0,18320,19530,15655,16290,Naver
2026-06-05,0082F0,11225,11345,10635,10895,Naver
2026-06-05,0082V0,12500,12765,12360,12510,Naver
2026-06-05,0084D0,12940,13145,12800,13075,Naver
2026-06-05,0084E0,11315,11650,10735,11445,Naver
2026-06-05,0085N0,9910,9920,9895,9920,Naver
2026-06-05,0085P0,10865,11180,10815,11145,Naver
2026-06-05,0086B0,9820,9900,9400,9405,Naver
2026-06-05,0086C0,10000,10000,9500,9845,Naver
2026-06-05,0087F0,14340,14945,13320,14210,Naver
2026-06-05,0088N0,12890,13550,12495,13060,Naver
2026-06-05,0089B0,12405,12670,12365,12625,Naver
2026-06-05,0089C0,12385,12555,12245,12545,Naver
2026-06-05,0089D0,12685,14260,12615,13820,Naver
2026-06-05,0090B0,10580,10950,9270,9560,Naver
2026-06-05,0091C0,9765,9790,9740,9765,Naver
2026-06-05,0091M0,10095,10095,10080,10080,Naver
2026-06-05,0091P0,21000,21585,18590,19085,Naver
2026-06-05,0092C0,49890,49900,49850,49850,Naver
2026-06-05,0093A0,38660,41765,38050,38950,Naver
2026-06-05,0093D0,22000,22040,20750,20895,Naver
2026-06-05,0094K0,98835,98850,98550,98580,Naver
2026-06-05,0094L0,8930,9520,8890,9215,Naver
2026-06-05,0094X0,9975,10300,9810,10010,Naver
2026-06-05,0097L0,13100,13900,13100,13660,Naver
2026-06-05,0098F0,19500,19990,17655,18195,Naver
2026-06-05,0098N0,12695,13155,12550,12895,Naver
2026-06-05,0098Z0,116100,122535,110455,111700,Naver
2026-06-05,0099L0,98840,98840,98490,98500,Naver
2026-06-05,0100K0,11705,12825,9020,9470,Naver
2026-06-05,0101N0,23890,25350,21200,21845,Naver
2026-06-05,0102A0,9915,10435,9195,9650,Naver
2026-06-05,0102X0,10410,10525,9250,9970,Naver
2026-06-05,0103T0,11940,13600,10365,10700,Naver
2026-06-05,0104G0,11815,12880,9140,9575,Naver
2026-06-05,0104H0,13300,13830,13255,13330,Naver
2026-06-05,0104N0,26445,28275,24300,25665,Naver
2026-06-05,0104P0,11830,12200,11675,11890,Naver
2026-06-05,0105D0,13705,15495,11870,12370,Naver
2026-06-05,0107F0,12260,12475,12100,12445,Naver
2026-06-05,0111J0,16815,18135,16435,16960,Naver
2026-06-05,0111P0,11945,12225,11925,12185,Naver
2026-06-05,0112X0,50800,54405,48385,49070,Naver
2026-06-05,0113D0,12890,13190,12615,13115,Naver
2026-06-05,0113G0,10415,10595,10145,10505,Naver
2026-06-05,0113P0,101655,101690,101655,101690,Naver
2026-06-05,0114X0,8665,9055,8635,8885,Naver
2026-06-05,0115C0,11720,11955,11625,11890,Naver
2026-06-05,0115D0,10375,10650,9485,9725,Naver
2026-06-05,0115E0,17850,19200,16285,16690,Naver
2026-06-05,0117L0,10095,10095,10085,10095,Naver
2026-06-05,0117V0,24410,26620,21880,22470,Naver
2026-06-05,0118S0,15800,16350,15050,15365,Naver
2026-06-05,0118Z0,10625,10890,10200,10740,Naver
2026-06-05,0119H0,9860,9865,9825,9840,Naver
2026-06-05,0120J0,8560,9000,8255,8365,Naver
2026-06-05,0122W0,50635,50650,50625,50650,Naver
2026-06-05,0123G0,8680,8715,8300,8600,Naver
2026-06-05,0123S0,10120,10130,10110,10125,Naver
2026-06-05,0127P0,11750,11990,11750,11945,Naver
2026-06-05,0127R0,19735,21700,19640,21600,Naver
2026-06-05,0127T0,11830,12125,11775,12065,Naver
2026-06-05,0128D0,8225,8675,8100,8465,Naver
2026-06-05,0131A0,9515,9920,9515,9750,Naver
2026-06-05,0131V0,16590,16590,14665,15110,Naver
2026-06-05,0131W0,101415,101440,101405,101435,Naver
2026-06-05,0132D0,9265,9470,9095,9160,Naver
2026-06-05,0132H0,11065,11215,10840,11187,Naver
2026-06-05,0132K0,9110,9140,8950,9105,Naver
2026-06-05,0133E0,8975,9110,8515,8940,Naver
2026-06-05,0135Y0,99805,99805,99530,99550,Naver
2026-06-05,0137V0,12640,13350,12640,13140,Naver
2026-06-05,0137W0,11195,11440,11185,11410,Naver
2026-06-05,0138D0,17400,17840,16065,16235,Naver
2026-06-05,0138T0,10640,10860,10595,10830,Naver
2026-06-05,0138Y0,10345,10405,10295,10350,Naver
2026-06-05,0139F0,101355,101400,101330,101380,Naver
2026-06-05,0139P0,13740,14485,13590,13995,Naver
2026-06-05,0141S0,10845,11250,10120,10415,Naver
2026-06-05,0141T0,49955,49955,49835,49835,Naver
2026-06-05,0142D0,14320,15780,14000,14600,Naver
2026-06-05,0144L0,10885,10980,10810,10930,Naver
2026-06-05,0144M0,10285,10330,9500,9805,Naver
2026-06-05,0148J0,14800,17170,13365,14140,Naver
2026-06-05,0150K0,14600,14600,12685,12960,Naver
2026-06-05,0151P0,19675,20600,18500,18855,Naver
2026-06-05,0151S0,17840,18375,17645,17785,Naver
2026-06-05,0152E0,11305,11900,11185,11545,Naver
2026-06-05,0153K0,12000,12710,11980,12345,Naver
2026-06-05,0153X0,11265,11555,11180,11505,Naver
2026-06-05,0154H0,8480,8730,7870,7870,Naver
2026-06-05,0155N0,11705,12970,10390,10940,Naver
2026-06-05,0162L0,16535,17650,15640,16595,Naver
2026-06-05,0162M0,9995,9995,9950,9975,Naver
2026-06-05,0162Y0,10570,10770,9770,9955,Naver
2026-06-05,0162Z0,14615,15390,14345,14395,Naver
2026-06-05,0164G0,16025,17000,14265,16000,Naver
2026-06-05,0166N0,10520,10525,9665,9895,Naver
2026-06-05,0166S0,15170,15675,13760,14050,Naver
2026-06-05,0166T0,10380,10600,10135,10440,Naver
2026-06-05,0167A0,25200,26015,22100,22810,Naver
2026-06-05,0167B0,15140,16140,14525,14730,Naver
2026-06-05,0167Z0,14900,14900,12250,13235,Naver
2026-06-05,0172V0,10715,10925,10335,10370,Naver
2026-06-05,0172Y0,11650,12100,10920,11080,Naver
2026-06-05,0174B0,17370,19000,16915,17320,Naver
2026-06-05,0174J0,8825,8825,8290,8290,Naver
2026-06-05,0174R0,12285,12470,12210,12360,Naver
2026-06-05,0176E0,12975,13390,12675,13380,Naver
2026-06-05,0176P0,16650,17030,15315,15630,Naver
2026-06-05,0177A0,13515,14880,11805,12475,Naver
2026-06-05,0177N0,15445,16215,15125,15185,Naver
2026-06-05,0177R0,15230,15850,14575,14850,Naver
2026-06-05,0177X0,15090,16810,13115,13735,Naver
2026-06-05,0180V0,14640,14650,12550,13425,Naver
2026-06-05,0181B0,11400,12455,11400,11955,Naver
2026-06-05,0181L0,13825,13885,11250,12450,Naver
2026-06-05,0182R0,14770,15625,14115,14325,Naver
2026-06-05,0183J0,17710,17710,13900,15495,Naver
2026-06-05,0184E0,12605,12770,11785,11920,Naver
2026-06-05,0184L0,99880,99900,99635,99635,Naver
2026-06-05,0184N0,9740,9860,9575,9575,Naver
2026-06-05,0184V0,9055,9070,7990,7990,Naver
2026-06-05,0185L0,10475,10925,10075,10315,Naver
2026-06-05,0186L0,11575,12120,11570,12055,Naver
2026-06-05,0186S0,9565,9685,9200,9300,Naver
2026-06-05,0189B0,10235,10485,9930,9950,Naver
2026-06-05,0190C0,15110,16600,12600,13350,Naver
2026-06-05,0190G0,11155,11750,10735,10865,Naver
2026-06-05,0190M0,11585,11920,11360,11810,Naver
2026-06-05,0190Y0,10505,11290,10505,11105,Naver
2026-06-05,0191B0,37040,39060,34750,36685,Naver
2026-06-05,0191M0,100060,100110,100045,100070,Naver
2026-06-05,0191S0,18485,19085,17530,17600,Naver
2026-06-05,0191W0,100075,100075,99930,99930,Naver
2026-06-05,0192L0,25335,27615,20150,20175,Naver
2026-06-05,0192M0,22900,30460,22850,23885,Naver
2026-06-05,0192S0,10535,10845,10195,10300,Naver
2026-06-05,0192T0,9715,9985,8900,8960,Naver
2026-06-05,0192Z0,100055,100090,99960,99960,Naver
2026-06-05,0193G0,10895,11365,10215,10425,Naver
2026-06-05,0193K0,24495,32415,23500,25360,Naver
2026-06-05,0193L0,17070,17095,12030,15110,Naver
2026-06-05,0193T0,29160,32000,23435,23445,Naver
2026-06-05,0193W0,24645,33000,24615,25795,Naver
2026-06-05,0194M0,23000,30370,22935,23870,Naver
2026-06-05,0194N0,22730,31650,22730,23875,Naver
2026-06-05,0194R0,25045,27260,19900,19930,Naver
2026-06-05,0194T0,24985,27300,20020,20070,Naver
2026-06-05,0195R0,22815,30395,22720,23840,Naver
2026-06-05,0195S0,25000,27275,19935,19965,Naver
2026-06-05,0197W0,25050,27310,20000,20035,Naver
2026-06-05,0197X0,15270,18495,14025,18470,Naver
2026-06-05,0198B0,23820,42035,23820,24905,Naver
2026-06-05,0198D0,28625,31330,22175,22430,Naver
2026-06-05,0199C0,10290,10710,10015,10340,Naver
2026-06-05,0203D0,10405,10505,9910,9985,Naver
2026-06-05,0203R0,49960,49960,49910,49910,Naver
2026-06-05,0203S0,13765,13765,10055,10250,Naver
2026-06-05,0204S0,9040,9590,8595,8930,Naver
2026-06-05,069500,135000,143645,128485,130735,Naver
2026-06-05,069660,135420,143390,128300,130435,Naver
2026-06-05,091160,160980,170900,154985,156770,Naver
2026-06-05,091180,41120,42670,36825,38655,Naver
2026-06-05,091220,15095,16920,14895,16450,Naver
2026-06-05,091230,168770,178870,162005,163980,Naver
2026-06-05,100910,21395,22895,20370,20640,Naver
2026-06-05,101280,31640,32355,29800,32240,Naver
2026-06-05,102110,135335,143570,128545,130755,Naver
2026-06-05,102780,32445,34265,30625,31590,Naver
2026-06-05,102960,18475,19245,16565,16880,Naver
2026-06-05,102970,25345,27150,24645,25305,Naver
2026-06-05,104520,17340,17715,16305,16550,Naver
2026-06-05,105010,6985,7055,6890,7035,Naver
2026-06-05,105190,135770,144000,128975,131200,Naver
2026-06-05,108450,48490,50755,45720,46910,Naver
2026-06-05,108590,136755,141735,128410,130230,Naver
2026-06-05,114100,106865,107310,106435,106485,Naver
2026-06-05,114260,61360,61385,61125,61180,Naver
2026-06-05,114470,108107,108125,107705,107745,Naver
2026-06-05,114800,971,1012,910,997,Naver
2026-06-05,114820,104430,104440,103975,104050,Naver
2026-06-05,117460,16260,16825,15240,15640,Naver
2026-06-05,117680,15005,15410,13690,13985,Naver
2026-06-05,117690,20925,22250,20925,21775,Naver
2026-06-05,117700,7705,7885,7035,7250,Naver
2026-06-05,122090,103165,112000,97830,99250,Naver
2026-06-05,122630,204000,231260,183145,190245,Naver
2026-06-05,123310,1097,1132,1023,1119,Naver
2026-06-05,123320,204510,231195,183000,190275,Naver
2026-06-05,130680,6990,7560,6990,7355,Naver
2026-06-05,130730,102330,102370,102315,102345,Naver
2026-06-05,131890,45830,47505,43985,44790,Naver
2026-06-05,132030,25655,25700,25040,25040,Naver
2026-06-05,133690,203130,206675,202615,205740,Naver
2026-06-05,137610,5345,5375,5095,5125,Naver
2026-06-05,138230,17510,18000,17450,17910,Naver
2026-06-05,138520,44710,47530,42230,43470,Naver
2026-06-05,138530,18130,22100,14555,15130,Naver
2026-06-05,138540,75985,78100,66870,70310,Naver
2026-06-05,138920,11990,12030,11330,11385,Naver
2026-06-05,139230,17905,18820,15990,16470,Naver
2026-06-05,139240,13010,13270,11750,11955,Naver
2026-06-05,139250,20210,20920,18730,19390,Naver
2026-06-05,139260,187940,195710,167545,172000,Naver
2026-06-05,139270,16535,18395,16500,17825,Naver
2026-06-05,139290,35210,36950,32665,34060,Naver
2026-06-05,139660,7675,7695,7505,7540,Naver
2026-06-05,140570,32670,34215,29100,30040,Naver
2026-06-05,140580,29285,30105,28545,29045,Naver
2026-06-05,140700,18425,21050,18395,19805,Naver
2026-06-05,140710,6740,6740,6115,6230,Naver
2026-06-05,140950,106590,118475,97000,103100,Naver
2026-06-05,143850,77130,77810,76355,76655,Naver
2026-06-05,143860,43715,44240,40550,40550,Naver
2026-06-05,144600,12410,12635,11700,11770,Naver
2026-06-05,145670,1229,1275,1127,1252,Naver
2026-06-05,145850,140540,147090,133690,137080,Naver
2026-06-05,148020,135865,144520,129300,131590,Naver
2026-06-05,148070,105310,105430,103950,104225,Naver
2026-06-05,150460,7365,7560,7120,7305,Naver
2026-06-05,152100,137020,145920,130540,132795,Naver
2026-06-05,152380,65370,65415,64515,64695,Naver
2026-06-05,152500,83345,95160,74635,77580,Naver
2026-06-05,152870,136475,143330,129690,131670,Naver
2026-06-05,153130,113275,113315,113270,113295,Naver
2026-06-05,156080,64145,68470,61195,62165,Naver
2026-06-05,157450,111830,111875,111825,111870,Naver
2026-06-05,157490,10985,12320,9950,10250,Naver
2026-06-05,157500,17595,18825,17170,17565,Naver
2026-06-05,159800,107555,113835,102650,103895,Naver
2026-06-05,160580,16940,17460,16690,17305,Naver
2026-06-05,161510,26500,27400,26095,26585,Naver
2026-06-05,166400,23835,24535,22350,22725,Naver
2026-06-05,167860,93915,93915,91780,91865,Naver
2026-06-05,168580,39405,40515,38365,39885,Naver
2026-06-05,169950,28950,30145,28640,29625,Naver
2026-06-05,174350,20320,21000,20200,20420,Naver
2026-06-05,176950,59390,60175,59380,60020,Naver
2026-06-05,181480,84230,84695,82255,84300,Naver
2026-06-05,182490,13765,13850,13730,13775,Naver
2026-06-05,183700,106360,110005,104205,104720,Naver
2026-06-05,183710,111600,115010,106145,108015,Naver
2026-06-05,185680,43800,44490,41820,43260,Naver
2026-06-05,189400,25815,25845,25525,25720,Naver
2026-06-05,190620,101300,101345,101300,101320,Naver
2026-06-05,192090,14365,14850,14130,14540,Naver
2026-06-05,192720,59075,61045,57500,59510,Naver
2026-06-05,195930,22125,22440,21715,22345,Naver
2026-06-05,195970,15950,16090,15825,15960,Naver
2026-06-05,195980,15480,15965,14365,15160,Naver
2026-06-05,196230,116215,116245,116205,116230,Naver
2026-06-05,200030,45030,46775,44555,46640,Naver
2026-06-05,200250,23100,23400,22785,23335,Naver
2026-06-05,203780,32805,33155,31860,32945,Naver
2026-06-05,204450,2380,2530,2345,2380,Naver
2026-06-05,204480,33005,36200,32800,34635,Naver
2026-06-05,205720,1519,1546,1510,1521,Naver
2026-06-05,210780,24175,24800,23860,24260,Naver
2026-06-05,211560,39195,41045,37000,38180,Naver
2026-06-05,211900,31650,32920,29900,30595,Naver
2026-06-05,213610,26565,28060,25400,26090,Naver
2026-06-05,213630,19950,20415,19500,19795,Naver
2026-06-05,214980,114660,114680,114635,114635,Naver
2026-06-05,215620,16225,16225,15700,15700,Naver
2026-06-05,217780,4865,4900,4615,4675,Naver
2026-06-05,218420,19500,21050,19500,20925,Naver
2026-06-05,219390,7275,7610,7245,7550,Naver
2026-06-05,219900,5750,5990,5360,5820,Naver
2026-06-05,220130,7130,7190,7060,7120,Naver
2026-06-05,223190,32945,35205,32095,32775,Naver
2026-06-05,225030,2265,2290,2255,2290,Naver
2026-06-05,225040,67005,67250,65675,66125,Naver
2026-06-05,225050,14955,15060,14735,15040,Naver
2026-06-05,225060,17665,18395,16945,17130,Naver
2026-06-05,225130,53935,54320,51385,51385,Naver
2026-06-05,225800,17775,18800,17680,18660,Naver
2026-06-05,226380,6065,6200,5890,5945,Naver
2026-06-05,226490,87085,91800,82605,84065,Naver
2026-06-05,226980,26845,27445,25045,25560,Naver
2026-06-05,227540,20000,20065,18680,18740,Naver
2026-06-05,227550,14530,15050,12815,13060,Naver
2026-06-05,227560,12840,13095,12520,12615,Naver
2026-06-05,227570,22290,22520,21180,21430,Naver
2026-06-05,227830,87285,95782,83290,84500,Naver
2026-06-05,228790,3485,3595,3355,3380,Naver
2026-06-05,228800,2985,3020,2855,3000,Naver
2026-06-05,228810,3750,3775,3570,3580,Naver
2026-06-05,228820,23445,25155,22220,22695,Naver
2026-06-05,229200,18725,19040,17490,17550,Naver
2026-06-05,229720,46655,49485,44190,45150,Naver
2026-06-05,230480,3890,3940,3715,3750,Naver
2026-06-05,232080,19055,19405,17835,17895,Naver
2026-06-05,233160,16020,16545,13925,13985,Naver
2026-06-05,233740,14390,14980,12605,12640,Naver
2026-06-05,234310,33205,35130,32290,32550,Naver
2026-06-05,236350,32880,33600,31405,33475,Naver
2026-06-05,237350,108365,115975,103170,104800,Naver
2026-06-05,237370,16170,16430,15950,16025,Naver
2026-06-05,237440,10200,10355,10115,10120,Naver
2026-06-05,238670,13610,13685,13250,13275,Naver
2026-06-05,238720,48235,49340,47540,48445,Naver
2026-06-05,239660,120840,122985,120715,120740,Naver
2026-06-05,241180,37865,39315,37365,38200,Naver
2026-06-05,241390,17110,17595,16785,17015,Naver
2026-06-05,243880,867000,920800,662000,699995,Naver
2026-06-05,243890,12435,13330,10650,11440,Naver
2026-06-05,244580,10975,11030,10250,10250,Naver
2026-06-05,244620,24170,25200,23200,23970,Naver
2026-06-05,244660,9715,9840,9400,9400,Naver
2026-06-05,244670,12000,12055,11600,11800,Naver
2026-06-05,245350,20660,20660,19805,20415,Naver
2026-06-05,245360,13480,13845,13200,13620,Naver
2026-06-05,245710,31990,32550,31500,32215,Naver
2026-06-05,248270,25930,27000,25460,26570,Naver
2026-06-05,250730,9855,10230,9750,9775,Naver
2026-06-05,250780,2115,2235,2075,2235,Naver
2026-06-05,251340,2090,2225,2045,2215,Naver
2026-06-05,251350,41925,43420,41500,42640,Naver
2026-06-05,251590,17165,17450,16890,17015,Naver
2026-06-05,252400,189915,213525,168970,175545,Naver
2026-06-05,252410,1244,1301,1165,1273,Naver
2026-06-05,252420,88,95,76,92,Naver
2026-06-05,252650,21115,21550,19725,20205,Naver
2026-06-05,252670,85,91,74,88,Naver
2026-06-05,252710,89,96,80,94,Naver
2026-06-05,253150,378610,471850,339175,351085,Naver
2026-06-05,253160,175,186,148,181,Naver
2026-06-05,253230,83,91,77,87,Naver
2026-06-05,253240,1240,1294,1171,1277,Naver
2026-06-05,253250,185680,232325,166000,171560,Naver
2026-06-05,253280,14945,15150,13975,13975,Naver
2026-06-05,253290,12145,12240,11905,11905,Naver
2026-06-05,256440,5800,5850,5280,5290,Naver
2026-06-05,256450,19405,19960,18095,19370,Naver
2026-06-05,256750,19910,20630,19385,20110,Naver
2026-06-05,261060,28570,30785,26490,28600,Naver
2026-06-05,261070,16735,16945,15305,15305,Naver
2026-06-05,261110,18875,19915,18760,19770,Naver
2026-06-05,261120,4485,4505,4250,4280,Naver
2026-06-05,261220,24255,25940,24180,25235,Naver
2026-06-05,261240,15460,15890,15390,15830,Naver
2026-06-05,261250,18835,19905,18710,19800,Naver
2026-06-05,261260,4515,4540,4270,4305,Naver
2026-06-05,261270,7415,7440,7210,7245,Naver
2026-06-05,261920,12790,13785,12790,13665,Naver
2026-06-05,266160,38580,40800,37645,38155,Naver
2026-06-05,266360,11655,12655,11180,11415,Naver
2026-06-05,266370,91810,95120,80495,83927,Naver
2026-06-05,266390,17765,20465,16880,17765,Naver
2026-06-05,266410,9435,9595,9065,9150,Naver
2026-06-05,266420,19860,20080,18400,18410,Naver
2026-06-05,266550,18770,19015,17850,18790,Naver
2026-06-05,267440,8290,8300,8140,8160,Naver
2026-06-05,267450,10860,10890,10790,10860,Naver
2026-06-05,267490,5235,5310,5100,5270,Naver
2026-06-05,267770,156885,185000,140200,145605,Naver
2026-06-05,269370,19025,19620,18770,19415,Naver
2026-06-05,269420,24425,24935,23955,24870,Naver
2026-06-05,269530,22250,22700,21825,22595,Naver
2026-06-05,269540,30185,30265,29635,30105,Naver
2026-06-05,270800,17350,17380,16380,16595,Naver
2026-06-05,270810,18590,18930,17375,17425,Naver
2026-06-05,271050,2055,2070,1932,1977,Naver
2026-06-05,271060,8270,8275,7740,7770,Naver
2026-06-05,272560,114085,114105,114045,114060,Naver
2026-06-05,272570,107440,107440,106830,106830,Naver
2026-06-05,272580,56670,56715,56665,56715,Naver
2026-06-05,272910,105620,105620,105210,105210,Naver
2026-06-05,273130,111200,111290,110025,110090,Naver
2026-06-05,273140,114755,114815,114745,114805,Naver
2026-06-05,275280,53545,56000,50050,50960,Naver
2026-06-05,275290,40120,41735,38000,38445,Naver
2026-06-05,275300,36685,38375,34370,35040,Naver
2026-06-05,275750,2165,2270,2095,2265,Naver
2026-06-05,275980,24415,24975,24180,24680,Naver
2026-06-05,276000,20395,21440,20260,20385,Naver
2026-06-05,276650,48100,49225,48100,48460,Naver
2026-06-05,276970,7330,7350,7235,7330,Naver
2026-06-05,276990,30710,31515,30615,31085,Naver
2026-06-05,277540,36405,39345,35765,36730,Naver
2026-06-05,277630,88090,93142,83790,85290,Naver
2026-06-05,277640,46810,49745,44380,45065,Naver
2026-06-05,277650,23500,24045,22445,22830,Naver
2026-06-05,278240,16350,16900,14150,14200,Naver
2026-06-05,278530,48815,51960,46450,47230,Naver
2026-06-05,278540,47820,51385,45630,46395,Naver
2026-06-05,278620,118145,118155,117995,118020,Naver
2026-06-05,279530,17875,18400,17545,17960,Naver
2026-06-05,279540,25715,26300,24310,24385,Naver
2026-06-05,280320,21422,22055,21115,21125,Naver
2026-06-05,280930,16630,16680,16390,16580,Naver
2026-06-05,280940,3335,3425,3295,3385,Naver
2026-06-05,281990,18105,18105,17435,17640,Naver
2026-06-05,282000,114595,114935,114570,114930,Naver
2026-06-05,283580,17505,18085,17250,17715,Naver
2026-06-05,284430,24095,24885,23995,24155,Naver
2026-06-05,284980,22020,24500,21925,23710,Naver
2026-06-05,285690,26110,26520,24430,24580,Naver
2026-06-05,289040,40505,42675,39000,39000,Naver
2026-06-05,289250,42850,45030,40420,41140,Naver
2026-06-05,289260,34635,36100,32110,32645,Naver
2026-06-05,289480,11840,12230,10955,11075,Naver
2026-06-05,289670,52445,52445,51740,51875,Naver
2026-06-05,290080,6125,6190,5710,6015,Naver
2026-06-05,290130,58880,61510,55505,56525,Naver
2026-06-05,291130,20110,20335,19785,20090,Naver
2026-06-05,291620,3760,3975,3670,3965,Naver
2026-06-05,291630,7190,7530,6350,6390,Naver
2026-06-05,291680,7920,7920,7570,7875,Naver
2026-06-05,291890,12885,13005,12435,12435,Naver
2026-06-05,292050,62545,66995,58605,59300,Naver
2026-06-05,292150,47265,50000,44760,45490,Naver
2026-06-05,292160,59850,63630,57195,58070,Naver
2026-06-05,292190,59635,64240,57000,57870,Naver
2026-06-05,292500,61925,64595,58315,58980,Naver
2026-06-05,292560,8725,8930,8695,8902,Naver
2026-06-05,294400,176505,188050,168220,171080,Naver
2026-06-05,295000,51725,51740,51090,51205,Naver
2026-06-05,295020,59635,60310,59595,60210,Naver
2026-06-05,295040,50580,53710,48050,48895,Naver
2026-06-05,298340,55975,55975,55735,55765,Naver
2026-06-05,298770,97050,101450,92135,93420,Naver
2026-06-05,300610,6020,6240,5850,5925,Naver
2026-06-05,300640,7115,7350,6905,6990,Naver
2026-06-05,300950,6390,6735,6140,6265,Naver
2026-06-05,301400,18915,19285,17625,17735,Naver
2026-06-05,301410,3115,3305,2985,3300,Naver
2026-06-05,302190,50105,50140,49685,49765,Naver
2026-06-05,302450,87825,92950,83385,84615,Naver
2026-06-05,304660,7465,7505,7440,7470,Naver
2026-06-05,304670,11970,11995,11895,11950,Naver
2026-06-05,304760,59050,61835,56305,56920,Naver
2026-06-05,304770,18765,19055,17500,17540,Naver
2026-06-05,304780,236090,255545,205000,212295,Naver
2026-06-05,304940,33620,33780,33210,33280,Naver
2026-06-05,305050,88290,92500,83405,84635,Naver
2026-06-05,305080,13540,13930,13485,13875,Naver
2026-06-05,305540,24915,25135,21670,22170,Naver
2026-06-05,305720,20255,20485,17560,17850,Naver
2026-06-05,306520,2300,2345,2140,2310,Naver
2026-06-05,306530,14660,15145,12335,12765,Naver
2026-06-05,306950,143635,160730,129865,134650,Naver
2026-06-05,307510,15710,15710,14755,15060,Naver
2026-06-05,307520,26880,28505,23830,24885,Naver
2026-06-05,308620,12670,13020,12630,12980,Naver
2026-06-05,309230,31520,32270,31405,31935,Naver
2026-06-05,310080,9235,9850,9235,9415,Naver
2026-06-05,310960,78425,83865,74940,76215,Naver
2026-06-05,310970,59980,68000,57000,58200,Naver
2026-06-05,314250,62005,63180,59450,59720,Naver
2026-06-05,314700,12635,12840,11845,12050,Naver
2026-06-05,315270,22805,24535,22030,22300,Naver
2026-06-05,315930,100430,108070,96535,97945,Naver
2026-06-05,315960,96830,103435,94075,96090,Naver
2026-06-05,316300,14490,14595,14285,14555,Naver
2026-06-05,319640,27040,27100,26395,26410,Naver
2026-06-05,321410,10485,10720,10485,10605,Naver
2026-06-05,322400,11130,12060,10985,11245,Naver
2026-06-05,322410,23990,24790,23245,23675,Naver
2026-06-05,325010,54455,59675,50655,51135,Naver
2026-06-05,326230,13175,13880,12435,12520,Naver
2026-06-05,326240,56930,60030,52955,54130,Naver
2026-06-05,329200,4070,4080,3840,3860,Naver
2026-06-05,329650,14585,14680,14380,14595,Naver
2026-06-05,329660,18550,18730,18295,18715,Naver
2026-06-05,329670,23175,23835,22980,23600,Naver
2026-06-05,332500,91105,96220,86400,87720,Naver
2026-06-05,332610,137410,141065,136970,140690,Naver
2026-06-05,332620,100720,103435,100310,103190,Naver
2026-06-05,332930,177500,187730,168700,171215,Naver
2026-06-05,332940,60015,65300,57220,58060,Naver
2026-06-05,334690,6325,6435,5945,5950,Naver
2026-06-05,334700,3320,3520,3240,3495,Naver
2026-06-05,336160,100435,100495,100090,100120,Naver
2026-06-05,337120,43450,44740,41170,42080,Naver
2026-06-05,337140,45270,48125,42975,43660,Naver
2026-06-05,337150,31025,32050,29155,29580,Naver
2026-06-05,337160,58460,62355,54300,56520,Naver
2026-06-05,341850,4215,4580,4215,4415,Naver
2026-06-05,352540,11435,11495,10930,10935,Naver
2026-06-05,352560,12345,12345,11800,12245,Naver
2026-06-05,354240,11850,11970,11720,11925,Naver
2026-06-05,354350,21765,21900,21155,21800,Naver
2026-06-05,354500,18825,19185,17610,17630,Naver
2026-06-05,356540,102300,102395,101150,101230,Naver
2026-06-05,357870,57560,57585,57560,57585,Naver
2026-06-05,359210,43700,46350,41650,42300,Naver
2026-06-05,360140,22080,24005,22015,22710,Naver
2026-06-05,360200,28700,29300,28615,29205,Naver
2026-06-05,360750,28400,29000,28315,28895,Naver
2026-06-05,361580,76795,81665,72975,74290,Naver
2026-06-05,363510,111505,111525,111495,111525,Naver
2026-06-05,363570,89610,89625,87425,87545,Naver
2026-06-05,363580,75000,78810,66810,68550,Naver
2026-06-05,364690,51235,53250,46670,47745,Naver
2026-06-05,364960,8010,8040,7225,7335,Naver
2026-06-05,364970,7510,7690,7015,7025,Naver
2026-06-05,364980,13370,13505,11550,11765,Naver
2026-06-05,364990,5675,5975,5360,5510,Naver
2026-06-05,365000,5150,5500,4840,4960,Naver
2026-06-05,365040,44080,46275,41940,42510,Naver
2026-06-05,367380,34920,35535,34840,35380,Naver
2026-06-05,367740,56550,58065,48120,50305,Naver
2026-06-05,367760,88015,90500,74965,77705,Naver
2026-06-05,368190,9250,9495,8475,8675,Naver
2026-06-05,368590,33840,34470,33800,34315,Naver
2026-06-05,368680,9330,9625,8570,8695,Naver
2026-06-05,371160,8105,8575,8010,8260,Naver
2026-06-05,371450,13050,14465,12555,13670,Naver
2026-06-05,371460,13645,13920,13295,13520,Naver
2026-06-05,371470,8095,8325,7545,7690,Naver
2026-06-05,371870,7850,8360,7750,8005,Naver
2026-06-05,373490,35410,36100,31610,32635,Naver
2026-06-05,373790,16200,16625,15900,16605,Naver
2026-06-05,375270,16850,17560,16645,17545,Naver
2026-06-05,375760,29765,31240,28350,28890,Naver
2026-06-05,375770,30065,31830,28845,29295,Naver
2026-06-05,376410,29750,31600,28490,28905,Naver
2026-06-05,377990,33305,34765,29455,30340,Naver
2026-06-05,379780,24795,25350,24735,25260,Naver
2026-06-05,379790,16735,16990,15925,16740,Naver
2026-06-05,379800,25890,26440,25810,26345,Naver
2026-06-05,379810,30410,30950,30335,30805,Naver
2026-06-05,380340,40760,43345,34000,36820,Naver
2026-06-05,381170,35210,35595,34440,34932,Naver
2026-06-05,381180,50900,54865,50725,53780,Naver
2026-06-05,381560,25170,26065,20970,21995,Naver
2026-06-05,381570,13665,13780,12000,12300,Naver
2026-06-05,385510,50495,51270,44180,45250,Naver
2026-06-05,385520,23360,24100,19775,20655,Naver
2026-06-05,385540,104160,104220,102935,103005,Naver
2026-06-05,385550,113300,113350,113290,113310,Naver
2026-06-05,385560,58290,58475,54955,55130,Naver
2026-06-05,385590,28135,29505,27000,27385,Naver
2026-06-05,385600,17645,17945,14940,15540,Naver
2026-06-05,385720,33250,34520,30255,30925,Naver
2026-06-05,387270,31375,31375,30340,30605,Naver
2026-06-05,387280,17645,18525,14925,15535,Naver
2026-06-05,388280,7910,8500,7705,8175,Naver
2026-06-05,388420,38390,39140,35280,36100,Naver
2026-06-05,390390,62070,65870,61855,64790,Naver
2026-06-05,390400,9480,9600,9225,9485,Naver
2026-06-05,391600,13705,13930,12975,13815,Naver
2026-06-05,391670,38260,40165,34065,35065,Naver
2026-06-05,394670,14410,14550,13650,13895,Naver
2026-06-05,395150,2115,2215,2025,2070,Naver
2026-06-05,395160,52660,54415,47150,48745,Naver
2026-06-05,395170,20675,21515,19400,19800,Naver
2026-06-05,395270,74140,76385,67050,69155,Naver
2026-06-05,395280,4065,4315,3920,4005,Naver
2026-06-05,395290,6025,6040,5655,5670,Naver
2026-06-05,395750,25985,27000,24755,24900,Naver
2026-06-05,396500,50415,53335,48505,49000,Naver
2026-06-05,396510,9630,9870,9170,9175,Naver
2026-06-05,396520,15855,16600,14975,15830,Naver
2026-06-05,397420,50400,50400,50120,50135,Naver
2026-06-05,399110,22140,22860,22070,22690,Naver
2026-06-05,399580,13530,13910,13175,13690,Naver
2026-06-05,400580,11270,11315,10820,10910,Naver
2026-06-05,400590,14945,15105,14760,14765,Naver
2026-06-05,400970,10830,11595,9365,9700,Naver
2026-06-05,401170,15225,16020,12135,13380,Naver
2026-06-05,401470,11600,11955,10530,10760,Naver
2026-06-05,401590,12070,12135,11800,11955,Naver
2026-06-05,402460,19955,21330,16850,17540,Naver
2026-06-05,402970,15830,16255,15615,16210,Naver
2026-06-05,403790,70515,74000,66935,67850,Naver
2026-06-05,404120,32920,33500,29330,30140,Naver
2026-06-05,404260,31920,32865,28680,29660,Naver
2026-06-05,404540,32265,33125,29015,29780,Naver
2026-06-05,404650,31975,32790,28640,29460,Naver
2026-06-05,407300,13215,13595,12615,12975,Naver
2026-06-05,407310,21155,21890,19795,20230,Naver
2026-06-05,407820,7870,8150,7350,7450,Naver
2026-06-05,407830,17305,17350,16515,17260,Naver
2026-06-05,409810,5395,5445,5345,5430,Naver
2026-06-05,409820,21800,22010,21255,21390,Naver
2026-06-05,410870,10590,11000,10430,10670,Naver
2026-06-05,411060,30050,30470,29500,30165,Naver
2026-06-05,411540,21595,22375,20220,20615,Naver
2026-06-05,411860,18425,18700,18185,18640,Naver
2026-06-05,412560,2645,2865,2380,2410,Naver
2026-06-05,412570,2440,2535,1876,1967,Naver
2026-06-05,412770,16105,17365,16000,17115,Naver
2026-06-05,413220,6400,6615,6115,6355,Naver
2026-06-05,413930,35335,36605,32910,33610,Naver
2026-06-05,414270,15025,15375,14585,14850,Naver
2026-06-05,414780,15940,16235,15030,15615,Naver
2026-06-05,415340,16240,16650,15410,15935,Naver
2026-06-05,415760,15135,15350,14260,14750,Naver
2026-06-05,415920,10170,10265,9840,9900,Naver
2026-06-05,416090,15020,15405,14250,14760,Naver
2026-06-05,417450,22895,23000,21735,22485,Naver
2026-06-05,417630,23190,23500,20870,21350,Naver
2026-06-05,418660,52030,53735,51720,53240,Naver
2026-06-05,419420,13070,13800,12785,13570,Naver
2026-06-05,419430,12740,12740,11720,11720,Naver
2026-06-05,419650,8070,8140,7500,7660,Naver
2026-06-05,419890,106825,106825,106720,106720,Naver
2026-06-05,421320,42080,42240,36135,37000,Naver
2026-06-05,422260,9950,10535,9725,10210,Naver
2026-06-05,422420,9800,9970,8500,8670,Naver
2026-06-05,423160,110655,110705,110655,110700,Naver
2026-06-05,423170,68350,72350,67445,68085,Naver
2026-06-05,423920,134000,154700,132830,148570,Naver
2026-06-05,424460,15755,16195,15485,16120,Naver
2026-06-05,426020,35770,37070,35765,36785,Naver
2026-06-05,426030,57525,58985,57350,58390,Naver
2026-06-05,426150,52605,52640,51570,51595,Naver
2026-06-05,427120,6515,6800,5775,5880,Naver
2026-06-05,428510,31490,31745,29760,30150,Naver
2026-06-05,428560,16710,17060,16305,16680,Naver
2026-06-05,429000,13690,14095,13560,14080,Naver
2026-06-05,429010,21295,22080,21295,21990,Naver
2026-06-05,429740,6105,6285,5865,5910,Naver
2026-06-05,429980,22310,23580,21945,22550,Naver
2026-06-05,430500,113350,113480,112605,112810,Naver
2026-06-05,432600,54815,54815,54630,54630,Naver
2026-06-05,432840,21255,21755,21215,21700,Naver
2026-06-05,433220,36565,37535,36205,37370,Naver
2026-06-05,433250,31750,32700,28600,29250,Naver
2026-06-05,433330,23710,24210,23640,24125,Naver
2026-06-05,433500,73050,76085,65200,66700,Naver
2026-06-05,433880,20330,21495,20120,20415,Naver
2026-06-05,433970,14540,14755,14465,14725,Naver
2026-06-05,433980,16855,17115,16850,17060,Naver
2026-06-05,434730,74440,78750,66735,68420,Naver
2026-06-05,434960,133815,149000,129515,131700,Naver
2026-06-05,435040,20820,21000,20255,20905,Naver
2026-06-05,435420,14885,15010,14855,14950,Naver
2026-06-05,435530,16965,17230,16965,17165,Naver
2026-06-05,435540,19010,19440,19010,19360,Naver
2026-06-05,435550,19505,20160,19505,20145,Naver
2026-06-05,436140,107450,107450,106240,106300,Naver
2026-06-05,437080,99060,99230,97695,99140,Naver
2026-06-05,437350,13265,13635,13235,13595,Naver
2026-06-05,437370,11070,11370,10955,11265,Naver
2026-06-05,438080,15145,15565,15135,15540,Naver
2026-06-05,438100,16780,17155,16735,17095,Naver
2026-06-05,438320,6200,6815,5960,6065,Naver
2026-06-05,438560,99695,99745,99345,99405,Naver
2026-06-05,438570,98880,99025,97755,97905,Naver
2026-06-05,438740,40790,41155,38430,39120,Naver
2026-06-05,438900,11190,11297,10895,11005,Naver
2026-06-05,439860,113175,113205,112700,112700,Naver
2026-06-05,439870,95490,95780,90990,91265,Naver
2026-06-05,440340,13160,13820,12810,13370,Naver
2026-06-05,440640,111760,111800,111750,111790,Naver
2026-06-05,440910,29240,29415,28020,29165,Naver
2026-06-05,441540,32975,33700,30500,31205,Naver
2026-06-05,441640,13420,13870,13402,13850,Naver
2026-06-05,441680,11655,11900,11640,11855,Naver
2026-06-05,441800,36800,38470,34600,35335,Naver
2026-06-05,442320,45160,46790,43825,44295,Naver
2026-06-05,442550,15550,15815,15410,15695,Naver
2026-06-05,442570,18950,19340,18875,19145,Naver
2026-06-05,442580,119285,131780,119060,120040,Naver
2026-06-05,444490,21715,22240,21695,22160,Naver
2026-06-05,445150,35470,36325,32750,33510,Naver
2026-06-05,445290,46415,52070,41520,43170,Naver
2026-06-05,445690,35110,36370,33890,34565,Naver
2026-06-05,445910,22300,22860,21395,21810,Naver
2026-06-05,446690,78285,80575,73505,76130,Naver
2026-06-05,446700,13600,13600,11910,12060,Naver
2026-06-05,446720,14250,14655,14062,14595,Naver
2026-06-05,446770,92440,94915,90430,91615,Naver
2026-06-05,447430,16595,16595,15980,16330,Naver
2026-06-05,447620,16550,16550,16050,16380,Naver
2026-06-05,447660,14300,14320,13510,13905,Naver
2026-06-05,447770,14930,14955,14415,14765,Naver
2026-06-05,448100,139570,153175,132655,134605,Naver
2026-06-05,448290,17650,18900,17505,17570,Naver
2026-06-05,448300,23735,23840,23430,23505,Naver
2026-06-05,448330,17985,18800,17985,18205,Naver
2026-06-05,448490,53265,53290,52640,52775,Naver
2026-06-05,448540,26835,27350,26600,27070,Naver
2026-06-05,448570,36060,38535,34305,34840,Naver
2026-06-05,448630,15610,16205,15465,15540,Naver
2026-06-05,449170,111005,111055,111005,111055,Naver
2026-06-05,449180,17015,17060,16845,16910,Naver
2026-06-05,449450,67950,71450,59715,61285,Naver
2026-06-05,449580,17250,17345,17000,17110,Naver
2026-06-05,449680,15220,15245,14070,14370,Naver
2026-06-05,449770,22730,23430,22690,23155,Naver
2026-06-05,449780,18600,18655,18395,18495,Naver
2026-06-05,450180,15550,15635,14360,14695,Naver
2026-06-05,450190,59195,62300,57995,58350,Naver
2026-06-05,451000,108500,108500,107375,107445,Naver
2026-06-05,451060,43500,46215,41360,42100,Naver
2026-06-05,451150,19275,19505,18855,19485,Naver
2026-06-05,451540,53470,53515,52000,52905,Naver
2026-06-05,451600,91585,91585,87920,87980,Naver
2026-06-05,451670,14920,14990,13460,13550,Naver
2026-06-05,452250,5095,5135,5045,5095,Naver
2026-06-05,452360,12720,12810,12575,12790,Naver
2026-06-05,453060,110655,110705,110655,110705,Naver
2026-06-05,453080,23825,23925,23485,23555,Naver
2026-06-05,453330,17960,18025,17815,17895,Naver
2026-06-05,453630,13125,13250,12930,13230,Naver
2026-06-05,453640,13585,14130,13365,14100,Naver
2026-06-05,453660,19675,19710,18945,19295,Naver
2026-06-05,453810,12595,12830,12380,12800,Naver
2026-06-05,453820,13580,13715,13030,13675,Naver
2026-06-05,453850,7430,7460,7395,7450,Naver
2026-06-05,453870,12450,12605,12225,12605,Naver
2026-06-05,453950,35775,39155,35765,38985,Naver
2026-06-05,454180,8282,8830,8165,8520,Naver
2026-06-05,454320,51805,55150,46700,48005,Naver
2026-06-05,454780,100880,100880,99695,99745,Naver
2026-06-05,455030,12935,13300,12900,13245,Naver
2026-06-05,455660,9555,9560,9450,9530,Naver
2026-06-05,455850,29200,31935,27500,29160,Naver
2026-06-05,455860,6635,6695,5830,5920,Naver
2026-06-05,455890,55030,55050,55025,55050,Naver
2026-06-05,455960,13005,13415,13005,13380,Naver
2026-06-05,456200,65120,66585,64900,66310,Naver
2026-06-05,456250,9675,9840,9535,9807,Naver
2026-06-05,456600,69800,71525,69500,70500,Naver
2026-06-05,456610,64795,66605,64510,66385,Naver
2026-06-05,456680,11570,11595,10555,10750,Naver
2026-06-05,456880,13130,13495,13070,13455,Naver
2026-06-05,457480,25140,25140,23925,24220,Naver
2026-06-05,457690,10500,10505,10395,10405,Naver
2026-06-05,457700,9875,9890,9470,9500,Naver
2026-06-05,457930,36215,38370,33050,33555,Naver
2026-06-05,458030,54655,54685,54655,54685,Naver
2026-06-05,458210,109785,109855,109785,109845,Naver
2026-06-05,458250,36575,36895,36285,36725,Naver
2026-06-05,458260,47715,47800,47410,47690,Naver
2026-06-05,458730,15540,15975,15330,15920,Naver
2026-06-05,458750,13585,13990,13415,13935,Naver
2026-06-05,458760,11510,11775,11350,11765,Naver
2026-06-05,459580,1073730,1074160,1073730,1074157,Naver
2026-06-05,459750,19540,19975,19225,19580,Naver
2026-06-05,459790,25125,25235,24800,24935,Naver
2026-06-05,460270,13590,13940,13570,13900,Naver
2026-06-05,460660,12020,12125,11765,12100,Naver
2026-06-05,460960,12065,12360,12035,12310,Naver
2026-06-05,461270,11190,11200,11190,11195,Naver
2026-06-05,461340,49095,51855,49095,50315,Naver
2026-06-05,461450,18880,19055,17600,17660,Naver
2026-06-05,461460,51770,51825,51140,51225,Naver
2026-06-05,461490,15305,15315,15140,15275,Naver
2026-06-05,461500,106105,106175,105280,105300,Naver
2026-06-05,461580,19065,19420,17920,18035,Naver
2026-06-05,461600,8585,8635,8570,8615,Naver
2026-06-05,461900,25080,25585,24815,24990,Naver
2026-06-05,461910,47580,49000,46305,46850,Naver
2026-06-05,461950,7240,7280,6295,6400,Naver
2026-06-05,462010,7200,7320,6315,6420,Naver
2026-06-05,462330,2270,2340,1720,1786,Naver
2026-06-05,462340,16730,16860,16135,16690,Naver
2026-06-05,462900,19075,19140,17085,17095,Naver
2026-06-05,463050,16315,16320,14650,14660,Naver
2026-06-05,463250,42635,44995,37600,38555,Naver
2026-06-05,463290,108430,108470,108430,108460,Naver
2026-06-05,463300,15240,15600,14660,15365,Naver
2026-06-05,463640,15445,15620,14910,15500,Naver
2026-06-05,463680,24855,26895,24755,25520,Naver
2026-06-05,463690,20245,20380,19615,20040,Naver
2026-06-05,464240,52485,52540,52485,52530,Naver
2026-06-05,464310,17240,17500,17055,17305,Naver
2026-06-05,464920,26260,28000,24985,27190,Naver
2026-06-05,464930,23390,23390,22420,22990,Naver
2026-06-05,465330,15150,15250,13185,13370,Naver
2026-06-05,465350,14170,15895,13885,15795,Naver
2026-06-05,465580,26765,27115,25820,26445,Naver
2026-06-05,465610,52290,53815,50955,51515,Naver
2026-06-05,465620,6040,6160,5980,6125,Naver
2026-06-05,465660,27705,30450,26210,28990,Naver
2026-06-05,465670,16420,16900,16370,16810,Naver
2026-06-05,465780,105665,105715,105665,105715,Naver
2026-06-05,466810,7930,7965,6925,7045,Naver
2026-06-05,466920,37900,39100,34845,35700,Naver
2026-06-05,466930,41750,43800,35500,37515,Naver
2026-06-05,466940,24270,27250,24100,26355,Naver
2026-06-05,468370,11995,12315,11900,12285,Naver
2026-06-05,468380,12010,12550,11985,12290,Naver
2026-06-05,468630,12140,12480,11000,12440,Naver
2026-06-05,469050,34810,36780,34050,35590,Naver
2026-06-05,469060,41480,44600,41000,43660,Naver
2026-06-05,469070,16475,18400,15120,15805,Naver
2026-06-05,469150,78220,82285,74000,74800,Naver
2026-06-05,469160,30525,32165,29355,31440,Naver
2026-06-05,469170,7550,7770,6655,6805,Naver
2026-06-05,469530,8625,8640,8355,8410,Naver
2026-06-05,469790,56770,59815,52240,53435,Naver
2026-06-05,469830,53925,53945,53920,53932,Naver
2026-06-05,470310,18735,19175,17325,17595,Naver
2026-06-05,471040,37700,39225,37700,38255,Naver
2026-06-05,471460,49950,50000,47585,47760,Naver
2026-06-05,471760,19825,20970,18760,19055,Naver
2026-06-05,471780,46660,47575,42860,43950,Naver
2026-06-05,471990,31450,32835,28085,28870,Naver
2026-06-05,472150,26180,27755,25110,25540,Naver
2026-06-05,472160,19675,19985,19070,19150,Naver
2026-06-05,472170,14785,14910,14460,14735,Naver
2026-06-05,472720,30820,32325,29145,29720,Naver
2026-06-05,472830,9080,9355,9035,9325,Naver
2026-06-05,472840,134345,142425,127765,130980,Naver
2026-06-05,472870,7845,8010,7765,7995,Naver
2026-06-05,472920,99185,99250,98230,98230,Naver
2026-06-05,473290,10810,10810,10785,10800,Naver
2026-06-05,473330,9105,9400,9085,9375,Naver
2026-06-05,473440,10755,10770,10755,10755,Naver
2026-06-05,473460,28500,28810,27775,27970,Naver
2026-06-05,473590,25050,25455,23890,24350,Naver
2026-06-05,473640,34340,34860,33670,34175,Naver
2026-06-05,474220,16910,17155,16625,16895,Naver
2026-06-05,474390,44345,44345,42320,42375,Naver
2026-06-05,474590,52025,54480,49925,51410,Naver
2026-06-05,474920,19265,20400,19265,20200,Naver
2026-06-05,475050,8185,8285,7690,7695,Naver
2026-06-05,475070,41535,42070,40000,41485,Naver
2026-06-05,475080,8675,8675,8510,8630,Naver
2026-06-05,475260,10670,10680,10670,10670,Naver
2026-06-05,475280,10645,10660,10645,10660,Naver
2026-06-05,475300,22575,26700,20935,24620,Naver
2026-06-05,475310,33590,34890,31070,31945,Naver
2026-06-05,475350,15080,15415,14850,15300,Naver
2026-06-05,475380,11495,11750,11250,11670,Naver
2026-06-05,475630,1067700,1068135,1067700,1068130,Naver
2026-06-05,475720,15940,16387,15215,15475,Naver
2026-06-05,476000,8450,8450,7510,7625,Naver
2026-06-05,476030,19205,19585,19170,19495,Naver
2026-06-05,476070,11380,11800,10985,11560,Naver
2026-06-05,476260,13170,15530,12245,14215,Naver
2026-06-05,476310,10445,10640,10070,10600,Naver
2026-06-05,476450,52360,52385,52360,52385,Naver
2026-06-05,476550,7185,7215,7145,7207,Naver
2026-06-05,476750,8445,8670,8390,8640,Naver
2026-06-05,476760,10100,10420,10050,10370,Naver
2026-06-05,476800,4395,4405,4200,4240,Naver
2026-06-05,476850,25570,26910,24550,25045,Naver
2026-06-05,477050,53055,53080,53055,53075,Naver
2026-06-05,477080,106690,106745,106670,106740,Naver
2026-06-05,477490,22535,23150,22010,22130,Naver
2026-06-05,477730,8160,8380,8100,8310,Naver
2026-06-05,478150,25060,25375,23000,23740,Naver
2026-06-05,479080,53300,53340,53300,53335,Naver
2026-06-05,479520,105655,105705,105655,105705,Naver
2026-06-05,479620,30260,31842,30110,30670,Naver
2026-06-05,479730,10320,10425,9940,10400,Naver
2026-06-05,479850,15530,16025,14900,15065,Naver
2026-06-05,480020,13715,14195,13400,13765,Naver
2026-06-05,480030,11585,11920,11585,11890,Naver
2026-06-05,480040,20550,22300,20360,21795,Naver
2026-06-05,480260,53460,53490,53430,53445,Naver
2026-06-05,480310,25260,25965,24570,25070,Naver
2026-06-05,480460,9425,9425,8850,8850,Naver
2026-06-05,481050,1021810,1022215,1021810,1022210,Naver
2026-06-05,481060,7800,7845,7770,7830,Naver
2026-06-05,481180,16330,17500,15245,16385,Naver
2026-06-05,481190,19070,19295,18640,18935,Naver
2026-06-05,481340,9775,10065,9670,10030,Naver
2026-06-05,481430,98865,98900,97690,97880,Naver
2026-06-05,482030,12100,12430,11110,11320,Naver
2026-06-05,483020,11330,11330,10155,10160,Naver
2026-06-05,483030,11850,12060,11350,11930,Naver
2026-06-05,483240,15270,15755,15270,15665,Naver
2026-06-05,483290,10850,11130,10690,11120,Naver
2026-06-05,483320,29790,31450,29300,30695,Naver
2026-06-05,483330,16715,17400,15935,16525,Naver
2026-06-05,483340,27960,30010,27470,28745,Naver
2026-06-05,483570,17670,17825,17335,17510,Naver
2026-06-05,484880,20500,23195,20325,22430,Naver
2026-06-05,484890,52180,52200,52180,52195,Naver
2026-06-05,485540,17395,17615,16970,17220,Naver
2026-06-05,485690,25195,26845,25195,26680,Naver
2026-06-05,485810,11005,11005,10400,10965,Naver
2026-06-05,486240,34655,36950,33200,33980,Naver
2026-06-05,486290,12260,12490,12245,12430,Naver
2026-06-05,486450,25095,25605,24555,25335,Naver
2026-06-05,486830,52855,52890,52855,52890,Naver
2026-06-05,487130,38425,39000,34500,35740,Naver
2026-06-05,487230,25780,26740,25055,26675,Naver
2026-06-05,487240,47205,51685,42160,43355,Naver
2026-06-05,487340,104940,104995,104940,104995,Naver
2026-06-05,487910,8865,8960,8600,8950,Naver
2026-06-05,487920,8785,8810,8530,8770,Naver
2026-06-05,487950,14300,16765,14300,15555,Naver
2026-06-05,488080,87650,98040,81415,83930,Naver
2026-06-05,488200,18120,18720,15430,15825,Naver
2026-06-05,488210,26815,28300,25900,26320,Naver
2026-06-05,488480,14210,14585,13895,14470,Naver
2026-06-05,488500,13230,13650,13195,13590,Naver
2026-06-05,488720,49110,49120,48595,48620,Naver
2026-06-05,488770,104500,104555,104495,104550,Naver
2026-06-05,488980,51740,51765,51740,51750,Naver
2026-06-05,489000,9995,10230,9950,10205,Naver
2026-06-05,489010,23405,24995,23400,24495,Naver
2026-06-05,489030,7000,7190,6755,6995,Naver
2026-06-05,489290,16770,16975,16415,16615,Naver
2026-06-05,489860,17600,18375,17465,18270,Naver
2026-06-05,490090,17690,17885,17420,17675,Naver
2026-06-05,490330,14245,14555,14010,14435,Naver
2026-06-05,490480,36500,37945,32310,33065,Naver
2026-06-05,490490,11865,12160,11780,12140,Naver
2026-06-05,490590,16960,18250,16960,18100,Naver
2026-06-05,490600,9625,9905,9505,9885,Naver
2026-06-05,491010,34080,36270,33665,35925,Naver
2026-06-05,491090,19760,19975,19480,19865,Naver
2026-06-05,491220,160850,169400,152500,155210,Naver
2026-06-05,491230,52105,52120,52095,52115,Naver
2026-06-05,491510,18690,19150,18330,18615,Naver
2026-06-05,491610,104105,104155,104105,104150,Naver
2026-06-05,491620,12245,12460,12210,12405,Naver
2026-06-05,491630,5400,5465,5070,5205,Naver
2026-06-05,491700,136785,143025,130000,132450,Naver
2026-06-05,491820,56510,61720,50460,51930,Naver
2026-06-05,491830,26940,28910,26800,28020,Naver
2026-06-05,492500,51055,51065,50920,50965,Naver
2026-06-05,493420,13240,13550,12940,13525,Naver
2026-06-05,493810,13500,13500,13070,13270,Naver
2026-06-05,494180,14285,14625,13600,14315,Naver
2026-06-05,494210,11960,12255,11960,12225,Naver
2026-06-05,494220,53995,56950,50930,53480,Naver
2026-06-05,494300,11045,11310,11035,11270,Naver
2026-06-05,494310,161455,182950,149890,153080,Naver
2026-06-05,494330,32820,34900,31845,32350,Naver
2026-06-05,494340,25500,29495,24920,28230,Naver
2026-06-05,494410,15540,15940,15330,15860,Naver
2026-06-05,494420,9930,10360,9900,10270,Naver
2026-06-05,494670,29890,30750,27235,27935,Naver
2026-06-05,494840,13820,13880,13230,13740,Naver
2026-06-05,494890,39020,41715,37090,37735,Naver
2026-06-05,495040,38790,40800,37250,37715,Naver
2026-06-05,495050,39300,41425,37705,38255,Naver
2026-06-05,495060,38690,40295,35655,36485,Naver
2026-06-05,495230,39085,40775,37625,38350,Naver
2026-06-05,495550,40010,42020,38250,38835,Naver
2026-06-05,495710,51720,51725,51715,51725,Naver
2026-06-05,495750,38975,41100,37420,37945,Naver
2026-06-05,495850,39090,41230,37445,37990,Naver
2026-06-05,495940,23945,24510,23945,24315,Naver
2026-06-05,496020,51985,52020,51985,52010,Naver
2026-06-05,496090,39290,41170,37495,38035,Naver
2026-06-05,496120,39520,41635,37905,38370,Naver
2026-06-05,496770,18750,18750,16885,18400,Naver
2026-06-05,497510,13150,13470,12740,13425,Naver
2026-06-05,497520,12690,13055,12540,13010,Naver
2026-06-05,497570,24550,26265,24550,25835,Naver
2026-06-05,497780,11510,12125,11270,12120,Naver
2026-06-05,497880,50025,50045,50020,50045,Naver
2026-06-05,498050,13660,13810,12615,12615,Naver
2026-06-05,498180,94480,94480,93630,93630,Naver
2026-06-05,498270,18600,19225,18410,19190,Naver
2026-06-05,498400,26545,28290,25325,25735,Naver
2026-06-05,498410,11380,12690,11215,12335,Naver
2026-06-05,498610,8475,8635,8380,8580,Naver
2026-06-05,499150,11700,12010,11700,11900,Naver
2026-06-05,499660,1000490,1000900,1000490,1000897,Naver
