날짜,종목코드,시가,고가,저가,종가,출처
2025-06-05,000150,470000,563000,468000,549000,Naver
2025-06-05,000270,88400,93500,88100,93100,Naver
2025-06-05,000660,205000,230000,203000,224500,Naver
2025-06-05,000720,61900,71100,61800,68000,Naver
2025-06-05,000810,400000,447000,386000,445500,Naver
2025-06-05,000880,73500,97100,73200,90700,Naver
2025-06-05,001440,12780,13800,12580,13660,Naver
2025-06-05,003230,1125000,1142000,1077000,1133000,Naver
2025-06-05,003490,22500,23500,22400,22800,Naver
2025-06-05,003550,70800,75900,70800,74100,Naver
2025-06-05,003670,113506,117771,109241,115348,Naver
2025-06-05,005380,184600,193000,183100,189600,Naver
2025-06-05,005387,147600,152900,146000,151800,Naver
2025-06-05,005490,245500,259000,240500,257000,Naver
2025-06-05,005830,99000,106900,97000,105900,Naver
2025-06-05,005930,56300,59900,56200,59100,Naver
2025-06-05,005935,46100,48950,45900,48500,Naver
2025-06-05,005940,17250,18400,16890,17860,Naver
2025-06-05,006260,156900,181800,156000,180500,Naver
2025-06-05,006400,170000,179000,167000,174300,Naver
2025-06-05,006800,15701,18021,14965,17743,Naver
2025-06-05,007660,38100,41900,38000,40650,Naver
2025-06-05,009150,121500,133300,120200,132000,Naver
2025-06-05,009540,313500,335000,305000,319000,Naver
2025-06-05,010120,49700,52300,47900,51800,Naver
2025-06-05,010130,731000,775000,718000,758000,Naver
2025-06-05,010140,17060,17290,16100,16750,Naver
2025-06-05,010950,55300,58000,54500,56300,Naver
2025-06-05,011070,144700,150500,142000,149400,Naver
2025-06-05,011200,22350,23650,21550,21600,Naver
2025-06-05,012330,250500,257500,245000,254000,Naver
2025-06-05,012450,822000,925000,811000,905000,Naver
2025-06-05,015760,30550,30900,28550,29350,Naver
2025-06-05,016360,60300,62900,57800,61500,Naver
2025-06-05,017670,51500,53100,51500,52600,Naver
2025-06-05,018260,128900,135500,128900,134600,Naver
2025-06-05,024110,15670,16190,15250,16050,Naver
2025-06-05,028050,21500,22450,21100,22300,Naver
2025-06-05,028260,148300,169000,147900,168900,Naver
2025-06-05,030200,50600,51000,49400,50300,Naver
2025-06-05,032830,98900,128200,98100,120500,Naver
2025-06-05,033780,119200,125700,119200,122200,Naver
2025-06-05,034020,39300,46250,39300,45900,Naver
2025-06-05,034220,8530,8600,8280,8500,Naver
2025-06-05,034730,162100,189500,161100,187000,Naver
2025-06-05,035420,185800,192000,185500,191200,Naver
2025-06-05,035720,43200,44900,41050,44300,Naver
2025-06-05,036930,31500,33700,31250,32600,Naver
2025-06-05,039490,161800,177800,160100,175200,Naver
2025-06-05,042660,77600,79400,75600,78000,Naver
2025-06-05,042700,80300,85000,79800,82700,Naver
2025-06-05,047040,4275,4805,4120,4535,Naver
2025-06-05,047050,48750,51000,48100,50500,Naver
2025-06-05,047810,83700,92700,83000,89200,Naver
2025-06-05,051910,197500,204000,193900,201500,Naver
2025-06-05,055550,57600,60100,55000,59200,Naver
2025-06-05,064350,149600,158100,147300,155500,Naver
2025-06-05,064400,50200,52100,49600,51500,Naver
2025-06-05,066570,70800,72800,70600,72400,Naver
2025-06-05,068270,147079,150016,146528,149742,Naver
2025-06-05,069500,35770,37894,35680,37507,Naver
2025-06-05,071050,106900,115300,102400,114100,Naver
2025-06-05,079550,428000,457000,428000,449500,Naver
2025-06-05,086280,111900,120200,110200,117900,Naver
2025-06-05,086520,42900,45750,41900,45350,Naver
2025-06-05,086790,71300,74700,69100,73500,Naver
2025-06-05,096770,89600,93200,87000,92100,Naver
2025-06-05,102110,35728,37839,35623,37467,Naver
2025-06-05,105560,103700,108000,98600,106300,Naver
2025-06-05,122630,17375,19490,17315,19125,Naver
2025-06-05,133690,130043,131855,128539,130337,Naver
2025-06-05,138040,111000,115400,110400,111100,Naver
2025-06-05,161390,38350,39550,38000,39000,Naver
2025-06-05,180640,138300,157600,138000,149700,Naver
2025-06-05,196170,332500,388000,330500,368500,Naver
2025-06-05,207940,1505594,1535029,1493820,1499707,Naver
2025-06-05,247540,90300,97900,87600,96200,Naver
2025-06-05,259960,366500,375500,363000,369500,Naver
2025-06-05,267250,107500,123400,106700,118000,Naver
2025-06-05,267260,373500,394500,366500,389000,Naver
2025-06-05,272210,45500,45750,43050,44000,Naver
2025-06-05,277810,264000,290000,262000,287500,Naver
2025-06-05,278470,118400,127500,118100,120800,Naver
2025-06-05,278530,12845,13600,12810,13475,Naver
2025-06-05,298040,619000,664000,609000,650000,Naver
2025-06-05,307950,141400,142700,137800,139800,Naver
2025-06-05,316140,19130,20800,18640,20100,Naver
2025-06-05,323410,23150,24450,23150,24250,Naver
2025-06-05,329180,405500,456500,404500,425000,Naver
2025-06-05,352820,267000,288500,264500,284500,Naver
2025-06-05,360750,20081,20280,19868,19992,Naver
2025-06-05,373220,290500,295000,281500,291000,Naver
2025-06-05,379800,18338,18530,18151,18265,Naver
2025-06-05,379810,19480,19758,19252,19535,Naver
2025-06-05,396500,9682,10606,9677,10431,Naver
2025-06-05,402340,110400,132200,109100,129300,Naver
2025-06-05,443060,178300,185700,174800,182800,Naver
2025-06-05,454910,47250,50500,46700,50300,Naver
2025-06-05,488770,101505,101549,101505,101549,Naver
2025-06-05,950160,40600,41700,38400,38950,Naver
2025-06-13,000150,572000,607000,552000,569000,Naver
2025-06-13,000270,94400,99000,93800,97200,Naver
2025-06-13,000660,233000,246500,227500,235500,Naver
2025-06-13,000720,67600,78800,65000,73600,Naver
2025-06-13,000810,446500,466000,424000,436500,Naver
2025-06-13,000880,93300,98400,87700,88800,Naver
2025-06-13,001440,14280,16940,14190,15940,Naver
2025-06-13,003230,1195000,1237000,1114000,1196000,Naver
2025-06-13,003490,22900,23275,21250,21450,Naver
2025-06-13,003550,76000,77900,73900,74800,Naver
2025-06-13,003670,113894,129015,110210,123200,Naver
2025-06-13,005380,192900,204500,192300,199000,Naver
2025-06-13,005387,152800,157300,151600,153300,Naver
2025-06-13,005490,260500,271500,255000,264000,Naver
2025-06-13,005830,110000,118800,106600,112900,Naver
2025-06-13,005930,60400,60400,57700,58300,Naver
2025-06-13,005935,50200,50400,47450,47500,Naver
2025-06-13,005940,18090,18720,17830,18260,Naver
2025-06-13,006260,185200,194400,170500,172900,Naver
2025-06-13,006400,173500,176900,169400,172100,Naver
2025-06-13,006800,18021,19814,17683,18977,Naver
2025-06-13,007660,41450,45650,40650,44300,Naver
2025-06-13,009150,132600,133400,126500,127400,Naver
2025-06-13,009540,325500,356000,310000,350500,Naver
2025-06-13,010120,52900,54900,51100,51600,Naver
2025-06-13,010130,759000,793000,753000,788000,Naver
2025-06-13,010140,16760,17930,16310,17690,Naver
2025-06-13,010950,57400,66900,56600,63700,Naver
2025-06-13,011070,149600,151800,142600,144300,Naver
2025-06-13,011200,21950,25000,21650,24200,Naver
2025-06-13,012330,266500,290500,257500,282000,Naver
2025-06-13,012450,891000,982000,862000,945000,Naver
2025-06-13,015760,29700,31250,26700,27450,Naver
2025-06-13,016360,62300,67100,61600,64500,Naver
2025-06-13,017670,52800,55000,52600,54600,Naver
2025-06-13,018260,135500,141100,135000,137200,Naver
2025-06-13,024110,16470,17130,16410,16960,Naver
2025-06-13,028050,22500,23750,21850,23100,Naver
2025-06-13,028260,173000,174500,163000,165900,Naver
2025-06-13,030200,50500,52300,50500,51600,Naver
2025-06-13,032830,121600,127100,114000,124800,Naver
2025-06-13,033780,121800,125100,119200,123200,Naver
2025-06-13,034020,47200,56300,45800,54600,Naver
2025-06-13,034220,8670,9300,8640,8840,Naver
2025-06-13,034730,194400,204500,186000,190600,Naver
2025-06-13,035420,195400,206000,192300,200500,Naver
2025-06-13,035720,45950,53700,45700,51500,Naver
2025-06-13,036930,33050,33300,30800,31050,Naver
2025-06-13,039490,183000,206500,182000,195000,Naver
2025-06-13,042660,77800,86600,75000,84700,Naver
2025-06-13,042700,84000,90800,82100,86800,Naver
2025-06-13,047040,4590,4655,4285,4345,Naver
2025-06-13,047050,52000,53700,49350,50100,Naver
2025-06-13,047810,88000,98800,84000,97700,Naver
2025-06-13,051910,203000,214000,198700,208500,Naver
2025-06-13,055550,59500,61700,57900,59000,Naver
2025-06-13,064350,154000,190500,148700,186800,Naver
2025-06-13,064400,52000,64300,51800,63900,Naver
2025-06-13,066570,73000,76500,71800,72200,Naver
2025-06-13,068270,151648,157749,150695,153269,Naver
2025-06-13,069500,38091,39174,38003,38573,Naver
2025-06-13,071050,117700,125500,115700,120600,Naver
2025-06-13,079550,445500,533000,434000,526000,Naver
2025-06-13,086280,121500,124100,115800,117600,Naver
2025-06-13,086520,44850,46500,42550,42850,Naver
2025-06-13,086790,74500,80800,74000,78500,Naver
2025-06-13,096770,91900,98800,90500,92600,Naver
2025-06-13,102110,37974,39129,37959,38504,Naver
2025-06-13,105560,106100,114800,104700,106000,Naver
2025-06-13,122630,19730,20840,19605,20190,Naver
2025-06-13,133690,130650,133001,129316,130396,Naver
2025-06-13,138040,111400,114900,109900,110100,Naver
2025-06-13,161390,39300,40200,39050,39050,Naver
2025-06-13,180640,148500,155000,137700,140400,Naver
2025-06-13,196170,369000,416500,363000,385500,Naver
2025-06-13,207940,1505594,1542388,1483518,1499707,Naver
2025-06-13,247540,95300,101100,91100,92000,Naver
2025-06-13,259960,369500,382500,365000,366500,Naver
2025-06-13,267250,121000,127000,118800,121900,Naver
2025-06-13,267260,401500,435000,396500,430000,Naver
2025-06-13,272210,44350,54800,41550,54400,Naver
2025-06-13,277810,291500,295000,272000,277000,Naver
2025-06-13,278470,119200,137200,118700,131000,Naver
2025-06-13,278530,13665,14070,13640,13860,Naver
2025-06-13,298040,650000,698000,647000,680000,Naver
2025-06-13,307950,140000,150400,139400,143000,Naver
2025-06-13,316140,20450,21100,20050,20550,Naver
2025-06-13,323410,24650,30700,24550,27800,Naver
2025-06-13,329180,419500,442000,409500,427500,Naver
2025-06-13,352820,291500,313500,291000,296000,Naver
2025-06-13,360750,20081,20414,19953,20106,Naver
2025-06-13,373220,291500,304000,280500,296000,Naver
2025-06-13,379800,18353,18650,18226,18353,Naver
2025-06-13,379810,19570,19917,19406,19540,Naver
2025-06-13,396500,10686,10996,10461,10721,Naver
2025-06-13,402340,131000,143500,125700,138800,Naver
2025-06-13,443060,181100,213500,173500,199800,Naver
2025-06-13,454910,51200,53000,49700,50700,Naver
2025-06-13,488770,101549,101603,101549,101603,Naver
2025-06-13,950160,38400,40700,36400,36850,Naver
2025-06-20,000150,566000,632000,564000,605000,Naver
2025-06-20,000270,96500,99800,95100,98700,Naver
2025-06-20,000660,238000,260000,238000,257000,Naver
2025-06-20,000720,74200,81600,74000,75300,Naver
2025-06-20,000810,443000,452500,421000,428500,Naver
2025-06-20,000880,89200,101600,89100,93400,Naver
2025-06-20,001440,15680,17450,15450,16530,Naver
2025-06-20,003230,1219000,1308000,1213000,1307000,Naver
2025-06-20,003490,21300,21800,21050,21550,Naver
2025-06-20,003550,74800,78400,73700,77500,Naver
2025-06-20,003670,122300,133900,117550,129200,Naver
2025-06-20,005380,198300,211500,196200,210000,Naver
2025-06-20,005387,153100,163100,152900,161800,Naver
2025-06-20,005490,260500,265000,254000,262500,Naver
2025-06-20,005830,114400,121000,113300,120200,Naver
2025-06-20,005930,58000,60600,56900,59500,Naver
2025-06-20,005935,47450,49500,46800,48700,Naver
2025-06-20,005940,18200,19640,18190,19170,Naver
2025-06-20,006260,171300,186900,170900,177000,Naver
2025-06-20,006400,170900,177000,165900,176300,Naver
2025-06-20,006800,18917,21307,18639,19445,Naver
2025-06-20,007660,43500,47850,42050,46450,Naver
2025-06-20,009150,127200,134800,124000,133300,Naver
2025-06-20,009540,350500,386000,350500,375500,Naver
2025-06-20,010120,52000,58500,51900,55100,Naver
2025-06-20,010130,796000,870000,764000,816000,Naver
2025-06-20,010140,17630,18550,16500,16870,Naver
2025-06-20,010950,65600,65700,59600,61500,Naver
2025-06-20,011070,145100,156800,140100,149700,Naver
2025-06-20,011200,25000,25350,22400,23000,Naver
2025-06-20,012330,286500,302000,277500,291500,Naver
2025-06-20,012450,963000,987000,911000,938000,Naver
2025-06-20,015760,27350,29200,27100,29100,Naver
2025-06-20,016360,64400,69200,64300,67700,Naver
2025-06-20,017670,55100,56800,54500,56300,Naver
2025-06-20,018260,140400,175200,139600,172000,Naver
2025-06-20,024110,17070,17550,16880,17290,Naver
2025-06-20,028050,22850,24000,22350,22400,Naver
2025-06-20,028260,165000,173300,160200,161900,Naver
2025-06-20,030200,52200,53500,51400,51800,Naver
2025-06-20,032830,127100,130500,122000,127200,Naver
2025-06-20,033780,124500,127600,121000,125500,Naver
2025-06-20,034020,55500,63200,54200,60200,Naver
2025-06-20,034220,8920,9400,8590,9220,Naver
2025-06-20,034730,190100,205500,188000,196700,Naver
2025-06-20,035420,211000,269500,202000,269500,Naver
2025-06-20,035720,51300,67200,50800,66600,Naver
2025-06-20,036930,30600,32500,30300,31500,Naver
2025-06-20,039490,196000,219500,195900,213500,Naver
2025-06-20,042660,84100,95800,82700,88600,Naver
2025-06-20,042700,85500,99100,84600,93000,Naver
2025-06-20,047040,4295,4680,4245,4255,Naver
2025-06-20,047050,51500,55000,48950,49100,Naver
2025-06-20,047810,101400,101800,94000,94900,Naver
2025-06-20,051910,208000,213500,201000,211500,Naver
2025-06-20,055550,59100,61500,58100,59300,Naver
2025-06-20,064350,193200,220000,188100,212000,Naver
2025-06-20,064400,64500,89400,63900,89400,Naver
2025-06-20,066570,71400,74500,70600,74000,Naver
2025-06-20,068270,152983,156224,152125,154603,Naver
2025-06-20,069500,38708,40360,38454,40335,Naver
2025-06-20,071050,120600,131900,120400,131900,Naver
2025-06-20,079550,548000,621000,535000,609000,Naver
2025-06-20,086280,118000,138500,117100,136700,Naver
2025-06-20,086520,42150,44800,41000,44250,Naver
2025-06-20,086790,79100,82100,77100,80000,Naver
2025-06-20,096770,94700,104400,90900,102400,Naver
2025-06-20,102110,38698,40310,38396,40270,Naver
2025-06-20,105560,106200,109300,104800,106500,Naver
2025-06-20,122630,20390,22090,20070,22065,Naver
2025-06-20,133690,130940,132479,130446,131183,Naver
2025-06-20,138040,110700,111600,104800,106400,Naver
2025-06-20,161390,39150,39700,38500,39300,Naver
2025-06-20,180640,140500,140500,127700,130800,Naver
2025-06-20,196170,393500,412000,384500,390000,Naver
2025-06-20,207940,1499707,1507066,1465857,1495292,Naver
2025-06-20,247540,91700,102300,88900,102000,Naver
2025-06-20,259960,370000,385000,355000,358000,Naver
2025-06-20,267250,121100,140800,121100,128800,Naver
2025-06-20,267260,434000,483000,433500,470000,Naver
2025-06-20,272210,58100,70200,57100,65500,Naver
2025-06-20,277810,272500,295500,265500,290000,Naver
2025-06-20,278470,129000,143800,128200,139800,Naver
2025-06-20,278530,13885,14490,13805,14475,Naver
2025-06-20,298040,692000,868000,690000,827000,Naver
2025-06-20,307950,140900,169200,140700,168700,Naver
2025-06-20,316140,20550,21350,20250,21350,Naver
2025-06-20,323410,27700,32850,26900,32050,Naver
2025-06-20,329180,428000,458000,420500,443000,Naver
2025-06-20,352820,296500,309000,294000,307000,Naver
2025-06-20,360750,20150,20379,20076,20136,Naver
2025-06-20,373220,292000,306000,288000,305000,Naver
2025-06-20,379800,18418,18615,18343,18398,Naver
2025-06-20,379810,19615,19853,19545,19659,Naver
2025-06-20,396500,10626,11325,10561,11325,Naver
2025-06-20,402340,138800,158700,138400,155500,Naver
2025-06-20,443060,198200,212000,194900,207500,Naver
2025-06-20,454910,50000,53200,49900,52500,Naver
2025-06-20,488770,101608,101653,101603,101653,Naver
2025-06-20,950160,36850,49650,36250,45000,Naver
2025-06-27,000150,588000,692000,588000,651000,Naver
2025-06-27,000270,97000,104500,94400,97700,Naver
2025-06-27,000660,252500,298500,248500,284000,Naver
2025-06-27,000720,72900,85100,72600,78800,Naver
2025-06-27,000810,424000,453000,420000,435000,Naver
2025-06-27,000880,92100,104100,88000,94400,Naver
2025-06-27,001440,16160,18170,16080,16440,Naver
2025-06-27,003230,1300000,1367000,1270000,1334000,Naver
2025-06-27,003490,21650,24450,21400,23300,Naver
2025-06-27,003550,76800,91700,75700,79700,Naver
2025-06-27,003670,126600,132800,123000,123600,Naver
2025-06-27,005380,205500,221500,200500,205000,Naver
2025-06-27,005387,161000,166900,157300,159900,Naver
2025-06-27,005490,257500,272500,249500,260000,Naver
2025-06-27,005830,118400,126400,118300,122300,Naver
2025-06-27,005930,58400,61600,57600,60800,Naver
2025-06-27,005935,48000,51200,47400,50600,Naver
2025-06-27,005940,19050,21200,18910,19920,Naver
2025-06-27,006260,173200,198500,172100,186300,Naver
2025-06-27,006400,172800,182300,168300,169700,Naver
2025-06-27,006800,18927,25240,18868,21257,Naver
2025-06-27,007660,45000,53900,45000,50300,Naver
2025-06-27,009150,131000,144000,129200,135500,Naver
2025-06-27,009540,371000,398500,352000,364000,Naver
2025-06-27,010120,53500,64900,53300,57000,Naver
2025-06-27,010130,836000,909000,782000,844000,Naver
2025-06-27,010140,16700,17680,16050,16160,Naver
2025-06-27,010950,65800,65800,57500,58200,Naver
2025-06-27,011070,147100,156000,143500,147800,Naver
2025-06-27,011200,24550,24600,22250,22400,Naver
2025-06-27,012330,285000,298500,278000,289500,Naver
2025-06-27,012450,947000,953000,841000,890000,Naver
2025-06-27,015760,29550,41150,28000,39250,Naver
2025-06-27,016360,67000,79000,67000,74700,Naver
2025-06-27,017670,55800,57300,55400,56200,Naver
2025-06-27,018260,171000,198800,170000,173300,Naver
2025-06-27,024110,17170,18980,17100,18300,Naver
2025-06-27,028050,22200,23700,21750,22000,Naver
2025-06-27,028260,158200,168800,156000,158800,Naver
2025-06-27,030200,51400,55500,51000,54400,Naver
2025-06-27,032830,124900,133400,122700,126300,Naver
2025-06-27,033780,124300,126600,122400,123300,Naver
2025-06-27,034020,59100,71400,59100,65800,Naver
2025-06-27,034220,9080,9490,8840,9120,Naver
2025-06-27,034730,193200,209000,188800,197600,Naver
2025-06-27,035420,276500,295000,252000,257500,Naver
2025-06-27,035720,67000,71600,58900,60900,Naver
2025-06-27,036930,30600,33450,29550,31800,Naver
2025-06-27,039490,211000,240000,209000,228500,Naver
2025-06-27,042660,87000,89300,78600,79400,Naver
2025-06-27,042700,90500,109000,88600,102900,Naver
2025-06-27,047040,4135,4585,4125,4240,Naver
2025-06-27,047050,50300,51000,48100,48350,Naver
2025-06-27,047810,96400,97500,88000,91200,Naver
2025-06-27,051910,207500,218000,200500,209000,Naver
2025-06-27,055550,58800,62100,58800,60500,Naver
2025-06-27,064350,219000,220500,190000,201000,Naver
2025-06-27,064400,92500,100800,72900,84500,Naver
2025-06-27,066570,72800,78500,71500,74100,Naver
2025-06-27,068270,152887,155175,150981,152411,Naver
2025-06-27,069500,39958,42062,39586,41124,Naver
2025-06-27,071050,131800,148600,128400,140400,Naver
2025-06-27,079550,648000,650000,514000,543000,Naver
2025-06-27,086280,134000,141900,133600,137300,Naver
2025-06-27,086520,43000,50500,42100,44950,Naver
2025-06-27,086790,79400,85800,78600,84200,Naver
2025-06-27,096770,111600,111600,97700,97800,Naver
2025-06-27,102110,39918,41996,39531,41108,Naver
2025-06-27,105560,107100,113200,105600,110600,Naver
2025-06-27,122630,21650,23950,21220,22915,Naver
2025-06-27,133690,131099,135097,130700,135067,Naver
2025-06-27,138040,107000,116100,106600,112200,Naver
2025-06-27,161390,39000,41000,38400,39650,Naver
2025-06-27,180640,128000,130900,118000,118300,Naver
2025-06-27,196170,382000,401000,375000,380500,Naver
2025-06-27,207940,1476159,1486461,1457027,1465857,Naver
2025-06-27,247540,99000,108100,96400,100200,Naver
2025-06-27,259960,355500,364500,342500,357500,Naver
2025-06-27,267250,129700,133800,124100,126800,Naver
2025-06-27,267260,458500,506000,458000,487500,Naver
2025-06-27,272210,69100,69200,57200,59300,Naver
2025-06-27,277810,284000,321500,282000,284000,Naver
2025-06-27,278470,136800,158300,136000,148700,Naver
2025-06-27,278530,14380,15095,14215,14770,Naver
2025-06-27,298040,820000,880000,809000,857000,Naver
2025-06-27,307950,163200,191800,161800,190500,Naver
2025-06-27,316140,21050,22850,20850,22500,Naver
2025-06-27,323410,30650,38750,30000,31450,Naver
2025-06-27,329180,435500,476000,410000,422000,Naver
2025-06-27,352820,303500,316000,297500,305500,Naver
2025-06-27,360750,20160,20622,20145,20617,Naver
2025-06-27,373220,298500,306000,287000,288000,Naver
2025-06-27,379800,18428,18837,18403,18837,Naver
2025-06-27,379810,19629,20245,19590,20245,Naver
2025-06-27,396500,11046,12324,10906,11965,Naver
2025-06-27,402340,158200,199800,155000,176300,Naver
2025-06-27,443060,202000,215000,195300,202500,Naver
2025-06-27,454910,52400,70900,50700,66100,Naver
2025-06-27,488770,101672,101707,101672,101702,Naver
2025-06-27,950160,44500,46700,40350,41500,Naver
2025-07-04,000150,680000,699500,553000,555000,Naver
2025-07-04,000270,96900,101500,96600,99100,Naver
2025-07-04,000660,288500,294500,269000,270500,Naver
2025-07-04,000720,80600,83900,70700,71300,Naver
2025-07-04,000810,441000,456500,429000,432500,Naver
2025-07-04,000880,93000,113500,83000,84000,Naver
2025-07-04,001440,16850,18090,15420,15470,Naver
2025-07-04,003230,1339000,1423000,1263000,1269000,Naver
2025-07-04,003490,23050,24150,22650,23550,Naver
2025-07-04,003550,80400,85900,79100,79900,Naver
2025-07-04,003670,124900,136300,122800,131200,Naver
2025-07-04,005380,204500,218000,203500,210500,Naver
2025-07-04,005387,159300,164200,157100,160600,Naver
2025-07-04,005490,261500,325000,260000,316500,Naver
2025-07-04,005830,122200,129800,120400,123400,Naver
2025-07-04,005930,61200,64700,59800,63300,Naver
2025-07-04,005935,50700,53700,49500,52700,Naver
2025-07-04,005940,20000,20650,19820,19900,Naver
2025-07-04,006260,190000,220000,172700,173300,Naver
2025-07-04,006400,171000,187000,170900,181100,Naver
2025-07-04,006800,21656,22850,19246,19296,Naver
2025-07-04,007660,50000,54200,47600,53400,Naver
2025-07-04,009150,136000,142700,132900,138600,Naver
2025-07-04,009540,368000,375500,304500,307000,Naver
2025-07-04,010120,59000,61600,52100,52400,Naver
2025-07-04,010130,835000,846000,798000,799000,Naver
2025-07-04,010140,16250,17350,15710,15720,Naver
2025-07-04,010950,58700,63100,58500,62300,Naver
2025-07-04,011070,149200,158800,147100,152400,Naver
2025-07-04,011200,22600,25300,22500,24300,Naver
2025-07-04,012330,291000,305000,284500,295500,Naver
2025-07-04,012450,877000,877000,775000,779000,Naver
2025-07-04,015760,38750,40800,34800,36900,Naver
2025-07-04,016360,75000,76900,69700,69900,Naver
2025-07-04,017670,55900,58100,54300,54400,Naver
2025-07-04,018260,171100,173800,163800,164200,Naver
2025-07-04,024110,18190,19200,17850,18950,Naver
2025-07-04,028050,22200,24900,21750,23900,Naver
2025-07-04,028260,161900,173600,159100,162500,Naver
2025-07-04,030200,55500,59100,55100,57700,Naver
2025-07-04,032830,128500,135100,123200,123900,Naver
2025-07-04,033780,124600,131200,123600,129600,Naver
2025-07-04,034020,70400,72200,59500,60000,Naver
2025-07-04,034220,9160,9530,8940,9300,Naver
2025-07-04,034730,198800,241500,196300,196600,Naver
2025-07-04,035420,257000,269000,247500,249000,Naver
2025-07-04,035720,61200,63400,58100,58400,Naver
2025-07-04,036930,31850,32050,30200,30550,Naver
2025-07-04,039490,228500,241500,209000,210500,Naver
2025-07-04,042660,79400,82200,72300,73100,Naver
2025-07-04,042700,102200,104200,92700,94300,Naver
2025-07-04,047040,4225,4370,4085,4095,Naver
2025-07-04,047050,48550,52700,48400,52000,Naver
2025-07-04,047810,90900,93400,84600,84700,Naver
2025-07-04,051910,211000,268500,210000,264500,Naver
2025-07-04,055550,60600,64700,60400,63000,Naver
2025-07-04,064350,199000,216500,179600,180600,Naver
2025-07-04,064400,80100,84900,73500,79900,Naver
2025-07-04,066570,74300,80800,73700,77200,Naver
2025-07-04,068270,152697,170616,151648,169663,Naver
2025-07-04,069500,41377,42236,40837,41179,Naver
2025-07-04,071050,142000,147800,131700,132900,Naver
2025-07-04,079550,535000,563000,487000,490500,Naver
2025-07-04,086280,137100,139800,133900,135100,Naver
2025-07-04,086520,45250,48550,44650,46850,Naver
2025-07-04,086790,84600,90700,83200,85400,Naver
2025-07-04,096770,107100,128000,107000,115200,Naver
2025-07-04,102110,41352,42184,40785,41113,Naver
2025-07-04,105560,111500,117900,109500,112100,Naver
2025-07-04,122630,23205,24110,22530,22900,Naver
2025-07-04,133690,135869,138100,134799,137278,Naver
2025-07-04,138040,112200,117800,111300,113300,Naver
2025-07-04,161390,39900,43400,39600,43150,Naver
2025-07-04,180640,118600,124400,115400,119500,Naver
2025-07-04,196170,378000,405000,371000,375500,Naver
2025-07-04,207940,1473216,1554162,1459970,1527670,Naver
2025-07-04,247540,101000,108300,99700,104100,Naver
2025-07-04,259960,359500,372000,354500,359500,Naver
2025-07-04,267250,128500,137400,121100,121800,Naver
2025-07-04,267260,496000,520000,430500,432000,Naver
2025-07-04,272210,59300,61000,51700,51900,Naver
2025-07-04,277810,288000,289000,267500,268000,Naver
2025-07-04,278470,150300,159000,137500,137800,Naver
2025-07-04,278530,14885,15170,14665,14790,Naver
2025-07-04,298040,865000,946000,850000,889000,Naver
2025-07-04,307950,187100,188200,166200,166200,Naver
2025-07-04,316140,22250,23650,21950,22900,Naver
2025-07-04,323410,31900,32250,28800,29100,Naver
2025-07-04,329180,423000,433500,370000,372000,Naver
2025-07-04,352820,305500,323000,275000,275500,Naver
2025-07-04,360750,20776,21159,20597,21029,Naver
2025-07-04,373220,290000,325000,290000,310500,Naver
2025-07-04,379800,18964,19328,18817,19216,Naver
2025-07-04,379810,20354,20696,20195,20577,Naver
2025-07-04,396500,12040,12060,11510,11720,Naver
2025-07-04,402340,177700,202500,160000,163200,Naver
2025-07-04,443060,203000,216000,188000,188400,Naver
2025-07-04,454910,70400,70700,60000,62400,Naver
2025-07-04,488770,101707,101761,101707,101761,Naver
2025-07-04,950160,41000,44650,39600,41550,Naver
2025-07-11,000150,533000,628000,532000,559000,Naver
2025-07-11,000270,98900,102100,97400,100800,Naver
2025-07-11,000660,266000,306500,264500,294500,Naver
2025-07-11,000720,69100,74900,69000,72100,Naver
2025-07-11,000810,437000,481000,430000,473000,Naver
2025-07-11,000880,81200,95500,81200,92100,Naver
2025-07-11,001440,15280,16360,15200,15910,Naver
2025-07-11,003230,1265000,1535000,1258000,1470000,Naver
2025-07-11,003490,23400,25350,23350,24850,Naver
2025-07-11,003550,78800,84300,77500,82500,Naver
2025-07-11,003670,133000,140600,122400,139000,Naver
2025-07-11,005380,210000,211500,205500,208000,Naver
2025-07-11,005387,158500,162800,158400,160900,Naver
2025-07-11,005490,320000,330000,305500,321000,Naver
2025-07-11,005830,122500,142900,121400,138800,Naver
2025-07-11,005930,62900,63300,60200,62600,Naver
2025-07-11,005935,52500,52600,50200,52200,Naver
2025-07-11,005940,19700,23000,19500,22650,Naver
2025-07-11,006260,170000,195600,170000,182400,Naver
2025-07-11,006400,182800,183700,169700,179400,Naver
2025-07-11,006800,18529,22950,18499,21855,Naver
2025-07-11,007660,52500,61700,51400,55600,Naver
2025-07-11,009150,138600,139800,134700,137100,Naver
2025-07-11,009540,305000,335000,305000,321000,Naver
2025-07-11,010120,51500,56400,51400,53100,Naver
2025-07-11,010130,810000,889000,785000,854000,Naver
2025-07-11,010140,15610,17930,15610,17540,Naver
2025-07-11,010950,61900,64500,60800,63500,Naver
2025-07-11,011070,152500,164400,146800,157300,Naver
2025-07-11,011200,24550,25750,23500,25450,Naver
2025-07-11,012330,291000,318000,288000,306500,Naver
2025-07-11,012450,762000,858000,760000,806000,Naver
2025-07-11,015760,37650,39050,36400,37000,Naver
2025-07-11,016360,68900,78700,68700,77300,Naver
2025-07-11,017670,53200,56000,52800,55700,Naver
2025-07-11,018260,164100,185500,162600,184000,Naver
2025-07-11,024110,18990,21150,18870,21000,Naver
2025-07-11,028050,23950,25200,23350,24800,Naver
2025-07-11,028260,160500,178700,159500,172300,Naver
2025-07-11,030200,58200,58300,55500,58100,Naver
2025-07-11,032830,121900,134600,121100,131600,Naver
2025-07-11,033780,130500,141000,130200,136400,Naver
2025-07-11,034020,58900,67100,58600,60500,Naver
2025-07-11,034220,9300,9380,9050,9240,Naver
2025-07-11,034730,193500,232000,192600,219500,Naver
2025-07-11,035420,248500,265000,248500,253000,Naver
2025-07-11,035720,57600,62000,57500,60000,Naver
2025-07-11,036930,30400,30900,30000,30100,Naver
2025-07-11,039490,205000,244000,205000,238000,Naver
2025-07-11,042660,71500,80000,71500,77500,Naver
2025-07-11,042700,93100,98200,92900,95400,Naver
2025-07-11,047040,4050,4195,3980,4095,Naver
2025-07-11,047050,52100,52200,49450,51500,Naver
2025-07-11,047810,83200,88600,83100,85900,Naver
2025-07-11,051910,267500,278500,253000,272000,Naver
2025-07-11,055550,63400,72100,63100,69300,Naver
2025-07-11,064350,173500,198300,173200,184800,Naver
2025-07-11,064400,83000,85200,77500,81800,Naver
2025-07-11,066570,77000,77000,73000,75300,Naver
2025-07-11,068270,169758,172046,164707,170235,Naver
2025-07-11,069500,40970,43317,40797,42703,Naver
2025-07-11,071050,128000,161700,127500,158000,Naver
2025-07-11,079550,479000,602000,479000,570000,Naver
2025-07-11,086280,134100,144900,133700,141300,Naver
2025-07-11,086520,47300,48250,44500,47200,Naver
2025-07-11,086790,85400,95700,84000,93200,Naver
2025-07-11,096770,113800,121000,111700,116100,Naver
2025-07-11,102110,40900,43266,40746,42640,Naver
2025-07-11,105560,112100,122000,110900,117300,Naver
2025-07-11,122630,22625,25330,22460,24625,Naver
2025-07-11,133690,137368,138917,137168,138667,Naver
2025-07-11,138040,113400,118600,112400,118300,Naver
2025-07-11,161390,43150,44800,41950,44300,Naver
2025-07-11,180640,120800,130000,117200,122600,Naver
2025-07-11,196170,371500,453000,371500,439000,Naver
2025-07-11,207940,1529142,1599786,1482046,1555633,Naver
2025-07-11,247540,105100,106900,99900,105200,Naver
2025-07-11,259960,361500,367500,350000,353500,Naver
2025-07-11,267250,117900,138400,117600,136200,Naver
2025-07-11,267260,418500,465500,418000,442500,Naver
2025-07-11,272210,50300,57700,50300,54200,Naver
2025-07-11,277810,266000,275000,261000,269000,Naver
2025-07-11,278470,134500,171900,133900,166300,Naver
2025-07-11,278530,14720,15555,14650,15340,Naver
2025-07-11,298040,863000,998000,860000,978000,Naver
2025-07-11,307950,165300,171900,165000,168400,Naver
2025-07-11,316140,23050,25950,22700,25850,Naver
2025-07-11,323410,28750,34800,28700,31350,Naver
2025-07-11,329180,371500,403000,370500,388000,Naver
2025-07-11,352820,279000,286500,266500,271000,Naver
2025-07-11,360750,21034,21282,20989,21267,Naver
2025-07-11,373220,327500,331000,302000,321500,Naver
2025-07-11,379800,19216,19452,19181,19438,Naver
2025-07-11,379810,20587,20800,20557,20776,Naver
2025-07-11,396500,11570,12265,11505,12010,Naver
2025-07-11,402340,159600,189900,156800,174000,Naver
2025-07-11,443060,184000,199600,182600,188600,Naver
2025-07-11,454910,61300,63700,60100,61700,Naver
2025-07-11,488770,101766,101815,101761,101815,Naver
2025-07-11,950160,41400,44400,40400,41850,Naver
2025-07-18,000150,560000,604000,556000,590000,Naver
2025-07-18,000270,100200,103300,98500,99800,Naver
2025-07-18,000660,292500,302500,267000,269000,Naver
2025-07-18,000720,71300,75200,68000,70900,Naver
2025-07-18,000810,476000,526000,460000,466500,Naver
2025-07-18,000880,91700,95300,90300,92400,Naver
2025-07-18,001440,15860,16250,15560,16000,Naver
2025-07-18,003230,1464000,1501000,1356000,1402000,Naver
2025-07-18,003490,24650,26750,24600,25950,Naver
2025-07-18,003550,81700,84500,80100,80700,Naver
2025-07-18,003670,142000,163300,130200,156900,Naver
2025-07-18,005380,208500,218000,205500,210500,Naver
2025-07-18,005387,161000,167200,160900,165700,Naver
2025-07-18,005490,323000,323000,301500,311000,Naver
2025-07-18,005830,138600,148300,135900,137700,Naver
2025-07-18,005930,62300,67800,61800,67100,Naver
2025-07-18,005935,52100,55700,51700,54900,Naver
2025-07-18,005940,22650,23500,21450,21750,Naver
2025-07-18,006260,182000,189600,179200,183200,Naver
2025-07-18,006400,180200,184300,174600,182500,Naver
2025-07-18,006800,21456,22850,20112,20610,Naver
2025-07-18,007660,55900,61900,55300,60300,Naver
2025-07-18,009150,136700,139600,135300,138700,Naver
2025-07-18,009540,317000,337500,317000,331500,Naver
2025-07-18,010120,53100,58200,52300,57300,Naver
2025-07-18,010130,847000,856000,802000,809000,Naver
2025-07-18,010140,17250,19000,17090,18790,Naver
2025-07-18,010950,63200,63900,61300,61900,Naver
2025-07-18,011070,156000,157700,151100,154600,Naver
2025-07-18,011200,25500,26250,24700,25000,Naver
2025-07-18,012330,304500,316000,299000,303000,Naver
2025-07-18,012450,808000,912000,791000,896000,Naver
2025-07-18,015760,36500,38900,35500,36250,Naver
2025-07-18,016360,77000,80900,72600,74600,Naver
2025-07-18,017670,55600,56900,55600,56000,Naver
2025-07-18,018260,180800,195500,176800,186000,Naver
2025-07-18,024110,21400,22400,20300,20500,Naver
2025-07-18,028050,24800,26200,24550,25600,Naver
2025-07-18,028260,172300,188900,172300,174400,Naver
2025-07-18,030200,57800,59200,56900,57200,Naver
2025-07-18,032830,131500,146800,131500,135600,Naver
2025-07-18,033780,137600,144000,137500,139500,Naver
2025-07-18,034020,60800,65500,59000,64800,Naver
2025-07-18,034220,9180,9340,9020,9210,Naver
2025-07-18,034730,220000,231000,205000,221500,Naver
2025-07-18,035420,252000,255500,240000,242000,Naver
2025-07-18,035720,59500,59600,56000,56900,Naver
2025-07-18,036930,30150,30900,29900,30150,Naver
2025-07-18,039490,236500,241000,224000,230000,Naver
2025-07-18,042660,76800,81900,75800,80400,Naver
2025-07-18,042700,93800,94200,87000,87800,Naver
2025-07-18,047040,4090,4170,3970,4015,Naver
2025-07-18,047050,51500,53200,50400,51700,Naver
2025-07-18,047810,85600,90700,85000,90400,Naver
2025-07-18,051910,272500,277500,262000,272500,Naver
2025-07-18,055550,69200,72200,68000,68900,Naver
2025-07-18,064350,187000,198000,187000,194300,Naver
2025-07-18,064400,80100,80400,73600,74900,Naver
2025-07-18,066570,75800,80900,74600,76200,Naver
2025-07-18,068270,169091,173476,166518,171855,Naver
2025-07-18,069500,42663,43387,42489,43014,Naver
2025-07-18,071050,157300,164000,146000,148900,Naver
2025-07-18,079550,576000,639000,575000,631000,Naver
2025-07-18,086280,140600,150900,139900,142600,Naver
2025-07-18,086520,47800,49550,46050,48450,Naver
2025-07-18,086790,93300,97100,90500,91500,Naver
2025-07-18,096770,116500,119800,109800,113500,Naver
2025-07-18,102110,42566,43331,42438,42963,Naver
2025-07-18,105560,118000,120000,112300,113400,Naver
2025-07-18,122630,24470,25400,24345,24970,Naver
2025-07-18,133690,138285,142696,137995,142512,Naver
2025-07-18,138040,118000,123600,115000,116200,Naver
2025-07-18,161390,44050,48150,44050,46350,Naver
2025-07-18,180640,121200,124500,118300,120000,Naver
2025-07-18,196170,444500,508000,435000,490000,Naver
2025-07-18,207940,1551218,1595371,1505594,1546803,Naver
2025-07-18,247540,106900,116600,101300,112200,Naver
2025-07-18,259960,352000,359500,340500,354000,Naver
2025-07-18,267250,134700,141500,133700,134800,Naver
2025-07-18,267260,435000,490000,434500,482500,Naver
2025-07-18,272210,54300,56500,52500,55700,Naver
2025-07-18,277810,269500,284500,266500,274000,Naver
2025-07-18,278470,175300,183300,168400,170000,Naver
2025-07-18,278530,15345,15590,15260,15455,Naver
2025-07-18,298040,969000,1096000,959000,1058000,Naver
2025-07-18,307950,168300,168300,161200,163800,Naver
2025-07-18,316140,25900,27100,24600,24850,Naver
2025-07-18,323410,30850,31150,29150,29400,Naver
2025-07-18,329180,384000,411500,381500,405500,Naver
2025-07-18,352820,271000,275000,263000,268000,Naver
2025-07-18,360750,21203,21738,21149,21713,Naver
2025-07-18,373220,321000,323000,310500,322500,Naver
2025-07-18,379800,19378,19861,19328,19836,Naver
2025-07-18,379810,20716,21386,20677,21356,Naver
2025-07-18,396500,11970,12314,11760,11885,Naver
2025-07-18,402340,175100,181300,155700,160500,Naver
2025-07-18,443060,187500,190700,174600,178000,Naver
2025-07-18,454910,61900,64100,60500,61500,Naver
2025-07-18,488770,101820,101865,101815,101860,Naver
2025-07-18,950160,42250,45500,41500,43900,Naver
2025-07-25,000150,587000,593000,540000,570000,Naver
2025-07-25,000270,99700,109000,97600,104100,Naver
2025-07-25,000660,267500,279000,264500,266000,Naver
2025-07-25,000720,71600,71600,65000,66800,Naver
2025-07-25,000810,462000,474500,451000,456000,Naver
2025-07-25,000880,91400,97500,91200,95500,Naver
2025-07-25,001440,15980,16590,15650,15820,Naver
2025-07-25,003230,1400000,1413000,1307000,1338000,Naver
2025-07-25,003490,25800,25900,24200,24350,Naver
2025-07-25,003550,80700,81600,78400,79400,Naver
2025-07-25,003670,153000,161800,146200,148600,Naver
2025-07-25,005380,209500,225500,204500,216500,Naver
2025-07-25,005387,164900,173400,162000,168000,Naver
2025-07-25,005490,310000,342000,308500,332500,Naver
2025-07-25,005830,134300,137800,130100,134200,Naver
2025-07-25,005930,67400,68800,64900,65900,Naver
2025-07-25,005935,54900,56600,53800,54400,Naver
2025-07-25,005940,21550,22150,20300,20700,Naver
2025-07-25,006260,180500,181400,171500,176400,Naver
2025-07-25,006400,182500,193900,180100,189800,Naver
2025-07-25,006800,20162,20959,19405,20013,Naver
2025-07-25,007660,60200,62800,58000,60500,Naver
2025-07-25,009150,138200,140000,132500,134900,Naver
2025-07-25,009540,334500,354000,327000,354000,Naver
2025-07-25,010120,55600,60300,53500,57500,Naver
2025-07-25,010130,810000,843000,807000,817000,Naver
2025-07-25,010140,19000,19780,18580,18870,Naver
2025-07-25,010950,61900,63800,61300,62300,Naver
2025-07-25,011070,154800,158500,148500,153300,Naver
2025-07-25,011200,24750,25100,24150,24600,Naver
2025-07-25,012330,301000,307000,289000,297500,Naver
2025-07-25,012450,891000,951000,881000,945000,Naver
2025-07-25,015760,36500,39000,36150,38450,Naver
2025-07-25,016360,73400,74800,71000,72400,Naver
2025-07-25,017670,56200,56850,55400,55500,Naver
2025-07-25,018260,184000,185600,156100,159600,Naver
2025-07-25,024110,20200,20600,19760,19850,Naver
2025-07-25,028050,25650,26100,24100,24250,Naver
2025-07-25,028260,173200,176400,166300,168600,Naver
2025-07-25,030200,56800,57800,55700,55900,Naver
2025-07-25,032830,133200,135600,126100,128500,Naver
2025-07-25,033780,138400,139400,129700,132500,Naver
2025-07-25,034020,65800,68500,62400,65900,Naver
2025-07-25,034220,9230,10210,9020,10050,Naver
2025-07-25,034730,216000,221000,206000,210500,Naver
2025-07-25,035420,241500,245500,225000,234500,Naver
2025-07-25,035720,56700,57400,53500,55800,Naver
2025-07-25,036930,30200,30450,28900,28900,Naver
2025-07-25,039490,226000,229500,216500,221500,Naver
2025-07-25,042660,82800,90500,82300,90000,Naver
2025-07-25,042700,88100,89000,84500,85700,Naver
2025-07-25,047040,4015,4015,3835,3920,Naver
2025-07-25,047050,52000,57500,51000,54700,Naver
2025-07-25,047810,90400,94700,88500,92800,Naver
2025-07-25,051910,273000,308000,271000,307000,Naver
2025-07-25,055550,68500,73500,67600,71200,Naver
2025-07-25,064350,194000,200000,187600,196700,Naver
2025-07-25,064400,75100,75400,68300,71700,Naver
2025-07-25,066570,76100,79500,75800,77100,Naver
2025-07-25,068270,178528,179957,168424,169663,Naver
2025-07-25,069500,42990,43656,42380,42985,Naver
2025-07-25,071050,143700,152900,143300,147100,Naver
2025-07-25,079550,630000,644000,579000,598000,Naver
2025-07-25,086280,140700,150700,139800,147800,Naver
2025-07-25,086520,48650,52400,46800,50800,Naver
2025-07-25,086790,89700,94600,89700,92500,Naver
2025-07-25,096770,112600,117700,112400,114400,Naver
2025-07-25,102110,42963,43593,42328,42929,Naver
2025-07-25,105560,115400,126600,113800,118800,Naver
2025-07-25,122630,24905,25680,24185,24880,Naver
2025-07-25,133690,142223,142338,140296,141810,Naver
2025-07-25,138040,115800,119800,115100,115800,Naver
2025-07-25,161390,46500,48500,45900,46100,Naver
2025-07-25,180640,118900,120000,111700,115000,Naver
2025-07-25,196170,482000,502000,461000,462000,Naver
2025-07-25,207940,1551218,1663071,1523255,1568879,Naver
2025-07-25,247540,111500,116900,107200,114600,Naver
2025-07-25,259960,354000,356000,337000,338500,Naver
2025-07-25,267250,133500,151800,133200,149800,Naver
2025-07-25,267260,466500,503000,451000,489000,Naver
2025-07-25,272210,56200,58200,54100,57100,Naver
2025-07-25,277810,274000,278500,263500,267000,Naver
2025-07-25,278470,170700,182700,170100,171700,Naver
2025-07-25,278530,15440,15675,15220,15440,Naver
2025-07-25,298040,1033000,1140000,1010000,1125000,Naver
2025-07-25,307950,162300,164200,154500,157100,Naver
2025-07-25,316140,24500,26100,24500,25550,Naver
2025-07-25,323410,29200,29750,28050,28750,Naver
2025-07-25,329180,410500,447000,403500,444500,Naver
2025-07-25,352820,267000,277500,254500,256500,Naver
2025-07-25,360750,21668,21723,21446,21698,Naver
2025-07-25,373220,324500,370000,320000,363500,Naver
2025-07-25,379800,19797,19846,19595,19831,Naver
2025-07-25,379810,21321,21326,21019,21252,Naver
2025-07-25,396500,11885,11990,11440,11560,Naver
2025-07-25,402340,160900,162600,150400,153000,Naver
2025-07-25,443060,178600,197500,178500,197500,Naver
2025-07-25,454910,61500,62600,60200,61300,Naver
2025-07-25,488770,101870,101919,101870,101919,Naver
2025-07-25,950160,43900,44000,40500,41450,Naver
2025-08-01,000150,575000,610000,531000,577000,Naver
2025-08-01,000270,106300,113200,100800,100800,Naver
2025-08-01,000660,261000,274000,254500,258000,Naver
2025-08-01,000720,65700,68500,63400,65600,Naver
2025-08-01,000810,451500,452500,417000,418500,Naver
2025-08-01,000880,97000,102300,90700,91300,Naver
2025-08-01,001440,15860,16180,15100,15110,Naver
2025-08-01,003230,1345000,1449000,1317000,1429000,Naver
2025-08-01,003490,24450,24700,23200,23250,Naver
2025-08-01,003550,79100,80000,75100,75100,Naver
2025-08-01,003670,149100,155500,136600,137100,Naver
2025-08-01,005380,221500,233000,210000,210000,Naver
2025-08-01,005387,168800,176800,162000,162900,Naver
2025-08-01,005490,330000,335000,290000,290500,Naver
2025-08-01,005830,134200,134400,122500,122500,Naver
2025-08-01,005930,68200,74000,67200,68900,Naver
2025-08-01,005935,55800,59600,55200,55900,Naver
2025-08-01,005940,20900,21150,18640,18660,Naver
2025-08-01,006260,175200,178400,161000,162000,Naver
2025-08-01,006400,191900,212500,187200,190000,Naver
2025-08-01,006800,19873,20063,17822,17842,Naver
2025-08-01,007660,61200,66400,59100,62200,Naver
2025-08-01,009150,135900,156700,134600,143300,Naver
2025-08-01,009540,368500,370000,335000,343000,Naver
2025-08-01,010120,58700,63300,56800,58500,Naver
2025-08-01,010130,817000,865000,759000,759000,Naver
2025-08-01,010140,19300,19670,18000,18580,Naver
2025-08-01,010950,62400,64200,59300,60300,Naver
2025-08-01,011070,153700,161000,151650,152600,Naver
2025-08-01,011200,24300,24750,22850,23000,Naver
2025-08-01,012330,300000,312500,281500,283500,Naver
2025-08-01,012450,947000,1035000,910000,939000,Naver
2025-08-01,015760,39400,41000,36100,36150,Naver
2025-08-01,016360,72400,72600,66700,66900,Naver
2025-08-01,017670,55800,56100,54200,55500,Naver
2025-08-01,018260,159900,161800,152200,152500,Naver
2025-08-01,024110,19610,19650,18650,18650,Naver
2025-08-01,028050,24400,26900,24350,25800,Naver
2025-08-01,028260,168700,176500,161700,161700,Naver
2025-08-01,030200,56100,56100,53800,54000,Naver
2025-08-01,032830,127600,129000,119300,119700,Naver
2025-08-01,033780,131300,132500,128100,129100,Naver
2025-08-01,034020,65100,66800,60900,61400,Naver
2025-08-01,034220,9920,10910,9910,10560,Naver
2025-08-01,034730,209000,210500,187800,188500,Naver
2025-08-01,035420,236000,240000,224000,225000,Naver
2025-08-01,035720,56800,58800,55300,55500,Naver
2025-08-01,036930,29100,29950,26100,26350,Naver
2025-08-01,039490,220000,227500,199600,200500,Naver
2025-08-01,042660,94000,118000,92800,117400,Naver
2025-08-01,042700,86300,93000,82700,86800,Naver
2025-08-01,047040,3905,3940,3655,3665,Naver
2025-08-01,047050,54900,55800,47100,47700,Naver
2025-08-01,047810,93800,104400,89500,90900,Naver
2025-08-01,051910,309500,322500,287000,290000,Naver
2025-08-01,055550,70600,70900,64800,65100,Naver
2025-08-01,064350,196500,206500,188800,194000,Naver
2025-08-01,064400,72700,73000,67500,68900,Naver
2025-08-01,066570,77400,80000,75000,75000,Naver
2025-08-01,068270,169473,173476,163086,163277,Naver
2025-08-01,069500,43382,44374,41952,41992,Naver
2025-08-01,071050,144700,146800,132900,133800,Naver
2025-08-01,079550,620000,635000,581000,592000,Naver
2025-08-01,086280,148400,151900,143000,147000,Naver
2025-08-01,086520,51400,52800,47650,47700,Naver
2025-08-01,086790,91900,91900,81600,82300,Naver
2025-08-01,096770,114500,119200,101400,102000,Naver
2025-08-01,102110,43399,44325,41902,41902,Naver
2025-08-01,105560,117600,117800,105800,106000,Naver
2025-08-01,122630,25330,26500,23635,23635,Naver
2025-08-01,133690,142746,146126,142296,143393,Naver
2025-08-01,138040,116200,117900,111400,111600,Naver
2025-08-01,161390,46150,46750,42850,42900,Naver
2025-08-01,180640,115000,116400,104300,106100,Naver
2025-08-01,196170,469500,470500,421000,422000,Naver
2025-08-01,207940,1586540,1630692,1514425,1521783,Naver
2025-08-01,247540,114700,118300,107200,107300,Naver
2025-08-01,259960,338000,342500,309000,315500,Naver
2025-08-01,267250,152400,152700,128300,128300,Naver
2025-08-01,267260,499000,507000,481500,484000,Naver
2025-08-01,272210,58000,62000,54500,59900,Naver
2025-08-01,277810,266500,286500,260000,260000,Naver
2025-08-01,278470,169800,188500,165400,172000,Naver
2025-08-01,278530,15450,15940,15072,15085,Naver
2025-08-01,298040,1279000,1356000,1155000,1169000,Naver
2025-08-01,307950,158600,164200,148000,148700,Naver
2025-08-01,316140,25500,25500,23550,23600,Naver
2025-08-01,323410,28950,29550,26800,27000,Naver
2025-08-01,329180,474000,513000,455000,476500,Naver
2025-08-01,352820,256500,263000,246000,251000,Naver
2025-08-01,360750,21843,22146,21703,21858,Naver
2025-08-01,373220,369500,403000,369500,373000,Naver
2025-08-01,379800,19959,20231,19826,19969,Naver
2025-08-01,379810,21391,21894,21321,21481,Naver
2025-08-01,396500,11610,12165,11485,11540,Naver
2025-08-01,402340,153000,155600,140100,140300,Naver
2025-08-01,443060,203000,207500,189300,193000,Naver
2025-08-01,454910,61000,61900,57400,58500,Naver
2025-08-01,488770,101919,101973,101919,101973,Naver
2025-08-01,950160,41400,41450,36500,37000,Naver
2025-08-08,000150,564000,631000,550000,592000,Naver
2025-08-08,000270,100700,104200,100500,101900,Naver
2025-08-08,000660,254500,266000,250000,256500,Naver
2025-08-08,000720,65000,71700,64000,68400,Naver
2025-08-08,000810,414500,443000,412000,433500,Naver
2025-08-08,000880,90600,92300,85200,86800,Naver
2025-08-08,001440,15050,16990,15010,16710,Naver
2025-08-08,003230,1399000,1460000,1335000,1455000,Naver
2025-08-08,003490,23000,24500,22950,24150,Naver
2025-08-08,003550,75300,78700,75200,77000,Naver
2025-08-08,003670,138200,153500,135600,150400,Naver
2025-08-08,005380,210000,215000,207000,212500,Naver
2025-08-08,005387,162600,167500,161300,167500,Naver
2025-08-08,005490,290500,301000,286500,295500,Naver
2025-08-08,005830,122500,130500,121700,127600,Naver
2025-08-08,005930,69500,72400,68300,71800,Naver
2025-08-08,005935,56200,58900,55500,58400,Naver
2025-08-08,005940,18500,19950,18500,19500,Naver
2025-08-08,006260,160500,171000,160000,168000,Naver
2025-08-08,006400,190800,223000,189500,218000,Naver
2025-08-08,006800,17842,19395,17673,18818,Naver
2025-08-08,007660,61500,68000,60700,64600,Naver
2025-08-08,009150,143500,163600,142600,160100,Naver
2025-08-08,009540,339000,370000,329000,365000,Naver
2025-08-08,010120,58000,66800,57800,63300,Naver
2025-08-08,010130,768000,821000,745000,790000,Naver
2025-08-08,010140,18660,20200,18300,19320,Naver
2025-08-08,010950,60200,63400,59400,61500,Naver
2025-08-08,011070,152600,161200,150700,159400,Naver
2025-08-08,011200,22600,23550,22600,23000,Naver
2025-08-08,012330,281000,296000,279000,296000,Naver
2025-08-08,012450,930000,973000,875000,881000,Naver
2025-08-08,015760,36600,42450,36350,39750,Naver
2025-08-08,016360,66800,72100,66500,70000,Naver
2025-08-08,017670,55500,57200,55100,56100,Naver
2025-08-08,018260,151500,156800,151200,154500,Naver
2025-08-08,024110,18500,19450,18500,19400,Naver
2025-08-08,028050,25550,27150,25000,26850,Naver
2025-08-08,028260,160600,167600,160100,162800,Naver
2025-08-08,030200,54300,56200,53200,53700,Naver
2025-08-08,032830,118600,125000,117000,123400,Naver
2025-08-08,033780,129200,149400,128700,147200,Naver
2025-08-08,034020,61200,67800,61100,66400,Naver
2025-08-08,034220,10560,11180,10360,10930,Naver
2025-08-08,034730,188000,193500,184300,192100,Naver
2025-08-08,035420,225500,241500,225000,229500,Naver
2025-08-08,035720,55000,65300,53300,63800,Naver
2025-08-08,036930,26200,28400,26050,27950,Naver
2025-08-08,039490,198800,213000,198100,206500,Naver
2025-08-08,042660,114800,119400,108500,117700,Naver
2025-08-08,042700,87800,89600,86100,87000,Naver
2025-08-08,047040,3665,3880,3630,3830,Naver
2025-08-08,047050,47250,48750,46800,48450,Naver
2025-08-08,047810,90100,96600,89000,90800,Naver
2025-08-08,051910,294000,307000,271000,276500,Naver
2025-08-08,055550,65300,69400,65000,69200,Naver
2025-08-08,064350,196000,207500,179700,183500,Naver
2025-08-08,064400,68500,72600,66000,69000,Naver
2025-08-08,066570,75500,77400,74800,76900,Naver
2025-08-08,068270,164230,170616,163182,165946,Naver
2025-08-08,069500,41982,43567,41793,43293,Naver
2025-08-08,071050,133600,148900,132700,136300,Naver
2025-08-08,079550,594000,625000,511000,513000,Naver
2025-08-08,086280,145500,169700,144400,168000,Naver
2025-08-08,086520,48250,53800,47450,52000,Naver
2025-08-08,086790,81500,86500,81400,84900,Naver
2025-08-08,096770,102200,109900,100900,107500,Naver
2025-08-08,102110,41867,43509,41734,43231,Naver
2025-08-08,105560,106700,115600,106600,113500,Naver
2025-08-08,122630,23540,25450,23435,25100,Naver
2025-08-08,133690,140176,144126,139623,144041,Naver
2025-08-08,138040,112100,114900,110000,113100,Naver
2025-08-08,161390,42900,44850,42550,44550,Naver
2025-08-08,180640,106900,125500,105800,121600,Naver
2025-08-08,196170,427500,451500,422500,430000,Naver
2025-08-08,207940,1532085,1571823,1499707,1504122,Naver
2025-08-08,247540,108800,133000,106200,124100,Naver
2025-08-08,259960,314000,328500,311500,321000,Naver
2025-08-08,267250,127100,138000,127000,135400,Naver
2025-08-08,267260,480000,517000,476500,489000,Naver
2025-08-08,272210,57900,59000,52700,52800,Naver
2025-08-08,277810,260000,283500,255000,278500,Naver
2025-08-08,278470,173500,233000,173100,230000,Naver
2025-08-08,278530,15010,15650,15010,15560,Naver
2025-08-08,298040,1158000,1314000,1143000,1190000,Naver
2025-08-08,307950,146300,156500,146100,153200,Naver
2025-08-08,316140,23450,25350,23400,25200,Naver
2025-08-08,323410,26600,29050,26500,26850,Naver
2025-08-08,329180,466000,486750,451000,466500,Naver
2025-08-08,352820,248500,295500,248500,291000,Naver
2025-08-08,360750,21415,21803,21350,21773,Naver
2025-08-08,373220,379000,393500,369000,378500,Naver
2025-08-08,379800,19568,19925,19509,19905,Naver
2025-08-08,379810,21008,21590,20933,21575,Naver
2025-08-08,396500,11440,12025,11425,11830,Naver
2025-08-08,402340,140000,146400,136100,139300,Naver
2025-08-08,443060,189900,212000,187300,205000,Naver
2025-08-08,454910,57900,62100,57900,61200,Naver
2025-08-08,488770,101973,102022,101973,102022,Naver
2025-08-08,950160,37000,41050,36900,39600,Naver
2025-08-14,000150,588000,611000,544000,555000,Naver
2025-08-14,000270,101600,104700,101000,103700,Naver
2025-08-14,000660,260500,279000,260000,276500,Naver
2025-08-14,000720,68500,69400,62100,63800,Naver
2025-08-14,000810,446500,447000,430500,441000,Naver
2025-08-14,000880,84800,85600,79800,83900,Naver
2025-08-14,001440,17670,17860,16420,16800,Naver
2025-08-14,003230,1480000,1524000,1368000,1380000,Naver
2025-08-14,003490,24300,25400,23800,24900,Naver
2025-08-14,003550,76900,76900,73600,74700,Naver
2025-08-14,003670,152700,164900,152700,163200,Naver
2025-08-14,005380,213000,219000,211500,217500,Naver
2025-08-14,005387,167500,170800,166000,169500,Naver
2025-08-14,005490,298000,310500,298000,307500,Naver
2025-08-14,005830,127800,130400,123700,128900,Naver
2025-08-14,005930,72000,72400,70800,71600,Naver
2025-08-14,005935,58700,58900,58000,58200,Naver
2025-08-14,005940,19410,19880,18950,19340,Naver
2025-08-14,006260,171300,175700,165500,165500,Naver
2025-08-14,006400,221500,234000,218000,224000,Naver
2025-08-14,006800,18808,19276,17872,18728,Naver
2025-08-14,007660,64800,66500,60300,61500,Naver
2025-08-14,009150,160700,163500,157800,162600,Naver
2025-08-14,009540,365000,389500,354500,378500,Naver
2025-08-14,010120,64000,64700,60100,61400,Naver
2025-08-14,010130,800000,807000,774000,807000,Naver
2025-08-14,010140,19350,19580,18640,18890,Naver
2025-08-14,010950,61500,62600,60400,61200,Naver
2025-08-14,011070,161400,170900,161400,166900,Naver
2025-08-14,011200,22900,23000,21450,22100,Naver
2025-08-14,012330,296500,304000,292000,296500,Naver
2025-08-14,012450,875000,896000,809000,883000,Naver
2025-08-14,015760,39700,40200,37650,38850,Naver
2025-08-14,016360,68600,70500,66900,68800,Naver
2025-08-14,017670,56100,56500,55700,56100,Naver
2025-08-14,018260,155100,155200,150200,151400,Naver
2025-08-14,024110,19400,19710,19160,19460,Naver
2025-08-14,028050,27500,28400,26600,28150,Naver
2025-08-14,028260,163000,167100,159300,163900,Naver
2025-08-14,030200,54100,55700,53700,55700,Naver
2025-08-14,032830,124500,129400,122200,128500,Naver
2025-08-14,033780,146500,146500,133700,133700,Naver
2025-08-14,034020,66900,70600,64400,65500,Naver
2025-08-14,034220,10990,13290,10760,11880,Naver
2025-08-14,034730,190900,196900,185500,186300,Naver
2025-08-14,035420,229500,233500,221500,224500,Naver
2025-08-14,035720,64200,65700,62100,64400,Naver
2025-08-14,036930,28200,28600,27850,28450,Naver
2025-08-14,039490,206500,217500,200000,210500,Naver
2025-08-14,042660,114600,114600,102200,106600,Naver
2025-08-14,042700,87200,93500,86900,93000,Naver
2025-08-14,047040,3845,3845,3690,3730,Naver
2025-08-14,047050,48850,50400,48700,49200,Naver
2025-08-14,047810,90500,91200,87000,90900,Naver
2025-08-14,051910,274500,282500,269500,282500,Naver
2025-08-14,055550,69300,71200,68700,69100,Naver
2025-08-14,064350,179900,183900,172100,179700,Naver
2025-08-14,064400,68600,73600,67000,72200,Naver
2025-08-14,066570,77000,78900,75900,77200,Naver
2025-08-14,068270,165755,168329,163944,166804,Naver
2025-08-14,069500,43352,43865,43123,43567,Naver
2025-08-14,071050,136100,143000,132100,137500,Naver
2025-08-14,079550,498000,511000,479000,506000,Naver
2025-08-14,086280,167000,180000,162000,177300,Naver
2025-08-14,086520,53000,59400,53000,58600,Naver
2025-08-14,086790,85700,87000,84200,86300,Naver
2025-08-14,096770,107700,109200,105200,109100,Naver
2025-08-14,102110,43341,43802,43066,43524,Naver
2025-08-14,105560,113600,116900,112500,113200,Naver
2025-08-14,122630,25230,25765,24920,25455,Naver
2025-08-14,133690,145048,146235,144410,145582,Naver
2025-08-14,138040,112700,124800,111100,120800,Naver
2025-08-14,161390,44600,45950,39500,39750,Naver
2025-08-14,180640,121200,122300,115200,119300,Naver
2025-08-14,196170,429000,454500,419500,437000,Naver
2025-08-14,207940,1512953,1545331,1501179,1520312,Naver
2025-08-14,247540,126700,142000,125600,138800,Naver
2025-08-14,259960,322000,324000,309000,315500,Naver
2025-08-14,267250,136200,137000,132000,134500,Naver
2025-08-14,267260,492000,506000,472500,487500,Naver
2025-08-14,272210,51200,54500,49950,54500,Naver
2025-08-14,277810,282000,283500,266000,272500,Naver
2025-08-14,278470,238000,239000,199850,213500,Naver
2025-08-14,278530,15630,15800,15480,15660,Naver
2025-08-14,298040,1191000,1300000,1180000,1215000,Naver
2025-08-14,307950,154000,155900,150200,152400,Naver
2025-08-14,316140,25150,25550,24750,25450,Naver
2025-08-14,323410,26700,26750,25850,26650,Naver
2025-08-14,329180,466000,484000,455000,477000,Naver
2025-08-14,352820,294500,295000,275000,283500,Naver
2025-08-14,360750,21898,22101,21848,22033,Naver
2025-08-14,373220,382500,399500,380000,394000,Naver
2025-08-14,379800,20004,20197,19959,20132,Naver
2025-08-14,379810,21729,21914,21635,21814,Naver
2025-08-14,396500,11920,12344,11860,12344,Naver
2025-08-14,402340,140000,147200,138200,143700,Naver
2025-08-14,443060,207000,207000,191900,196800,Naver
2025-08-14,454910,61900,64000,61100,63400,Naver
2025-08-14,488770,102027,102077,102027,102077,Naver
2025-08-14,950160,39600,40250,37750,39250,Naver
2025-08-22,000150,548000,570000,468000,555000,Naver
2025-08-22,000270,102100,105800,101900,104800,Naver
2025-08-22,000660,272000,272000,245000,251000,Naver
2025-08-22,000720,63200,64200,54350,62500,Naver
2025-08-22,000810,440000,451500,432000,443000,Naver
2025-08-22,000880,83300,83300,74100,80900,Naver
2025-08-22,001440,16620,16700,15180,15740,Naver
2025-08-22,003230,1394000,1446000,1337000,1438000,Naver
2025-08-22,003490,25050,25350,24450,24850,Naver
2025-08-22,003550,73700,74200,71800,72100,Naver
2025-08-22,003670,162200,162300,149900,151200,Naver
2025-08-22,005380,217500,224500,215000,220000,Naver
2025-08-22,005387,169000,172500,167300,170600,Naver
2025-08-22,005490,307500,311750,296000,300000,Naver
2025-08-22,005830,126200,134100,125700,131300,Naver
2025-08-22,005930,71100,71900,69400,71400,Naver
2025-08-22,005935,57600,59000,56900,58300,Naver
2025-08-22,005940,19250,19340,18340,19120,Naver
2025-08-22,006260,162000,165900,148600,160400,Naver
2025-08-22,006400,222500,224500,213500,216000,Naver
2025-08-22,006800,18549,18569,17026,17713,Naver
2025-08-22,007660,61200,62200,53600,59100,Naver
2025-08-22,009150,161200,161200,153800,154700,Naver
2025-08-22,009540,377500,382500,333500,360500,Naver
2025-08-22,010120,59500,59600,50600,56300,Naver
2025-08-22,010130,799000,844000,771000,811000,Naver
2025-08-22,010140,18840,20100,18210,19850,Naver
2025-08-22,010950,61100,63000,59300,59800,Naver
2025-08-22,011070,166400,166500,157600,158700,Naver
2025-08-22,011200,24400,24500,22450,22600,Naver
2025-08-22,012330,294000,304000,290000,299500,Naver
2025-08-22,012450,879000,906000,801000,891000,Naver
2025-08-22,015760,39900,40950,34100,38750,Naver
2025-08-22,016360,68100,68800,65200,67100,Naver
2025-08-22,017670,55800,56400,55400,55500,Naver
2025-08-22,018260,151500,153400,145000,147700,Naver
2025-08-22,024110,19420,19600,19030,19160,Naver
2025-08-22,028050,28000,29050,27550,28550,Naver
2025-08-22,028260,163100,170800,155300,167200,Naver
2025-08-22,030200,55200,56000,54500,55000,Naver
2025-08-22,032830,127700,143900,126300,139400,Naver
2025-08-22,033780,135300,138300,133200,136900,Naver
2025-08-22,034020,65300,66800,51100,62200,Naver
2025-08-22,034220,11930,12190,11200,11400,Naver
2025-08-22,034730,184800,185900,176900,181000,Naver
2025-08-22,035420,224500,228500,219500,222000,Naver
2025-08-22,035720,64800,67800,62300,63600,Naver
2025-08-22,036930,27950,28200,26250,26500,Naver
2025-08-22,039490,209000,209500,190500,199200,Naver
2025-08-22,042660,106600,116000,99100,114000,Naver
2025-08-22,042700,91500,93400,86000,86800,Naver
2025-08-22,047040,3705,4440,3540,4370,Naver
2025-08-22,047050,49000,49950,47200,49000,Naver
2025-08-22,047810,90000,92900,85100,92400,Naver
2025-08-22,051910,280000,302500,272500,287500,Naver
2025-08-22,055550,69000,69100,65600,66700,Naver
2025-08-22,064350,179000,183700,165000,181000,Naver
2025-08-22,064400,72700,73000,66200,67200,Naver
2025-08-22,066570,77200,77700,75000,75300,Naver
2025-08-22,068270,165660,166327,161657,165660,Naver
2025-08-22,069500,43342,43342,41688,42809,Naver
2025-08-22,071050,136200,137000,121800,127200,Naver
2025-08-22,079550,504000,533000,461000,524000,Naver
2025-08-22,086280,174600,176600,168300,169100,Naver
2025-08-22,086520,59000,59400,53300,53700,Naver
2025-08-22,086790,85500,85500,80600,82300,Naver
2025-08-22,096770,107500,107900,103400,103900,Naver
2025-08-22,102110,43316,43326,41644,42748,Naver
2025-08-22,105560,111300,111900,106000,108400,Naver
2025-08-22,122630,25155,25155,23260,24540,Naver
2025-08-22,133690,146136,146165,142336,142371,Naver
2025-08-22,138040,120000,131000,116000,129000,Naver
2025-08-22,161390,40150,40750,38300,40100,Naver
2025-08-22,180640,118200,118200,109500,112300,Naver
2025-08-22,196170,443000,452000,403500,422000,Naver
2025-08-22,207940,1529142,1545331,1487933,1515896,Naver
2025-08-22,247540,137500,137600,127200,128200,Naver
2025-08-22,259960,313000,336000,311500,328500,Naver
2025-08-22,267250,133100,133800,123200,128400,Naver
2025-08-22,267260,475000,497500,433500,490000,Naver
2025-08-22,272210,53700,54100,47550,53300,Naver
2025-08-22,277810,270000,271000,249500,263000,Naver
2025-08-22,278470,210500,232500,204000,228000,Naver
2025-08-22,278530,15580,15580,14975,15370,Naver
2025-08-22,298040,1171000,1210000,1073000,1199000,Naver
2025-08-22,307950,152400,153500,148900,151300,Naver
2025-08-22,316140,25100,25300,24050,24900,Naver
2025-08-22,323410,26250,26300,25000,25100,Naver
2025-08-22,329180,479000,492000,430500,483000,Naver
2025-08-22,352820,280500,294500,277000,285500,Naver
2025-08-22,360750,22171,22181,21883,21898,Naver
2025-08-22,373220,392000,393000,365000,367500,Naver
2025-08-22,379800,20251,20266,19999,19999,Naver
2025-08-22,379810,21899,21904,21316,21326,Naver
2025-08-22,396500,12135,12135,11435,11520,Naver
2025-08-22,402340,142200,142300,130900,135200,Naver
2025-08-22,443060,195100,196700,181300,188700,Naver
2025-08-22,454910,63500,63500,58000,60500,Naver
2025-08-22,488770,102082,102131,102082,102131,Naver
2025-08-22,950160,39000,39050,35800,36800,Naver
2025-08-29,000150,574000,585000,540000,560000,Naver
2025-08-29,000270,105000,107800,102900,105800,Naver
2025-08-29,000660,256000,270000,253000,269000,Naver
2025-08-29,000720,64500,65500,61000,62100,Naver
2025-08-29,000810,444000,458000,432500,444000,Naver
2025-08-29,000880,82700,85200,79600,83800,Naver
2025-08-29,001440,15930,16240,15630,15670,Naver
2025-08-29,003230,1440000,1642000,1415000,1566000,Naver
2025-08-29,003490,25150,25750,23550,23750,Naver
2025-08-29,003550,72300,76700,71500,74500,Naver
2025-08-29,003670,154700,159400,141300,141300,Naver
2025-08-29,005380,221500,225000,217500,220000,Naver
2025-08-29,005387,170800,173000,169400,170000,Naver
2025-08-29,005490,303500,307500,283500,285500,Naver
2025-08-29,005830,130200,134700,128100,131900,Naver
2025-08-29,005930,71700,71800,69600,69700,Naver
2025-08-29,005935,58800,58800,56600,56600,Naver
2025-08-29,005940,19410,19990,19050,19430,Naver
2025-08-29,006260,164000,179400,162200,177600,Naver
2025-08-29,006400,220000,225750,206000,207000,Naver
2025-08-29,006800,17982,19366,17504,19067,Naver
2025-08-29,007660,60500,67800,60100,66600,Naver
2025-08-29,009150,156300,164400,155000,160500,Naver
2025-08-29,009540,367500,415500,346500,406500,Naver
2025-08-29,010120,58100,58900,55800,56900,Naver
2025-08-29,010130,814000,857000,780000,821000,Naver
2025-08-29,010140,20250,22000,19610,21300,Naver
2025-08-29,010950,60200,62000,59800,60300,Naver
2025-08-29,011070,160000,171200,158100,169100,Naver
2025-08-29,011200,22700,22800,21700,22100,Naver
2025-08-29,012330,300000,322500,293000,318500,Naver
2025-08-29,012450,900000,932000,880000,884000,Naver
2025-08-29,015760,39000,39150,36000,36350,Naver
2025-08-29,016360,67600,69900,67300,68800,Naver
2025-08-29,017670,55600,55700,54200,54200,Naver
2025-08-29,018260,148700,149900,144900,147300,Naver
2025-08-29,024110,19230,19400,19020,19020,Naver
2025-08-29,028050,28800,30200,28450,29100,Naver
2025-08-29,028260,168500,171900,162500,167800,Naver
2025-08-29,030200,54900,55500,53500,54100,Naver
2025-08-29,032830,141000,146000,137200,143100,Naver
2025-08-29,033780,136600,140200,134300,134700,Naver
2025-08-29,034020,63800,66200,61500,61700,Naver
2025-08-29,034220,11630,12110,11510,12000,Naver
2025-08-29,034730,183700,209500,182500,207000,Naver
2025-08-29,035420,224500,225500,214000,214500,Naver
2025-08-29,035720,64100,65800,61900,62500,Naver
2025-08-29,036930,26750,27950,26450,27400,Naver
2025-08-29,039490,203000,213000,199300,205500,Naver
2025-08-29,042660,116300,119400,106100,112000,Naver
2025-08-29,042700,87800,90700,86600,87000,Naver
2025-08-29,047040,4390,4430,3710,3720,Naver
2025-08-29,047050,49200,54300,47800,48000,Naver
2025-08-29,047810,92600,96700,91700,95200,Naver
2025-08-29,051910,290000,296500,276000,277500,Naver
2025-08-29,055550,67200,67700,64700,65300,Naver
2025-08-29,064350,184000,195200,179100,192100,Naver
2025-08-29,064400,68000,69200,66800,68000,Naver
2025-08-29,066570,75800,76700,73600,73900,Naver
2025-08-29,068270,167090,168138,159750,159750,Naver
2025-08-29,069500,43183,43432,42630,43048,Naver
2025-08-29,071050,128400,136500,126700,134400,Naver
2025-08-29,079550,529000,535000,487000,489500,Naver
2025-08-29,086280,170200,191200,166400,184400,Naver
2025-08-29,086520,55100,57100,50500,50600,Naver
2025-08-29,086790,82600,83800,81200,82200,Naver
2025-08-29,096770,104700,106200,99700,100900,Naver
2025-08-29,102110,43146,43364,42589,42976,Naver
2025-08-29,105560,109300,110700,107000,108200,Naver
2025-08-29,122630,24935,25235,24317,24765,Naver
2025-08-29,133690,144066,145627,143198,145627,Naver
2025-08-29,138040,128800,129300,124400,126500,Naver
2025-08-29,161390,40150,41300,39700,40150,Naver
2025-08-29,180640,112000,114900,107000,111800,Naver
2025-08-29,196170,435500,451000,417000,438500,Naver
2025-08-29,207940,1526199,1532085,1471744,1473216,Naver
2025-08-29,247540,131900,133400,121000,121200,Naver
2025-08-29,259960,329500,344000,327500,327500,Naver
2025-08-29,267250,129500,138900,128300,137100,Naver
2025-08-29,267260,498000,505000,487000,492500,Naver
2025-08-29,272210,55100,55100,50000,50900,Naver
2025-08-29,277810,268500,294500,265500,273500,Naver
2025-08-29,278470,233000,233000,213500,227000,Naver
2025-08-29,278530,15480,15595,15315,15455,Naver
2025-08-29,298040,1230000,1270000,1193000,1240000,Naver
2025-08-29,307950,153000,176000,152900,175600,Naver
2025-08-29,316140,25000,25300,24650,24800,Naver
2025-08-29,323410,25200,25550,24650,24650,Naver
2025-08-29,329180,491500,535000,465000,520000,Naver
2025-08-29,352820,288000,306000,283000,287000,Naver
2025-08-29,360750,22131,22331,22008,22316,Naver
2025-08-29,373220,373000,386000,351500,352000,Naver
2025-08-29,379800,20217,20400,20108,20390,Naver
2025-08-29,379810,21600,21819,21456,21819,Naver
2025-08-29,396500,11630,11875,11535,11790,Naver
2025-08-29,402340,138500,153700,137600,149000,Naver
2025-08-29,443060,192000,217500,189700,213000,Naver
2025-08-29,454910,61800,66000,61200,62500,Naver
2025-08-29,488770,102136,102180,102131,102180,Naver
2025-08-29,950160,37050,40000,36250,37050,Naver
2025-09-05,000150,548000,584000,528000,579000,Naver
2025-09-05,000270,106800,107900,105750,106600,Naver
2025-09-05,000660,259500,275000,255000,273500,Naver
2025-09-05,000720,61200,61800,58900,59600,Naver
2025-09-05,000810,447500,467500,444000,457500,Naver
2025-09-05,000880,83100,88100,81900,86100,Naver
2025-09-05,001440,15590,15680,15090,15200,Naver
2025-09-05,003230,1584000,1590000,1540000,1552000,Naver
2025-09-05,003490,23650,23800,23350,23650,Naver
2025-09-05,003550,75400,76000,74000,75600,Naver
2025-09-05,003670,140300,142000,131000,131600,Naver
2025-09-05,005380,220500,223500,217000,220000,Naver
2025-09-05,005387,170000,175700,169800,170900,Naver
2025-09-05,005490,283500,286000,271500,276500,Naver
2025-09-05,005830,133400,141800,131500,138600,Naver
2025-09-05,005930,68400,70400,67500,69500,Naver
2025-09-05,005935,55800,57500,55100,57100,Naver
2025-09-05,005940,19330,19460,19010,19240,Naver
2025-09-05,006260,175300,181100,171200,178900,Naver
2025-09-05,006400,202500,206500,199300,199500,Naver
2025-09-05,006800,19027,19246,18290,18927,Naver
2025-09-05,007660,64700,67800,62200,63200,Naver
2025-09-05,009150,158800,180500,158000,178200,Naver
2025-09-05,009540,411500,438000,403000,428500,Naver
2025-09-05,010120,56100,59700,54400,58600,Naver
2025-09-05,010130,822000,910000,807000,901000,Naver
2025-09-05,010140,21650,21650,20550,21100,Naver
2025-09-05,010950,60500,60700,58400,60600,Naver
2025-09-05,011070,167100,173800,161800,170500,Naver
2025-09-05,011200,22400,24100,22050,22950,Naver
2025-09-05,012330,320000,326000,317500,323000,Naver
2025-09-05,012450,895000,950000,893000,920000,Naver
2025-09-05,015760,36250,37700,36200,36750,Naver
2025-09-05,016360,68300,69100,67400,68400,Naver
2025-09-05,017670,54300,55300,54100,54800,Naver
2025-09-05,018260,147300,153500,143700,151500,Naver
2025-09-05,024110,19120,19150,18890,19010,Naver
2025-09-05,028050,28950,29500,27400,28250,Naver
2025-09-05,028260,167300,177300,165000,175000,Naver
2025-09-05,030200,53800,53900,51400,53500,Naver
2025-09-05,032830,143200,153400,141500,149900,Naver
2025-09-05,033780,136000,139200,134200,135200,Naver
2025-09-05,034020,60800,64500,59100,61800,Naver
2025-09-05,034220,11890,12180,11570,11990,Naver
2025-09-05,034730,204000,211000,200500,206500,Naver
2025-09-05,035420,211500,230500,210500,229000,Naver
2025-09-05,035720,60600,62200,57400,58500,Naver
2025-09-05,036930,27300,28150,26200,27650,Naver
2025-09-05,039490,204500,209500,198700,206500,Naver
2025-09-05,042660,112600,123800,110100,112500,Naver
2025-09-05,042700,85000,85200,81400,82900,Naver
2025-09-05,047040,3720,3830,3620,3770,Naver
2025-09-05,047050,48200,49500,46950,48650,Naver
2025-09-05,047810,95400,98200,93300,94400,Naver
2025-09-05,051910,275000,279500,264500,274500,Naver
2025-09-05,055550,65500,65600,63600,64600,Naver
2025-09-05,064350,195300,207500,189200,205000,Naver
2025-09-05,064400,67500,68200,65000,67800,Naver
2025-09-05,066570,73900,75900,72000,75100,Naver
2025-09-05,068270,160322,163944,159178,161085,Naver
2025-09-05,069500,42660,43457,42221,43322,Naver
2025-09-05,071050,133000,133000,127000,131200,Naver
2025-09-05,079550,496000,509000,475500,476000,Naver
2025-09-05,086280,187500,191700,182600,185800,Naver
2025-09-05,086520,50200,51200,49450,49800,Naver
2025-09-05,086790,83000,83300,80900,81200,Naver
2025-09-05,096770,100100,106600,99700,105400,Naver
2025-09-05,102110,42574,43404,42162,43276,Naver
2025-09-05,105560,109400,110200,106600,108600,Naver
2025-09-05,122630,24315,25240,23830,25075,Naver
2025-09-05,133690,144400,146235,143413,146145,Naver
2025-09-05,138040,128000,128100,122200,123100,Naver
2025-09-05,161390,40500,40700,39150,39300,Naver
2025-09-05,180640,111900,112300,108300,109200,Naver
2025-09-05,196170,452000,477000,451500,475500,Naver
2025-09-05,207940,1474687,1517368,1461442,1515896,Naver
2025-09-05,247540,119900,122800,116500,116600,Naver
2025-09-05,259960,329500,337000,325500,326000,Naver
2025-09-05,267250,136600,145400,134700,144700,Naver
2025-09-05,267260,492500,519000,484000,517000,Naver
2025-09-05,272210,51700,55900,50900,52400,Naver
2025-09-05,277810,279000,281000,266500,276500,Naver
2025-09-05,278470,225500,227500,208000,215500,Naver
2025-09-05,278530,15330,15605,15165,15560,Naver
2025-09-05,298040,1235000,1277000,1207000,1232000,Naver
2025-09-05,307950,174300,174600,163000,166200,Naver
2025-09-05,316140,24900,24950,24050,24300,Naver
2025-09-05,323410,24300,24850,23550,23550,Naver
2025-09-05,329180,520000,523000,495500,513000,Naver
2025-09-05,352820,286500,293500,272000,290500,Naver
2025-09-05,360750,22251,22425,22081,22411,Naver
2025-09-05,373220,352000,365500,342000,343000,Naver
2025-09-05,379800,20321,20494,20172,20479,Naver
2025-09-05,379810,21635,21909,21486,21904,Naver
2025-09-05,396500,11490,11790,11275,11670,Naver
2025-09-05,402340,145000,155000,141500,152800,Naver
2025-09-05,443060,213000,220000,200000,220000,Naver
2025-09-05,454910,63300,63900,60300,61500,Naver
2025-09-05,488770,102185,102234,102185,102234,Naver
2025-09-05,950160,36700,42800,36150,42400,Naver
2025-09-12,000150,600000,659000,588000,612000,Naver
2025-09-12,000270,106100,107000,104100,105900,Naver
2025-09-12,000660,278500,329500,274000,328500,Naver
2025-09-12,000720,60200,61300,57100,59400,Naver
2025-09-12,000810,465000,476500,456500,470000,Naver
2025-09-12,000880,85100,90300,83900,85800,Naver
2025-09-12,001440,15170,16750,14740,16470,Naver
2025-09-12,003230,1549000,1665000,1525000,1616000,Naver
2025-09-12,003490,23800,24050,23450,23900,Naver
2025-09-12,003550,75400,78000,75300,75800,Naver
2025-09-12,003670,130800,135800,128100,133500,Naver
2025-09-12,005380,218000,224000,215500,223500,Naver
2025-09-12,005387,170300,173700,168500,173500,Naver
2025-09-12,005490,276500,288500,276000,285000,Naver
2025-09-12,005830,139900,147000,137100,145000,Naver
2025-09-12,005930,69800,75600,69600,75400,Naver
2025-09-12,005935,57000,60900,57000,60900,Naver
2025-09-12,005940,19360,21100,19160,20550,Naver
2025-09-12,006260,178500,185600,174900,182600,Naver
2025-09-12,006400,197900,204000,196800,204000,Naver
2025-09-12,006800,18937,22900,18808,22004,Naver
2025-09-12,007660,65000,76800,64900,71900,Naver
2025-09-12,009150,176200,193900,175800,190400,Naver
2025-09-12,009540,428000,429000,405000,416500,Naver
2025-09-12,010120,58100,64000,56800,63200,Naver
2025-09-12,010130,900000,1060000,877000,1042000,Naver
2025-09-12,010140,21200,22800,20700,22000,Naver
2025-09-12,010950,60600,60900,58900,59200,Naver
2025-09-12,011070,169800,169800,159800,167800,Naver
2025-09-12,011200,23000,24650,22600,24300,Naver
2025-09-12,012330,323500,327000,311000,313500,Naver
2025-09-12,012450,924000,1011000,921000,1002000,Naver
2025-09-12,015760,36750,39050,36300,36900,Naver
2025-09-12,016360,68500,74900,68100,74000,Naver
2025-09-12,017670,54800,55300,54000,55100,Naver
2025-09-12,018260,152900,169900,152300,167100,Naver
2025-09-12,024110,18980,20050,18830,19760,Naver
2025-09-12,028050,28450,28950,27500,28400,Naver
2025-09-12,028260,175800,187100,174000,183000,Naver
2025-09-12,030200,52900,53300,50300,51300,Naver
2025-09-12,032830,150200,167900,149000,159900,Naver
2025-09-12,033780,135800,136600,129700,133700,Naver
2025-09-12,034020,61200,63100,58400,61000,Naver
2025-09-12,034220,11970,12100,11600,12100,Naver
2025-09-12,034730,209000,227500,205500,222500,Naver
2025-09-12,035420,228500,239000,226000,236000,Naver
2025-09-12,035720,58700,66000,58600,65500,Naver
2025-09-12,036930,27650,29400,27450,28650,Naver
2025-09-12,039490,207500,259000,205500,249500,Naver
2025-09-12,042660,111800,114000,108500,113200,Naver
2025-09-12,042700,82800,94200,82300,90900,Naver
2025-09-12,047040,3800,3880,3745,3790,Naver
2025-09-12,047050,48400,50700,48350,50300,Naver
2025-09-12,047810,95000,105500,94500,99100,Naver
2025-09-12,051910,271000,296000,271000,290000,Naver
2025-09-12,055550,64500,69400,63700,69300,Naver
2025-09-12,064350,204500,216000,200000,215000,Naver
2025-09-12,064400,67500,73500,67000,72300,Naver
2025-09-12,066570,75100,77400,74700,77000,Naver
2025-09-12,068270,161943,164421,160322,163658,Naver
2025-09-12,069500,43422,46287,43288,46222,Naver
2025-09-12,071050,132400,151900,129100,150000,Naver
2025-09-12,079550,478500,511000,470500,504000,Naver
2025-09-12,086280,187200,189300,182700,188100,Naver
2025-09-12,086520,49000,50300,48300,49100,Naver
2025-09-12,086790,81100,89400,80500,88700,Naver
2025-09-12,096770,105700,110400,104800,107900,Naver
2025-09-12,102110,43359,46245,43231,46190,Naver
2025-09-12,105560,108600,119800,105800,119300,Naver
2025-09-12,122630,25160,28605,25030,28570,Naver
2025-09-12,133690,146145,147716,145672,147492,Naver
2025-09-12,138040,123700,129000,121700,126800,Naver
2025-09-12,161390,39350,40950,38900,40750,Naver
2025-09-12,180640,109100,113800,108200,110700,Naver
2025-09-12,196170,489000,496500,462000,491500,Naver
2025-09-12,207940,1518840,1564464,1510009,1527670,Naver
2025-09-12,247540,115100,119500,113900,119000,Naver
2025-09-12,259960,327000,327000,317000,322500,Naver
2025-09-12,267250,143500,151700,141500,148500,Naver
2025-09-12,267260,517000,602000,501000,595000,Naver
2025-09-12,272210,52000,55100,51200,54800,Naver
2025-09-12,277810,277500,298500,274000,294500,Naver
2025-09-12,278470,216000,241500,215000,218000,Naver
2025-09-12,278530,15575,16765,15540,16610,Naver
2025-09-12,298040,1214000,1449000,1185000,1445000,Naver
2025-09-12,307950,165800,174300,165000,173500,Naver
2025-09-12,316140,24200,25900,23750,25650,Naver
2025-09-12,323410,23650,25450,23500,25300,Naver
2025-09-12,329180,512000,517000,487000,510000,Naver
2025-09-12,352820,288500,293000,283500,292000,Naver
2025-09-12,360750,22286,22644,22251,22604,Naver
2025-09-12,373220,337000,356500,336500,355500,Naver
2025-09-12,379800,20370,20687,20331,20647,Naver
2025-09-12,379810,21869,22122,21824,22102,Naver
2025-09-12,396500,11740,13289,11730,13134,Naver
2025-09-12,402340,154400,200000,151400,197300,Naver
2025-09-12,443060,222500,227500,211500,215000,Naver
2025-09-12,454910,62100,64500,60800,63300,Naver
2025-09-12,488770,102234,102289,102234,102289,Naver
2025-09-12,950160,44050,51400,41000,49650,Naver
2025-09-19,000150,620000,644000,590000,596000,Naver
2025-09-19,000270,104800,105100,100500,101600,Naver
2025-09-19,000660,339500,360000,325000,353000,Naver
2025-09-19,000720,60200,62700,56200,57000,Naver
2025-09-19,000810,470000,471500,446500,454500,Naver
2025-09-19,000880,87200,96900,86900,91500,Naver
2025-09-19,001440,16340,16420,15810,15930,Naver
2025-09-19,003230,1608000,1608000,1545000,1554000,Naver
2025-09-19,003490,23850,23900,23100,23100,Naver
2025-09-19,003550,76100,77900,74900,75300,Naver
2025-09-19,003670,134900,146400,131200,141300,Naver
2025-09-19,005380,221500,221500,212000,214000,Naver
2025-09-19,005387,173300,173300,164500,164500,Naver
2025-09-19,005490,285000,288000,281500,283000,Naver
2025-09-19,005830,143700,146800,137600,140800,Naver
2025-09-19,005930,77200,81200,75900,79700,Naver
2025-09-19,005935,61700,65200,61200,64200,Naver
2025-09-19,005940,20800,21900,20400,20600,Naver
2025-09-19,006260,182000,193500,181100,184200,Naver
2025-09-19,006400,206000,209000,200500,203000,Naver
2025-09-19,006800,22801,23547,21506,21954,Naver
2025-09-19,007660,72500,79900,72500,77300,Naver
2025-09-19,009150,191300,197700,187000,197700,Naver
2025-09-19,009540,408000,421500,405000,407500,Naver
2025-09-19,010120,62400,62900,59200,59200,Naver
2025-09-19,010130,1095000,1104000,940000,940000,Naver
2025-09-19,010140,21800,21900,21150,21450,Naver
2025-09-19,010950,59600,59600,57600,57800,Naver
2025-09-19,011070,167500,179900,166100,176500,Naver
2025-09-19,011200,23950,23950,22450,22450,Naver
2025-09-19,012330,310500,317000,303000,308000,Naver
2025-09-19,012450,998000,1052000,980000,1022000,Naver
2025-09-19,015760,36600,37200,35200,35550,Naver
2025-09-19,016360,74400,76000,73500,75400,Naver
2025-09-19,017670,55000,55700,54300,55500,Naver
2025-09-19,018260,167000,168400,162500,163300,Naver
2025-09-19,024110,19840,20150,19660,19760,Naver
2025-09-19,028050,28250,28850,27200,28250,Naver
2025-09-19,028260,182300,199300,182300,196400,Naver
2025-09-19,030200,51200,51800,50800,50800,Naver
2025-09-19,032830,158400,165800,151400,153400,Naver
2025-09-19,033780,132600,141300,132400,140400,Naver
2025-09-19,034020,60500,63500,58600,60800,Naver
2025-09-19,034220,12110,13680,11910,13040,Naver
2025-09-19,034730,225000,241500,224000,227000,Naver
2025-09-19,035420,236000,241000,229500,234000,Naver
2025-09-19,035720,65000,68500,62400,67000,Naver
2025-09-19,036930,29400,32650,29050,32400,Naver
2025-09-19,039490,255000,281000,255000,277500,Naver
2025-09-19,042660,111300,115200,109400,111700,Naver
2025-09-19,042700,92600,96800,90200,93300,Naver
2025-09-19,047040,3785,3845,3670,3740,Naver
2025-09-19,047050,50400,50800,48550,49050,Naver
2025-09-19,047810,99600,118800,97300,109900,Naver
2025-09-19,051910,288500,306500,286500,291000,Naver
2025-09-19,055550,68600,71400,68100,69800,Naver
2025-09-19,064350,214500,230000,208000,230000,Naver
2025-09-19,064400,72600,72600,69500,71300,Naver
2025-09-19,066570,77000,83800,76800,79100,Naver
2025-09-19,068270,163468,163849,159750,162800,Naver
2025-09-19,069500,46562,47697,46252,47319,Naver
2025-09-19,071050,153000,163300,153000,157300,Naver
2025-09-19,079550,505000,544000,493500,513000,Naver
2025-09-19,086280,186400,188300,172900,178000,Naver
2025-09-19,086520,49800,50800,49150,49750,Naver
2025-09-19,086790,88000,92200,88000,90700,Naver
2025-09-19,096770,107900,109000,104000,104000,Naver
2025-09-19,102110,46518,47653,46210,47260,Naver
2025-09-19,105560,117500,121500,115400,116500,Naver
2025-09-19,122630,28950,30335,28560,29850,Naver
2025-09-19,133690,148360,151192,148000,150813,Naver
2025-09-19,138040,125500,127400,119300,119300,Naver
2025-09-19,161390,40400,40550,38200,38400,Naver
2025-09-19,180640,110700,120700,108500,108500,Naver
2025-09-19,196170,495000,503000,467500,472500,Naver
2025-09-19,207940,1518840,1533557,1498235,1507066,Naver
2025-09-19,247540,120000,124700,118800,118800,Naver
2025-09-19,259960,320500,326000,312000,316500,Naver
2025-09-19,267250,147100,164700,147100,161300,Naver
2025-09-19,267260,585000,608000,576000,582000,Naver
2025-09-19,272210,55400,61100,55300,59600,Naver
2025-09-19,277810,308500,321500,284000,310000,Naver
2025-09-19,278470,215000,225000,211000,223500,Naver
2025-09-19,278530,16750,17135,16615,16995,Naver
2025-09-19,298040,1428000,1437000,1370000,1424000,Naver
2025-09-19,307950,174500,179000,166100,168000,Naver
2025-09-19,316140,25650,26950,25550,26850,Naver
2025-09-19,323410,25300,25350,24400,24750,Naver
2025-09-19,329180,507000,517000,490000,493000,Naver
2025-09-19,352820,289000,298000,283000,289500,Naver
2025-09-19,360750,22649,22912,22514,22853,Naver
2025-09-19,373220,356000,359000,346500,349500,Naver
2025-09-19,379800,20697,20935,20573,20875,Naver
2025-09-19,379810,22227,22655,22172,22600,Naver
2025-09-19,396500,13449,14348,13224,14238,Naver
2025-09-19,402340,197200,216500,191200,216500,Naver
2025-09-19,443060,211000,215000,207250,210000,Naver
2025-09-19,454910,65300,67800,62900,66400,Naver
2025-09-19,488770,102289,102338,102289,102338,Naver
2025-09-19,950160,49750,51900,43650,45100,Naver
2025-09-26,000150,608000,615000,541000,551000,Naver
2025-09-26,000270,101500,103600,100200,100200,Naver
2025-09-26,000660,349000,364000,333000,336500,Naver
2025-09-26,000720,57700,58200,54600,54800,Naver
2025-09-26,000810,454500,460500,448500,451000,Naver
2025-09-26,000880,91500,91600,82400,83100,Naver
2025-09-26,001440,15940,16330,15080,15160,Naver
2025-09-26,003230,1571000,1583000,1430000,1466000,Naver
2025-09-26,003490,23400,23750,22550,22700,Naver
2025-09-26,003550,76400,77100,72300,72700,Naver
2025-09-26,003670,142200,147900,137300,141300,Naver
2025-09-26,005380,215000,220000,213000,214500,Naver
2025-09-26,005387,164900,169900,164900,166100,Naver
2025-09-26,005490,283000,283000,274000,275000,Naver
2025-09-26,005830,141000,144800,137500,138800,Naver
2025-09-26,005930,81500,86200,81100,83300,Naver
2025-09-26,005935,64800,68500,64700,65200,Naver
2025-09-26,005940,20600,20850,19250,19360,Naver
2025-09-26,006260,186000,190500,161200,162400,Naver
2025-09-26,006400,205000,211500,202500,202500,Naver
2025-09-26,006800,21855,22402,19903,20511,Naver
2025-09-26,007660,77400,79500,71800,72500,Naver
2025-09-26,009150,198300,209500,188600,191700,Naver
2025-09-26,009540,408000,417000,390000,397500,Naver
2025-09-26,010120,59900,62000,53800,54600,Naver
2025-09-26,010130,954000,967000,908000,916000,Naver
2025-09-26,010140,21400,22400,20700,20850,Naver
2025-09-26,010950,58100,62800,57800,61600,Naver
2025-09-26,011070,184100,200000,183900,189300,Naver
2025-09-26,011200,22600,22650,20425,20550,Naver
2025-09-26,012330,308000,313500,292500,295000,Naver
2025-09-26,012450,1028000,1094000,999000,1044000,Naver
2025-09-26,015760,35800,37200,35650,36200,Naver
2025-09-26,016360,75400,77500,71000,71400,Naver
2025-09-26,017670,55500,55500,54700,54900,Naver
2025-09-26,018260,164800,170700,160900,161700,Naver
2025-09-26,024110,19900,20150,19240,19320,Naver
2025-09-26,028050,28300,28500,27050,27150,Naver
2025-09-26,028260,198000,203500,185900,187900,Naver
2025-09-26,030200,50400,51200,49650,51100,Naver
2025-09-26,032830,154000,158800,148600,152000,Naver
2025-09-26,033780,142300,147400,134100,137600,Naver
2025-09-26,034020,63000,67000,61800,63100,Naver
2025-09-26,034220,13190,14450,13170,14030,Naver
2025-09-26,034730,228000,231000,203500,206500,Naver
2025-09-26,035420,234000,262000,224500,256500,Naver
2025-09-26,035720,67500,67600,59100,59300,Naver
2025-09-26,036930,32300,33050,30450,30700,Naver
2025-09-26,039490,277000,282500,247500,251000,Naver
2025-09-26,042660,111000,112300,105100,107000,Naver
2025-09-26,042700,93100,96700,89500,89800,Naver
2025-09-26,047040,3740,3740,3550,3565,Naver
2025-09-26,047050,49300,51700,48450,48850,Naver
2025-09-26,047810,108000,113000,104700,107100,Naver
2025-09-26,051910,293500,302000,280500,282500,Naver
2025-09-26,055550,69800,70900,68700,69200,Naver
2025-09-26,064350,227000,233500,209500,212500,Naver
2025-09-26,064400,71800,71900,64200,64500,Naver
2025-09-26,066570,80100,81600,76000,76300,Naver
2025-09-26,068270,162514,176717,160703,169663,Naver
2025-09-26,069500,47597,48355,46517,46880,Naver
2025-09-26,071050,157300,160000,141100,142000,Naver
2025-09-26,079550,520000,520000,486000,491000,Naver
2025-09-26,086280,177200,179400,166600,168500,Naver
2025-09-26,086520,49850,50500,48050,48100,Naver
2025-09-26,086790,90600,91500,87000,87100,Naver
2025-09-26,096770,104800,105900,101000,101100,Naver
2025-09-26,102110,47593,48314,46469,46817,Naver
2025-09-26,105560,117400,118100,111900,112700,Naver
2025-09-26,122630,30195,31160,28780,29205,Naver
2025-09-26,133690,152269,152927,151516,152733,Naver
2025-09-26,138040,120300,121200,112200,112400,Naver
2025-09-26,161390,38500,38950,37650,38100,Naver
2025-09-26,180640,110000,111200,98400,99600,Naver
2025-09-26,196170,507000,529000,445000,447000,Naver
2025-09-26,207940,1510009,1540916,1445253,1471744,Naver
2025-09-26,247540,119000,121500,115100,115100,Naver
2025-09-26,259960,317000,317500,295000,295500,Naver
2025-09-26,267250,161500,161800,148100,150600,Naver
2025-09-26,267260,592000,624000,561000,569000,Naver
2025-09-26,272210,60400,61900,56700,57900,Naver
2025-09-26,277810,319000,338500,290500,314000,Naver
2025-09-26,278470,223500,230000,215500,225000,Naver
2025-09-26,278530,17105,17355,16710,16840,Naver
2025-09-26,298040,1425000,1498000,1323000,1328000,Naver
2025-09-26,307950,166600,168700,150600,151700,Naver
2025-09-26,316140,26600,26850,26000,26200,Naver
2025-09-26,323410,24950,25150,23450,23500,Naver
2025-09-26,329180,496000,532000,484000,491500,Naver
2025-09-26,352820,290000,292000,267000,268500,Naver
2025-09-26,360750,23012,23122,22892,23097,Naver
2025-09-26,373220,350000,363000,345500,349000,Naver
2025-09-26,379800,21023,21128,20915,21118,Naver
2025-09-26,379810,22843,22918,22695,22888,Naver
2025-09-26,396500,14253,14683,13878,14063,Naver
2025-09-26,402340,216000,225000,194900,195300,Naver
2025-09-26,443060,209000,218500,202000,203500,Naver
2025-09-26,454910,71100,75300,65700,66600,Naver
2025-09-26,488770,102343,102392,102343,102392,Naver
2025-09-26,950160,45300,52400,44150,47300,Naver
2025-10-02,000150,555000,603000,522000,595000,Naver
2025-10-02,000270,100600,105000,100000,104200,Naver
2025-10-02,000660,339500,404500,339000,395500,Naver
2025-10-02,000720,55300,57300,54100,55500,Naver
2025-10-02,000810,458000,465000,449500,450000,Naver
2025-10-02,000880,83600,87400,82900,85900,Naver
2025-10-02,001440,15250,16300,15000,15960,Naver
2025-10-02,003230,1480000,1587000,1455000,1509000,Naver
2025-10-02,003490,22800,23250,22650,23000,Naver
2025-10-02,003550,73400,73800,71000,72000,Naver
2025-10-02,003670,142200,150300,140700,146500,Naver
2025-10-02,005380,215500,223000,214000,220000,Naver
2025-10-02,005387,166500,169900,166000,169100,Naver
2025-10-02,005490,277500,279500,272000,273000,Naver
2025-10-02,005830,140800,143300,133500,135500,Naver
2025-10-02,005930,83300,90300,83200,89000,Naver
2025-10-02,005935,65100,70200,65100,70000,Naver
2025-10-02,005940,19590,19980,19260,19630,Naver
2025-10-02,006260,164500,172700,161200,171000,Naver
2025-10-02,006400,205500,212000,203000,206500,Naver
2025-10-02,006800,21257,22751,20660,21606,Naver
2025-10-02,007660,72600,79000,71000,76800,Naver
2025-10-02,009150,193100,199400,190800,195800,Naver
2025-10-02,009540,396000,423500,394500,412500,Naver
2025-10-02,010120,55300,59100,54600,58000,Naver
2025-10-02,010130,930000,953000,913000,919000,Naver
2025-10-02,010140,20850,22100,20650,21850,Naver
2025-10-02,010950,62200,64800,61100,62300,Naver
2025-10-02,011070,190700,194800,186000,188500,Naver
2025-10-02,011200,20950,21150,19950,20400,Naver
2025-10-02,012330,297500,301000,293500,297000,Naver
2025-10-02,012450,1058000,1127000,1044000,1097000,Naver
2025-10-02,015760,36350,37200,34950,35500,Naver
2025-10-02,016360,71900,73900,71000,72400,Naver
2025-10-02,017670,54900,55100,54200,54400,Naver
2025-10-02,018260,166000,178500,163700,166700,Naver
2025-10-02,024110,19510,19670,19220,19350,Naver
2025-10-02,028050,27500,27650,26700,27150,Naver
2025-10-02,028260,191600,202000,183000,197800,Naver
2025-10-02,030200,51400,51600,50300,51200,Naver
2025-10-02,032830,155000,162400,152300,159100,Naver
2025-10-02,033780,139700,140700,132700,134000,Naver
2025-10-02,034020,62700,66300,61900,64800,Naver
2025-10-02,034220,14380,14840,14210,14580,Naver
2025-10-02,034730,210000,229500,205500,222000,Naver
2025-10-02,035420,268500,279500,250500,253000,Naver
2025-10-02,035720,59400,62000,58800,59600,Naver
2025-10-02,036930,30700,32300,30550,31050,Naver
2025-10-02,039490,255000,262500,243000,253000,Naver
2025-10-02,042660,105600,112000,105200,111500,Naver
2025-10-02,042700,90400,102400,89900,100600,Naver
2025-10-02,047040,3600,3660,3570,3630,Naver
2025-10-02,047050,49100,49450,48300,48800,Naver
2025-10-02,047810,107800,112700,103300,106000,Naver
2025-10-02,051910,285000,288000,275000,277500,Naver
2025-10-02,055550,71000,72600,70300,71400,Naver
2025-10-02,064350,214500,228000,214000,226000,Naver
2025-10-02,064400,65700,68300,63600,64600,Naver
2025-10-02,066570,77000,77700,75000,76400,Naver
2025-10-02,068270,171569,173095,164993,167185,Naver
2025-10-02,069500,47194,49894,47194,49397,Naver
2025-10-02,071050,143400,150000,142000,144700,Naver
2025-10-02,079550,501000,527000,495500,505000,Naver
2025-10-02,086280,169900,170000,161300,164200,Naver
2025-10-02,086520,48700,48700,46900,47350,Naver
2025-10-02,086790,88700,89900,86200,88400,Naver
2025-10-02,096770,102000,107700,99500,104900,Naver
2025-10-02,102110,47175,49846,47160,49374,Naver
2025-10-02,105560,113800,119300,113500,116800,Naver
2025-10-02,122630,29665,33050,29610,32460,Naver
2025-10-02,133690,153042,154473,152309,154059,Naver
2025-10-02,138040,114500,117450,113100,113400,Naver
2025-10-02,161390,38450,38950,38050,38550,Naver
2025-10-02,180640,101500,102400,95700,99600,Naver
2025-10-02,196170,456500,474500,453000,471500,Naver
2025-10-02,207940,1477631,1498235,1464385,1484990,Naver
2025-10-02,247540,116100,116700,112000,116300,Naver
2025-10-02,259960,298000,303500,291000,299000,Naver
2025-10-02,267250,152600,167100,151600,164400,Naver
2025-10-02,267260,576000,629000,567000,625000,Naver
2025-10-02,272210,57900,62400,57700,59800,Naver
2025-10-02,277810,317500,318000,302000,307500,Naver
2025-10-02,278470,221000,265000,218500,255000,Naver
2025-10-02,278530,16960,17920,16955,17735,Naver
2025-10-02,298040,1338000,1437000,1315000,1412000,Naver
2025-10-02,307950,152200,155400,149800,153300,Naver
2025-10-02,316140,26600,26850,25650,26050,Naver
2025-10-02,323410,23700,24300,23500,23650,Naver
2025-10-02,329180,493500,531000,482000,528000,Naver
2025-10-02,352820,269500,275000,263500,267500,Naver
2025-10-02,360750,23157,23330,23034,23261,Naver
2025-10-02,373220,350500,399000,341000,399000,Naver
2025-10-02,379800,21162,21321,21043,21251,Naver
2025-10-02,379810,22933,23148,22818,23098,Naver
2025-10-02,396500,14068,15482,14038,15327,Naver
2025-10-02,402340,197300,248500,195300,238000,Naver
2025-10-02,443060,205500,226500,201000,225000,Naver
2025-10-02,454910,67800,68100,63700,68000,Naver
2025-10-02,488770,102397,102476,102397,102476,Naver
2025-10-02,950160,47250,48700,45350,46800,Naver
2025-10-10,000150,608000,611000,576000,595000,Naver
2025-10-10,000270,101100,102500,100600,100600,Naver
2025-10-10,000660,426000,439250,416500,428000,Naver
2025-10-10,000720,55100,56900,54800,56200,Naver
2025-10-10,000810,448000,460000,441000,451500,Naver
2025-10-10,000880,86500,86700,82000,84000,Naver
2025-10-10,001440,16170,16500,16030,16480,Naver
2025-10-10,003230,1491000,1492000,1445000,1454000,Naver
2025-10-10,003490,22800,22850,22500,22600,Naver
2025-10-10,003550,71500,73000,71000,71300,Naver
2025-10-10,003670,146400,148100,142200,146300,Naver
2025-10-10,005380,219000,220250,216500,217000,Naver
2025-10-10,005387,169100,169600,167700,168400,Naver
2025-10-10,005490,265500,266000,258500,263000,Naver
2025-10-10,005830,135000,137200,132300,133100,Naver
2025-10-10,005930,94000,94500,92700,94400,Naver
2025-10-10,005935,74200,74900,73500,74400,Naver
2025-10-10,005940,19800,19910,19340,19360,Naver
2025-10-10,006260,173000,174700,169200,171900,Naver
2025-10-10,006400,208500,208500,202500,207000,Naver
2025-10-10,006800,22203,22552,21705,21855,Naver
2025-10-10,007660,80700,81000,75300,76000,Naver
2025-10-10,009150,202000,211000,199600,210500,Naver
2025-10-10,009540,425000,425000,409000,415000,Naver
2025-10-10,010120,59000,60800,58800,60400,Naver
2025-10-10,010130,931000,985000,930000,965000,Naver
2025-10-10,010140,21900,22450,21500,22400,Naver
2025-10-10,010950,64000,67200,63800,66800,Naver
2025-10-10,011070,189900,193600,189300,191800,Naver
2025-10-10,011200,20200,20450,19810,19870,Naver
2025-10-10,012330,308000,308000,296500,298000,Naver
2025-10-10,012450,1069000,1079000,1027000,1042000,Naver
2025-10-10,015760,35200,35850,34700,35750,Naver
2025-10-10,016360,73100,73800,72700,73300,Naver
2025-10-10,017670,54100,54800,54000,54600,Naver
2025-10-10,018260,167100,173400,166900,169500,Naver
2025-10-10,024110,19210,19280,18800,18970,Naver
2025-10-10,028050,26900,28200,26850,27700,Naver
2025-10-10,028260,204000,205500,199200,202500,Naver
2025-10-10,030200,50500,50600,49800,49850,Naver
2025-10-10,032830,159700,161000,156500,160000,Naver
2025-10-10,033780,133500,135900,132300,135200,Naver
2025-10-10,034020,66300,74800,66100,74500,Naver
2025-10-10,034220,15000,15620,14790,15620,Naver
2025-10-10,034730,226000,227000,217500,219000,Naver
2025-10-10,035420,256500,275000,255500,267500,Naver
2025-10-10,035720,60500,62100,60400,62100,Naver
2025-10-10,036930,32050,32550,31600,32550,Naver
2025-10-10,039490,260500,261000,249000,250500,Naver
2025-10-10,042660,110700,110800,107000,109300,Naver
2025-10-10,042700,106900,119400,103700,119100,Naver
2025-10-10,047040,3605,3700,3595,3700,Naver
2025-10-10,047050,48700,48850,47650,47850,Naver
2025-10-10,047810,107100,108600,105100,107000,Naver
2025-10-10,051910,282000,287500,277500,279000,Naver
2025-10-10,055550,71400,72800,70700,72000,Naver
2025-10-10,064350,226000,231000,216500,220000,Naver
2025-10-10,064400,64600,67100,64100,66300,Naver
2025-10-10,066570,77600,79100,76900,79000,Naver
2025-10-10,068270,167566,169473,164897,165469,Naver
2025-10-10,069500,50323,50881,49999,50651,Naver
2025-10-10,071050,146100,147500,143300,145500,Naver
2025-10-10,079550,496000,498000,469000,480000,Naver
2025-10-10,086280,162700,166200,160400,163800,Naver
2025-10-10,086520,47350,47450,46000,46550,Naver
2025-10-10,086790,88500,88500,86000,86000,Naver
2025-10-10,096770,104900,105000,102000,103000,Naver
2025-10-10,102110,50409,50827,49956,50587,Naver
2025-10-10,105560,113500,115000,111500,112800,Naver
2025-10-10,122630,33735,34375,33250,34070,Naver
2025-10-10,133690,156578,159530,156578,158184,Naver
2025-10-10,138040,111000,113650,110100,111400,Naver
2025-10-10,161390,38250,39050,38250,38850,Naver
2025-10-10,180640,95300,98300,94700,97400,Naver
2025-10-10,196170,468000,468500,455000,461000,Naver
2025-10-10,207940,1495292,1504122,1484990,1492348,Naver
2025-10-10,247540,116200,116500,112200,112300,Naver
2025-10-10,259960,298000,303000,297000,302000,Naver
2025-10-10,267250,163700,164000,154500,158000,Naver
2025-10-10,267260,668000,668000,644000,660000,Naver
2025-10-10,272210,59300,59500,56700,57900,Naver
2025-10-10,277810,310000,335000,304000,329500,Naver
2025-10-10,278470,252000,258500,248000,257000,Naver
2025-10-10,278530,17835,18285,17835,18190,Naver
2025-10-10,298040,1436000,1498000,1435000,1498000,Naver
2025-10-10,307950,152300,153700,150800,152000,Naver
2025-10-10,316140,26250,26250,25300,25350,Naver
2025-10-10,323410,23450,23650,23050,23100,Naver
2025-10-10,329180,522000,524000,509000,515000,Naver
2025-10-10,352820,270000,275500,269000,272500,Naver
2025-10-10,360750,23619,23748,23619,23708,Naver
2025-10-10,373220,367500,367500,352500,359500,Naver
2025-10-10,379800,21647,21702,21622,21672,Naver
2025-10-10,379810,23674,23739,23659,23704,Naver
2025-10-10,396500,15972,16536,15937,16426,Naver
2025-10-10,402340,245000,255000,240500,247000,Naver
2025-10-10,443060,221500,229500,216000,224500,Naver
2025-10-10,454910,67000,70600,66000,70300,Naver
2025-10-10,488770,102500,102505,102500,102505,Naver
2025-10-10,950160,46650,46650,44500,45000,Naver
2025-10-17,000150,580000,722000,567000,697000,Naver
2025-10-17,000270,100900,113400,100100,112100,Naver
2025-10-17,000660,405500,475000,403000,465500,Naver
2025-10-17,000720,55600,63000,54800,56000,Naver
2025-10-17,000810,456000,456000,436500,436500,Naver
2025-10-17,000880,82000,85400,79700,82500,Naver
2025-10-17,001440,15970,18660,15960,17570,Naver
2025-10-17,003230,1428000,1463000,1315000,1326000,Naver
2025-10-17,003490,22200,22500,21950,22150,Naver
2025-10-17,003550,71300,75000,70100,73600,Naver
2025-10-17,003670,144000,201000,143400,193500,Naver
2025-10-17,005380,214500,246000,214000,243000,Naver
2025-10-17,005387,166600,181700,166200,178900,Naver
2025-10-17,005490,259500,300000,259500,293000,Naver
2025-10-17,005830,132400,134800,129800,130000,Naver
2025-10-17,005930,91300,99100,90200,97900,Naver
2025-10-17,005935,71500,76000,70400,75000,Naver
2025-10-17,005940,19170,20700,18890,19850,Naver
2025-10-17,006260,168000,191400,166700,187800,Naver
2025-10-17,006400,203500,259500,201500,255500,Naver
2025-10-17,006800,21307,22651,20311,21456,Naver
2025-10-17,007660,72900,88000,71400,84900,Naver
2025-10-17,009150,202000,208000,195400,207000,Naver
2025-10-17,009540,416000,436000,403500,420500,Naver
2025-10-17,010120,58500,62400,58100,60400,Naver
2025-10-17,010130,1091000,1580000,1019000,1223000,Naver
2025-10-17,010140,21950,22750,20850,22550,Naver
2025-10-17,010950,64500,68300,64200,65300,Naver
2025-10-17,011070,189000,213000,182600,209500,Naver
2025-10-17,011200,19550,21350,19470,20800,Naver
2025-10-17,012330,299000,312500,285500,308000,Naver
2025-10-17,012450,1040000,1045000,912000,912000,Naver
2025-10-17,015760,35500,43300,35100,42700,Naver
2025-10-17,016360,72400,76900,70700,74400,Naver
2025-10-17,017670,54400,54800,53600,54500,Naver
2025-10-17,018260,167400,170500,163200,165500,Naver
2025-10-17,024110,19000,19410,18660,19090,Naver
2025-10-17,028050,27650,28500,27000,27850,Naver
2025-10-17,028260,198500,218500,193300,210500,Naver
2025-10-17,030200,49900,50300,48600,49950,Naver
2025-10-17,032830,160100,170400,153800,156700,Naver
2025-10-17,033780,136300,140700,132400,139400,Naver
2025-10-17,034020,74900,84700,73400,80200,Naver
2025-10-17,034220,15190,15450,13860,14370,Naver
2025-10-17,034730,220000,235000,213500,220500,Naver
2025-10-17,035420,258000,270500,254000,255500,Naver
2025-10-17,035720,60700,61300,57900,58000,Naver
2025-10-17,036930,31300,33150,30500,31000,Naver
2025-10-17,039490,246500,261500,237500,248000,Naver
2025-10-17,042660,108000,113700,99600,107200,Naver
2025-10-17,042700,115500,148700,114000,142300,Naver
2025-10-17,047040,3650,3820,3555,3630,Naver
2025-10-17,047050,49450,54200,48250,52900,Naver
2025-10-17,047810,105500,106500,95100,95600,Naver
2025-10-17,051910,278000,350000,271500,339000,Naver
2025-10-17,055550,72100,73700,68100,73100,Naver
2025-10-17,064350,217500,220000,200500,201500,Naver
2025-10-17,064400,64700,65000,61600,62300,Naver
2025-10-17,066570,77800,84700,77000,84200,Naver
2025-10-17,068270,163372,168233,160608,166804,Naver
2025-10-17,069500,49605,53263,49222,52550,Naver
2025-10-17,071050,140500,161000,138100,154100,Naver
2025-10-17,079550,475500,476250,430500,433500,Naver
2025-10-17,086280,162900,172600,157000,164800,Naver
2025-10-17,086520,45900,73900,45550,73300,Naver
2025-10-17,086790,86200,87700,84000,86100,Naver
2025-10-17,096770,101800,119000,100300,116600,Naver
2025-10-17,102110,49732,53229,49160,52483,Naver
2025-10-17,105560,112800,115900,109200,114000,Naver
2025-10-17,122630,32875,37590,32115,36560,Naver
2025-10-17,133690,155325,157236,153790,153974,Naver
2025-10-17,138040,110600,116200,109200,111800,Naver
2025-10-17,161390,38900,42800,38250,42350,Naver
2025-10-17,180640,98300,100500,94600,98400,Naver
2025-10-17,196170,453000,465500,426000,433000,Naver
2025-10-17,207940,1492348,1668958,1476159,1643938,Naver
2025-10-17,247540,111200,167400,109500,161000,Naver
2025-10-17,259960,300000,303500,284500,285000,Naver
2025-10-17,267250,158400,167500,149100,163000,Naver
2025-10-17,267260,649000,685000,636000,667000,Naver
2025-10-17,272210,56800,57900,51000,51300,Naver
2025-10-17,277810,318000,359500,316500,331500,Naver
2025-10-17,278470,252500,263500,234500,239500,Naver
2025-10-17,278530,17835,19135,17680,18880,Naver
2025-10-17,298040,1480000,1683000,1428000,1580000,Naver
2025-10-17,307950,148900,160600,147600,154000,Naver
2025-10-17,316140,25300,25850,24650,25350,Naver
2025-10-17,323410,22800,23250,22375,22450,Naver
2025-10-17,329180,514000,528000,489500,509000,Naver
2025-10-17,352820,270000,286000,269000,269500,Naver
2025-10-17,360750,23405,23594,23137,23157,Naver
2025-10-17,373220,363500,443000,352500,434000,Naver
2025-10-17,379800,21395,21553,21133,21157,Naver
2025-10-17,379810,23301,23560,23043,23073,Naver
2025-10-17,396500,15797,17570,15707,17320,Naver
2025-10-17,402340,238000,267000,229500,257500,Naver
2025-10-17,443060,223000,247500,220000,228000,Naver
2025-10-17,454910,68300,77300,67300,71800,Naver
2025-10-17,488770,102505,102555,102505,102555,Naver
2025-10-17,950160,44000,47000,42600,43850,Naver
2025-10-24,000150,725000,810000,682000,801000,Naver
2025-10-24,000270,117000,119800,111200,114900,Naver
2025-10-24,000660,477500,513000,465500,510000,Naver
2025-10-24,000720,56400,68000,55700,66600,Naver
2025-10-24,000810,437000,463000,436500,455500,Naver
2025-10-24,000880,83600,97500,83300,94800,Naver
2025-10-24,001440,17660,19470,17210,18650,Naver
2025-10-24,003230,1331000,1395000,1266000,1282000,Naver
2025-10-24,003490,22100,22950,21900,22400,Naver
2025-10-24,003550,74100,82100,73100,80200,Naver
2025-10-24,003670,191100,243000,186500,242000,Naver
2025-10-24,005380,251500,267000,241500,252500,Naver
2025-10-24,005387,182100,193600,178600,190800,Naver
2025-10-24,005490,295000,327500,288000,325500,Naver
2025-10-24,005830,129600,134800,127500,132200,Naver
2025-10-24,005930,97900,99900,95500,98800,Naver
2025-10-24,005935,74900,79400,73600,77900,Naver
2025-10-24,005940,20000,21600,19700,20550,Naver
2025-10-24,006260,190700,213000,189700,211500,Naver
2025-10-24,006400,258000,296500,248000,293000,Naver
2025-10-24,006800,21855,25365,21307,24195,Naver
2025-10-24,007660,85200,94600,80000,93600,Naver
2025-10-24,009150,208000,223500,204500,222000,Naver
2025-10-24,009540,418500,463000,416000,447000,Naver
2025-10-24,010120,61400,74400,60600,73700,Naver
2025-10-24,010130,1236000,1275000,1147000,1166000,Naver
2025-10-24,010140,22550,25450,22200,24800,Naver
2025-10-24,010950,65200,77300,65000,74900,Naver
2025-10-24,011070,211500,230500,207000,217000,Naver
2025-10-24,011200,20900,21150,20200,20550,Naver
2025-10-24,012330,310000,317500,303000,307000,Naver
2025-10-24,012450,929000,1063000,926000,1013000,Naver
2025-10-24,015760,43900,45200,41200,43300,Naver
2025-10-24,016360,74400,80500,73400,77500,Naver
2025-10-24,017670,54400,54800,53600,53800,Naver
2025-10-24,018260,167100,172500,163500,168000,Naver
2025-10-24,024110,19130,19750,19000,19410,Naver
2025-10-24,028050,27800,30650,27200,29300,Naver
2025-10-24,028260,210000,214500,200500,209000,Naver
2025-10-24,030200,50200,50800,49400,49650,Naver
2025-10-24,032830,157700,167000,155100,162600,Naver
2025-10-24,033780,139100,140300,135400,136400,Naver
2025-10-24,034020,82200,83800,75500,80900,Naver
2025-10-24,034220,14370,14990,13500,13770,Naver
2025-10-24,034730,220000,239000,216000,237500,Naver
2025-10-24,035420,255000,262500,242000,247000,Naver
2025-10-24,035720,58100,63000,56900,59200,Naver
2025-10-24,036930,31400,31950,29800,31000,Naver
2025-10-24,039490,252000,282000,248000,272000,Naver
2025-10-24,042660,109400,138300,108300,135200,Naver
2025-10-24,042700,146700,159200,144000,149700,Naver
2025-10-24,047040,3655,3830,3590,3820,Naver
2025-10-24,047050,52700,62900,51100,58100,Naver
2025-10-24,047810,96600,102500,96200,101600,Naver
2025-10-24,051910,337500,410000,333500,401000,Naver
2025-10-24,055550,74100,77300,72100,73400,Naver
2025-10-24,064350,205500,249500,203500,234500,Naver
2025-10-24,064400,62300,64700,61200,62400,Naver
2025-10-24,066570,85800,91900,85700,88000,Naver
2025-10-24,068270,167471,173095,163468,164802,Naver
2025-10-24,069500,53004,55170,52182,55062,Naver
2025-10-24,071050,156200,183200,155000,172000,Naver
2025-10-24,079550,440000,494000,434500,485000,Naver
2025-10-24,086280,168000,174000,162500,167900,Naver
2025-10-24,086520,74800,89100,70700,88300,Naver
2025-10-24,086790,86500,90700,85200,88000,Naver
2025-10-24,096770,115500,136200,113500,134800,Naver
2025-10-24,102110,52970,55125,52134,55015,Naver
2025-10-24,105560,115000,120600,113000,113800,Naver
2025-10-24,122630,37210,40270,36055,40100,Naver
2025-10-24,133690,156448,160516,156093,160432,Naver
2025-10-24,138040,113100,119200,111500,113700,Naver
2025-10-24,161390,42500,45550,41600,44200,Naver
2025-10-24,180640,98400,102500,96900,99900,Naver
2025-10-24,196170,438000,461000,435000,446000,Naver
2025-10-24,207940,1649825,1757262,1645410,1733714,Naver
2025-10-24,247540,158800,174400,153500,172600,Naver
2025-10-24,259960,282500,291000,278500,287000,Naver
2025-10-24,267250,165100,184600,164500,181600,Naver
2025-10-24,267260,674000,793000,669000,780000,Naver
2025-10-24,272210,52000,57200,51900,55000,Naver
2025-10-24,277810,336500,355000,330000,339000,Naver
2025-10-24,278470,239500,253000,228000,238500,Naver
2025-10-24,278530,19015,19825,18755,19780,Naver
2025-10-24,298040,1647000,1967000,1611000,1903000,Naver
2025-10-24,307950,156200,160800,152800,156700,Naver
2025-10-24,316140,25400,26600,25100,25500,Naver
2025-10-24,323410,22500,23800,22150,22900,Naver
2025-10-24,329180,508000,601000,504000,594000,Naver
2025-10-24,352820,270500,290000,266500,288000,Naver
2025-10-24,360750,23425,24047,23415,24027,Naver
2025-10-24,373220,433000,496000,421000,492000,Naver
2025-10-24,379800,21419,21979,21400,21959,Naver
2025-10-24,379810,23426,24042,23391,24032,Naver
2025-10-24,396500,17485,18100,17026,18020,Naver
2025-10-24,402340,261500,274000,242500,271000,Naver
2025-10-24,443060,228000,248500,223000,241000,Naver
2025-10-24,454910,72500,75500,70300,73100,Naver
2025-10-24,488770,102560,102609,102560,102609,Naver
2025-10-24,950160,43900,45450,42600,43750,Naver
2025-10-31,000150,833000,991000,820000,949000,Naver
2025-10-31,000270,115400,126200,112800,119900,Naver
2025-10-31,000660,533000,579000,509000,559000,Naver
2025-10-31,000720,73500,76400,67200,70300,Naver
2025-10-31,000810,450500,457500,441500,441500,Naver
2025-10-31,000880,97700,108900,94900,95600,Naver
2025-10-31,001440,18880,25400,18750,24200,Naver
2025-10-31,003230,1263000,1389000,1230000,1348000,Naver
2025-10-31,003490,22400,23050,22050,22150,Naver
2025-10-31,003550,80700,85000,79900,80300,Naver
2025-10-31,003670,258000,260000,214000,216500,Naver
2025-10-31,005380,253500,294000,249000,290000,Naver
2025-10-31,005387,191900,224500,188200,220000,Naver
2025-10-31,005490,329000,331500,310000,310500,Naver
2025-10-31,005830,131900,134400,125800,126800,Naver
2025-10-31,005930,101300,108600,99100,107500,Naver
2025-10-31,005935,79400,84900,77400,84400,Naver
2025-10-31,005940,20850,21300,19700,20350,Naver
2025-10-31,006260,214500,224500,206000,209000,Naver
2025-10-31,006400,304000,349500,273000,322000,Naver
2025-10-31,006800,25190,27231,24742,26186,Naver
2025-10-31,007660,96000,118500,93500,113900,Naver
2025-10-31,009150,223500,248000,220500,245000,Naver
2025-10-31,009540,457500,484000,445500,474000,Naver
2025-10-31,010120,76200,90800,74000,87000,Naver
2025-10-31,010130,1146000,1174000,1033000,1033000,Naver
2025-10-31,010140,25900,32500,25750,29550,Naver
2025-10-31,010950,74200,74400,70900,71800,Naver
2025-10-31,011070,218000,248500,216500,241000,Naver
2025-10-31,011200,20550,21600,20450,20550,Naver
2025-10-31,012330,305000,322000,300500,316000,Naver
2025-10-31,012450,1010000,1042000,976000,979000,Naver
2025-10-31,015760,43000,45800,42400,42550,Naver
2025-10-31,016360,79000,80700,76800,77300,Naver
2025-10-31,017670,53800,54700,51400,52300,Naver
2025-10-31,018260,169900,189400,165800,183000,Naver
2025-10-31,024110,19460,19650,18950,19330,Naver
2025-10-31,028050,29450,29550,25750,25950,Naver
2025-10-31,028260,212500,233000,205000,226000,Naver
2025-10-31,030200,49600,50000,49000,49150,Naver
2025-10-31,032830,160600,163500,151200,154300,Naver
2025-10-31,033780,135500,136900,133400,134200,Naver
2025-10-31,034020,82400,97400,80900,88700,Naver
2025-10-31,034220,13780,14950,13770,14700,Naver
2025-10-31,034730,243500,256000,240500,248500,Naver
2025-10-31,035420,245000,273500,242000,267500,Naver
2025-10-31,035720,59500,69700,59200,65100,Naver
2025-10-31,036930,31500,32300,30250,30700,Naver
2025-10-31,039490,283500,322500,278500,297000,Naver
2025-10-31,042660,140400,151600,127200,137600,Naver
2025-10-31,042700,151900,151900,133300,143700,Naver
2025-10-31,047040,3865,4000,3680,3750,Naver
2025-10-31,047050,58500,62000,54800,55000,Naver
2025-10-31,047810,101300,106000,100600,103400,Naver
2025-10-31,051910,402500,423500,389000,397500,Naver
2025-10-31,055550,73200,76000,72500,73300,Naver
2025-10-31,064350,235000,244000,226500,230500,Naver
2025-10-31,064400,63100,67700,62400,66300,Naver
2025-10-31,066570,88200,90800,86300,87600,Naver
2025-10-31,068270,165088,174429,164039,167376,Naver
2025-10-31,069500,55959,58303,55445,58083,Naver
2025-10-31,071050,177100,187400,171600,182300,Naver
2025-10-31,079550,488000,534000,484500,519000,Naver
2025-10-31,086280,168000,194900,165300,188800,Naver
2025-10-31,086520,91300,98700,86500,88000,Naver
2025-10-31,086790,88000,90400,85000,85500,Naver
2025-10-31,096770,136300,138300,126900,128900,Naver
2025-10-31,102110,55925,58236,55398,57957,Naver
2025-10-31,105560,114800,119600,114000,116600,Naver
2025-10-31,122630,41440,44895,40640,44535,Naver
2025-10-31,133690,162602,166605,161834,164250,Naver
2025-10-31,138040,113200,115800,110200,110500,Naver
2025-10-31,161390,43900,47100,43700,46350,Naver
2025-10-31,180640,99100,117500,99100,104700,Naver
2025-10-31,196170,448000,491500,443000,488500,Naver
2025-10-31,207940,1745488,1861756,1744017,1797000,Naver
2025-10-31,247540,179900,180000,158000,160000,Naver
2025-10-31,259960,283000,286500,271000,276000,Naver
2025-10-31,267250,215000,237000,200000,205000,Naver
2025-10-31,267260,807000,918000,790000,870000,Naver
2025-10-31,272210,55000,65900,54300,59900,Naver
2025-10-31,277810,342000,453500,336500,436500,Naver
2025-10-31,278470,236000,262500,232500,255000,Naver
2025-10-31,278530,20110,20950,19930,20860,Naver
2025-10-31,298040,1935000,2179000,1880000,2135000,Naver
2025-10-31,307950,158600,209000,155000,203500,Naver
2025-10-31,316140,25600,26200,25300,25400,Naver
2025-10-31,323410,22950,23875,22750,23150,Naver
2025-10-31,329180,620000,640000,574000,600000,Naver
2025-10-31,352820,285500,345000,284500,341000,Naver
2025-10-31,360750,24276,24524,24186,24216,Naver
2025-10-31,373220,495000,527000,469500,473000,Naver
2025-10-31,379800,22182,22404,22098,22122,Naver
2025-10-31,379810,24346,24838,24247,24605,Naver
2025-10-31,396500,18360,18795,17770,18795,Naver
2025-10-31,402340,284500,297500,251500,260000,Naver
2025-10-31,443060,246000,257000,235000,240500,Naver
2025-10-31,454910,73400,81200,70200,78000,Naver
2025-10-31,488770,102609,102658,102609,102658,Naver
2025-10-31,950160,43750,47550,43000,44800,Naver
2025-11-07,000150,952000,1025000,869000,918000,Naver
2025-11-07,000270,120700,121100,108900,110100,Naver
2025-11-07,000660,557000,624000,532000,580000,Naver
2025-11-07,000720,69000,69200,60600,61900,Naver
2025-11-07,000810,438000,500000,437500,488000,Naver
2025-11-07,000880,96900,99500,85100,86900,Naver
2025-11-07,001440,25200,28650,23300,24750,Naver
2025-11-07,003230,1328000,1410000,1277000,1296000,Naver
2025-11-07,003490,22300,22300,21550,21700,Naver
2025-11-07,003550,80800,89000,77900,82100,Naver
2025-11-07,003670,223500,228500,201000,207000,Naver
2025-11-07,005380,297500,298000,259000,264000,Naver
2025-11-07,005387,224500,226500,192400,195800,Naver
2025-11-07,005490,312000,321000,295000,299000,Naver
2025-11-07,005830,125600,141000,124200,138800,Naver
2025-11-07,005930,106900,112400,96300,97900,Naver
2025-11-07,005935,83000,87500,73500,75300,Naver
2025-11-07,005940,20500,21200,19610,19930,Naver
2025-11-07,006260,215000,235000,199100,202000,Naver
2025-11-07,006400,328500,354500,300000,306000,Naver
2025-11-07,006800,26684,27680,22004,23000,Naver
2025-11-07,007660,113900,118200,98800,104000,Naver
2025-11-07,009150,242000,250500,215000,222500,Naver
2025-11-07,009540,476500,494500,398500,415500,Naver
2025-11-07,010120,89800,102000,84100,88000,Naver
2025-11-07,010130,1037000,1061000,982000,1024000,Naver
2025-11-07,010140,29900,30200,25450,26300,Naver
2025-11-07,010950,72700,79700,70700,74400,Naver
2025-11-07,011070,244000,257000,223000,253500,Naver
2025-11-07,011200,20450,20500,19430,19820,Naver
2025-11-07,012330,313000,314000,283000,290000,Naver
2025-11-07,012450,987000,1056000,902000,923000,Naver
2025-11-07,015760,43100,46800,41800,44100,Naver
2025-11-07,016360,77600,78700,71300,73500,Naver
2025-11-07,017670,52900,53700,51800,53400,Naver
2025-11-07,018260,189100,195000,166200,168800,Naver
2025-11-07,024110,19230,20350,19030,19700,Naver
2025-11-07,028050,26150,26750,25200,25550,Naver
2025-11-07,028260,225500,234000,208500,214000,Naver
2025-11-07,030200,49500,49550,48100,48250,Naver
2025-11-07,032830,154300,159400,147300,152000,Naver
2025-11-07,033780,133500,143300,132100,135800,Naver
2025-11-07,034020,89500,91900,75800,77900,Naver
2025-11-07,034220,14940,15130,13200,13410,Naver
2025-11-07,034730,249000,261000,230500,247500,Naver
2025-11-07,035420,283500,287500,256000,260000,Naver
2025-11-07,035720,66600,66900,60200,62800,Naver
2025-11-07,036930,30850,32550,28750,29250,Naver
2025-11-07,039490,297500,309500,271500,281500,Naver
2025-11-07,042660,141100,144000,117000,126800,Naver
2025-11-07,042700,141900,148900,124400,127200,Naver
2025-11-07,047040,3690,3690,3320,3360,Naver
2025-11-07,047050,55600,56900,50800,51600,Naver
2025-11-07,047810,103600,109400,95100,97000,Naver
2025-11-07,051910,399000,409000,373000,382000,Naver
2025-11-07,055550,72600,81000,72500,77400,Naver
2025-11-07,064350,231000,248000,194200,198700,Naver
2025-11-07,064400,67900,70700,54100,55400,Naver
2025-11-07,066570,88700,93300,83400,88300,Naver
2025-11-07,068270,167757,171569,163086,164802,Naver
2025-11-07,069500,58223,59946,54412,55886,Naver
2025-11-07,071050,182600,186900,161000,163000,Naver
2025-11-07,079550,517000,537000,395000,401500,Naver
2025-11-07,086280,186600,186600,158500,160000,Naver
2025-11-07,086520,91400,102400,87100,87200,Naver
2025-11-07,086790,85100,94700,84500,92000,Naver
2025-11-07,096770,130100,130400,114600,115900,Naver
2025-11-07,102110,58067,59892,54352,55803,Naver
2025-11-07,105560,115700,128800,115600,123700,Naver
2025-11-07,122630,44700,47415,38845,41060,Naver
2025-11-07,133690,164190,164914,161229,162652,Naver
2025-11-07,138040,111100,119100,108700,115200,Naver
2025-11-07,161390,46350,49700,44200,49350,Naver
2025-11-07,180640,103500,107100,99300,101600,Naver
2025-11-07,196170,492500,563000,486000,528000,Naver
2025-11-07,207940,1797000,1797000,1797000,1797000,Naver
2025-11-07,247540,163600,170900,148600,151100,Naver
2025-11-07,259960,279500,287500,257000,258000,Naver
2025-11-07,267250,211000,230000,199100,207500,Naver
2025-11-07,267260,892000,976000,802000,818000,Naver
2025-11-07,272210,61500,61700,50900,52500,Naver
2025-11-07,277810,437000,509000,391000,404500,Naver
2025-11-07,278470,260000,279500,231000,234000,Naver
2025-11-07,278530,20920,21545,19555,20075,Naver
2025-11-07,298040,2311000,2483000,2100000,2188000,Naver
2025-11-07,307950,230000,238000,184000,188800,Naver
2025-11-07,316140,25400,26950,25200,25700,Naver
2025-11-07,323410,23150,23350,21300,21550,Naver
2025-11-07,329180,616000,635000,496500,521000,Naver
2025-11-07,352820,350500,351000,299000,305500,Naver
2025-11-07,360750,24241,24345,24071,24291,Naver
2025-11-07,373220,480000,495000,452000,463500,Naver
2025-11-07,379800,22147,22246,21997,22196,Naver
2025-11-07,379810,24605,24704,24151,24365,Naver
2025-11-07,396500,18710,19745,17455,18050,Naver
2025-11-07,402340,259500,285500,241000,279000,Naver
2025-11-07,443060,241500,250000,214500,220000,Naver
2025-11-07,454910,81200,95500,74900,77100,Naver
2025-11-07,488770,102658,102703,102658,102703,Naver
2025-11-07,950160,44900,49750,43600,44250,Naver
2025-11-14,000150,924000,1082000,897000,906000,Naver
2025-11-14,000270,111500,119900,111400,117000,Naver
2025-11-14,000660,584000,646000,560000,560000,Naver
2025-11-14,000720,62100,65900,61600,62800,Naver
2025-11-14,000810,501000,528000,487500,494500,Naver
2025-11-14,000880,88700,97100,87600,88900,Naver
2025-11-14,001440,24850,27200,23450,24950,Naver
2025-11-14,003230,1311000,1409000,1250000,1320000,Naver
2025-11-14,003490,21850,22350,21750,21900,Naver
2025-11-14,003550,84200,88000,82800,82900,Naver
2025-11-14,003670,207000,223500,199900,209500,Naver
2025-11-14,005380,266500,279000,265000,272500,Naver
2025-11-14,005387,196900,208000,196600,203500,Naver
2025-11-14,005490,300000,328000,298250,314000,Naver
2025-11-14,005830,140000,148000,131300,132400,Naver
2025-11-14,005930,98600,106000,97200,97200,Naver
2025-11-14,005935,75500,80300,74500,74700,Naver
2025-11-14,005940,20450,22800,20400,21400,Naver
2025-11-14,006260,205000,224000,192900,193100,Naver
2025-11-14,006400,308000,336500,303000,315000,Naver
2025-11-14,006800,23647,24792,22602,23298,Naver
2025-11-14,007660,104500,123500,102500,111100,Naver
2025-11-14,009150,224500,233500,212000,213000,Naver
2025-11-14,009540,419000,450000,413500,432000,Naver
2025-11-14,010120,87400,102600,86700,90600,Naver
2025-11-14,010130,1037000,1200000,1005000,1135000,Naver
2025-11-14,010140,27050,27700,25750,26300,Naver
2025-11-14,010950,75700,89400,74800,85700,Naver
2025-11-14,011070,256500,259500,239000,242500,Naver
2025-11-14,011200,19820,20300,19400,19420,Naver
2025-11-14,012330,293500,303500,292500,298000,Naver
2025-11-14,012450,935000,989000,927000,955000,Naver
2025-11-14,015760,44150,50400,43700,47400,Naver
2025-11-14,016360,75400,84400,75300,80400,Naver
2025-11-14,017670,53800,54400,53600,53900,Naver
2025-11-14,018260,171100,177900,167100,167600,Naver
2025-11-14,024110,20200,21050,19980,20650,Naver
2025-11-14,028050,25850,26550,25350,26050,Naver
2025-11-14,028260,220500,231500,218000,219500,Naver
2025-11-14,030200,48500,50700,48200,50100,Naver
2025-11-14,032830,154900,169500,152200,153600,Naver
2025-11-14,033780,138000,143400,136300,142700,Naver
2025-11-14,034020,78700,83900,76900,78400,Naver
2025-11-14,034220,13550,14040,13140,13190,Naver
2025-11-14,034730,256000,285000,255500,258000,Naver
2025-11-14,035420,263500,270500,253000,253500,Naver
2025-11-14,035720,63400,66700,61000,61400,Naver
2025-11-14,036930,29500,31100,29100,29300,Naver
2025-11-14,039490,290000,312500,287000,288000,Naver
2025-11-14,042660,128100,134500,123800,129100,Naver
2025-11-14,042700,128000,134500,124000,125600,Naver
2025-11-14,047040,3390,3515,3380,3445,Naver
2025-11-14,047050,51900,55300,51100,52900,Naver
2025-11-14,047810,98300,106500,97500,103100,Naver
2025-11-14,051910,385500,428500,375500,407500,Naver
2025-11-14,055550,80000,83900,77500,79600,Naver
2025-11-14,064350,202500,211000,191000,196700,Naver
2025-11-14,064400,55600,59500,55200,56700,Naver
2025-11-14,066570,89000,96200,86700,90200,Naver
2025-11-14,068270,165850,193969,164611,186915,Naver
2025-11-14,069500,56450,59467,56295,56450,Naver
2025-11-14,071050,167500,182000,167200,169700,Naver
2025-11-14,079550,404500,429000,399000,408000,Naver
2025-11-14,086280,161200,170300,161100,166600,Naver
2025-11-14,086520,88400,99800,82900,89900,Naver
2025-11-14,086790,95500,101100,92600,94400,Naver
2025-11-14,096770,117300,127800,116100,122700,Naver
2025-11-14,102110,56416,59408,56237,56356,Naver
2025-11-14,105560,129000,140000,126100,129500,Naver
2025-11-14,122630,41920,46420,41655,41715,Naver
2025-11-14,133690,162612,167091,160171,161110,Naver
2025-11-14,138040,117500,124200,115300,121900,Naver
2025-11-14,161390,50500,61600,50200,59500,Naver
2025-11-14,180640,103200,104900,98700,99200,Naver
2025-11-14,196170,536000,569000,502000,554000,Naver
2025-11-14,207940,1797000,1797000,1797000,1797000,Naver
2025-11-14,247540,151400,162200,148600,150600,Naver
2025-11-14,259960,261500,277500,260500,270000,Naver
2025-11-14,267250,213500,229000,211500,215000,Naver
2025-11-14,267260,821000,893000,813000,824000,Naver
2025-11-14,272210,52500,54600,51800,53100,Naver
2025-11-14,277810,406000,422500,378000,378500,Naver
2025-11-14,278470,237500,239500,204000,219500,Naver
2025-11-14,278530,20290,21370,20225,20280,Naver
2025-11-14,298040,2188000,2416000,2117000,2125000,Naver
2025-11-14,307950,189200,195400,181000,181000,Naver
2025-11-14,316140,26250,27650,25900,26800,Naver
2025-11-14,323410,21700,22650,21400,22000,Naver
2025-11-14,329180,523000,600000,511000,586000,Naver
2025-11-14,352820,305500,313000,282000,297500,Naver
2025-11-14,360750,24355,25044,24196,24296,Naver
2025-11-14,373220,465500,491500,457500,463000,Naver
2025-11-14,379800,22256,22883,22107,22211,Naver
2025-11-14,379810,24365,25034,23996,24131,Naver
2025-11-14,396500,18220,19605,18025,18090,Naver
2025-11-14,402340,282500,327000,279000,291000,Naver
2025-11-14,443060,223500,233000,209000,214000,Naver
2025-11-14,454910,78400,82500,76000,77700,Naver
2025-11-14,488770,102707,102742,102707,102742,Naver
2025-11-14,950160,44900,54900,44900,53800,Naver
2025-11-21,000150,941000,1000000,834000,855000,Naver
2025-11-21,000270,118100,118900,111500,114000,Naver
2025-11-21,000660,588000,606000,514000,521000,Naver
2025-11-21,000720,62900,64400,58700,59300,Naver
2025-11-21,000810,490000,498500,463000,470000,Naver
2025-11-21,000880,90000,91500,79500,79800,Naver
2025-11-21,001440,25350,25750,22375,22500,Naver
2025-11-21,003230,1406000,1461000,1341000,1380000,Naver
2025-11-21,003490,21900,21950,21200,21400,Naver
2025-11-21,003550,84400,85000,78300,79300,Naver
2025-11-21,003670,212500,216000,191000,192500,Naver
2025-11-21,005380,275500,275500,254500,259500,Naver
2025-11-21,005387,206500,206500,194500,196800,Naver
2025-11-21,005490,317500,329500,308000,310500,Naver
2025-11-21,005830,131900,131900,118200,119300,Naver
2025-11-21,005930,99800,102900,94500,94800,Naver
2025-11-21,005935,76000,77500,71000,72300,Naver
2025-11-21,005940,21500,21600,20350,20550,Naver
2025-11-21,006260,198000,204500,180800,182200,Naver
2025-11-21,006400,321000,324500,287000,288500,Naver
2025-11-21,006800,23547,23597,20959,21058,Naver
2025-11-21,007660,117900,136700,116900,122100,Naver
2025-11-21,009150,216000,228000,201000,217500,Naver
2025-11-21,009540,435500,445500,406000,420000,Naver
2025-11-21,010120,93900,107800,87700,88200,Naver
2025-11-21,010130,1141000,1150000,1067000,1128000,Naver
2025-11-21,010140,26600,26650,24250,25350,Naver
2025-11-21,010950,87000,90600,85200,89700,Naver
2025-11-21,011070,247000,249000,228500,231000,Naver
2025-11-21,011200,19440,19490,18740,19150,Naver
2025-11-21,012330,298500,299000,288000,296000,Naver
2025-11-21,012450,965000,1003000,861000,869000,Naver
2025-11-21,015760,47750,52000,46350,48150,Naver
2025-11-21,016360,81400,81500,76500,77100,Naver
2025-11-21,017670,53900,54000,52700,53400,Naver
2025-11-21,018260,170300,170400,161000,169000,Naver
2025-11-21,024110,20650,20700,19920,20250,Naver
2025-11-21,028050,26100,26400,24900,25250,Naver
2025-11-21,028260,220500,226500,208500,216000,Naver
2025-11-21,030200,50200,50400,48900,49900,Naver
2025-11-21,032830,156800,159300,144000,146400,Naver
2025-11-21,033780,141500,146200,140700,145600,Naver
2025-11-21,034020,79200,79900,72500,73100,Naver
2025-11-21,034220,13350,13360,11900,12150,Naver
2025-11-21,034730,263500,273000,245000,249000,Naver
2025-11-21,035420,256500,265000,243000,262500,Naver
2025-11-21,035720,61700,62000,56600,58700,Naver
2025-11-21,036930,30100,30200,26600,26700,Naver
2025-11-21,039490,291500,293500,258500,262000,Naver
2025-11-21,042660,131200,133800,119000,119800,Naver
2025-11-21,042700,127300,134200,113400,120100,Naver
2025-11-21,047040,3455,3545,3375,3455,Naver
2025-11-21,047050,53400,53900,50900,52800,Naver
2025-11-21,047810,106000,116500,102000,106600,Naver
2025-11-21,051910,413000,419500,362750,367000,Naver
2025-11-21,055550,79000,79600,75100,77000,Naver
2025-11-21,064350,199000,200500,181100,182800,Naver
2025-11-21,064400,57600,58700,54700,57100,Naver
2025-11-21,066570,92000,92000,84900,86400,Naver
2025-11-21,068270,189775,189775,171569,178623,Naver
2025-11-21,069500,57339,57734,53868,54168,Naver
2025-11-21,071050,170100,170200,150000,153100,Naver
2025-11-21,079550,417000,433500,390500,402000,Naver
2025-11-21,086280,166900,167300,159600,160300,Naver
2025-11-21,086520,91200,92000,78500,78800,Naver
2025-11-21,086790,93500,94300,90200,91000,Naver
2025-11-21,096770,124000,124700,112500,113500,Naver
2025-11-21,102110,57344,57693,53818,54092,Naver
2025-11-21,105560,128000,129300,115800,120500,Naver
2025-11-21,122630,43180,43615,37815,38230,Naver
2025-11-21,133690,161779,163481,156271,157215,Naver
2025-11-21,138040,119100,119100,107300,109800,Naver
2025-11-21,161390,59000,59800,56500,57900,Naver
2025-11-21,180640,99000,102000,93100,98400,Naver
2025-11-21,196170,551000,569000,532000,541000,Naver
2025-11-21,207940,1797000,1797000,1797000,1797000,Naver
2025-11-21,247540,153400,157500,137600,138200,Naver
2025-11-21,259960,273500,273500,245500,253000,Naver
2025-11-21,267250,217000,229500,201000,203500,Naver
2025-11-21,267260,832000,853000,751000,751000,Naver
2025-11-21,272210,53500,54100,48100,48600,Naver
2025-11-21,277810,388500,403500,360000,365500,Naver
2025-11-21,278470,222000,249000,212000,238000,Naver
2025-11-21,278530,20690,20755,19360,19470,Naver
2025-11-21,298040,2161000,2195000,1877000,1910000,Naver
2025-11-21,307950,200500,200500,181100,186100,Naver
2025-11-21,316140,26600,26800,25600,25950,Naver
2025-11-21,323410,22050,22150,21100,21250,Naver
2025-11-21,329180,586000,626000,553000,555000,Naver
2025-11-21,352820,301500,309000,286000,292000,Naver
2025-11-21,360750,24296,24500,23842,23937,Naver
2025-11-21,373220,469000,469000,422500,425500,Naver
2025-11-21,379800,22167,22390,21784,21878,Naver
2025-11-21,379810,24176,24495,23453,23557,Naver
2025-11-21,396500,18560,18890,16760,16885,Naver
2025-11-21,402340,300000,313000,263500,266000,Naver
2025-11-21,443060,215500,216000,191600,204000,Naver
2025-11-21,454910,78700,78900,70300,71000,Naver
2025-11-21,488770,102742,102767,102742,102767,Naver
2025-11-21,950160,54900,65700,52500,65000,Naver
2025-11-28,000150,878000,912000,802000,876000,Naver
2025-11-28,000270,114900,115300,111000,114100,Naver
2025-11-28,000660,531000,556000,501000,530000,Naver
2025-11-28,000720,60600,68200,59200,67000,Naver
2025-11-28,000810,475000,494000,464000,481500,Naver
2025-11-28,000880,81200,82200,77700,79400,Naver
2025-11-28,001440,22850,23050,21550,22200,Naver
2025-11-28,003230,1394000,1460000,1310000,1445000,Naver
2025-11-28,003490,21700,22000,21000,21850,Naver
2025-11-28,003550,80400,80800,77700,78800,Naver
2025-11-28,003670,194400,211500,185800,206500,Naver
2025-11-28,005380,262000,265500,256500,261500,Naver
2025-11-28,005387,197800,200500,192300,194700,Naver
2025-11-28,005490,312500,318500,299500,309500,Naver
2025-11-28,005830,120400,128800,118100,124500,Naver
2025-11-28,005930,97800,105500,96200,100500,Naver
2025-11-28,005935,74100,78800,72600,75000,Naver
2025-11-28,005940,20950,21200,20300,20650,Naver
2025-11-28,006260,184000,186200,175100,178900,Naver
2025-11-28,006400,291500,308000,280500,299500,Naver
2025-11-28,006800,21456,22502,20610,21755,Naver
2025-11-28,007660,124700,149300,123400,144000,Naver
2025-11-28,009150,223500,259250,219000,251000,Naver
2025-11-28,009540,424000,444000,405000,410000,Naver
2025-11-28,010120,90400,95900,85600,92000,Naver
2025-11-28,010130,1139000,1383000,1078000,1342000,Naver
2025-11-28,010140,25600,25800,24400,24600,Naver
2025-11-28,010950,88500,89000,75900,76700,Naver
2025-11-28,011070,235000,248500,230500,237000,Naver
2025-11-28,011200,19250,19290,18660,19140,Naver
2025-11-28,012330,298500,315000,291500,309500,Naver
2025-11-28,012450,882000,902000,813000,852000,Naver
2025-11-28,015760,49100,54100,47250,52500,Naver
2025-11-28,016360,78600,80800,77100,78800,Naver
2025-11-28,017670,53600,54300,53100,53500,Naver
2025-11-28,018260,170900,172000,165500,168500,Naver
2025-11-28,024110,20400,20600,20000,20550,Naver
2025-11-28,028050,25600,26150,24950,25550,Naver
2025-11-28,028260,222000,240500,213000,225000,Naver
2025-11-28,030200,50200,50500,49500,50400,Naver
2025-11-28,032830,149600,154700,144500,152900,Naver
2025-11-28,033780,146000,146800,139800,145500,Naver
2025-11-28,034020,74200,79900,71700,76400,Naver
2025-11-28,034220,12290,12720,12040,12540,Naver
2025-11-28,034730,253000,277000,245000,265500,Naver
2025-11-28,035420,267500,269500,243500,244000,Naver
2025-11-28,035720,59300,61200,57600,58700,Naver
2025-11-28,036930,27200,27550,26350,27350,Naver
2025-11-28,039490,268000,278000,260000,273000,Naver
2025-11-28,042660,120800,121100,107100,107800,Naver
2025-11-28,042700,122400,129500,117100,123600,Naver
2025-11-28,047040,3505,3545,3395,3520,Naver
2025-11-28,047050,53500,55100,51100,53600,Naver
2025-11-28,047810,107500,114400,100200,108900,Naver
2025-11-28,051910,369000,402500,355000,374000,Naver
2025-11-28,055550,77700,79700,76300,78000,Naver
2025-11-28,064350,183000,184300,165400,175700,Naver
2025-11-28,064400,58000,58700,55900,58000,Naver
2025-11-28,066570,87500,87700,84000,85600,Naver
2025-11-28,068270,180434,180625,173571,176907,Naver
2025-11-28,069500,55142,57089,54068,55591,Naver
2025-11-28,071050,154600,164800,151000,160400,Naver
2025-11-28,079550,402500,405000,372000,383000,Naver
2025-11-28,086280,161000,167800,156100,164400,Naver
2025-11-28,086520,79700,86000,74100,84500,Naver
2025-11-28,086790,91300,94900,89500,93300,Naver
2025-11-28,096770,115700,118300,109900,115000,Naver
2025-11-28,102110,55040,57045,54017,55578,Naver
2025-11-28,105560,122900,125700,120300,124800,Naver
2025-11-28,122630,39315,42400,38075,40225,Naver
2025-11-28,133690,158928,164775,158433,164775,Naver
2025-11-28,138040,110000,111100,107500,108600,Naver
2025-11-28,161390,58700,62500,57100,61500,Naver
2025-11-28,180640,99600,108900,98300,102400,Naver
2025-11-28,196170,547000,549000,510000,533000,Naver
2025-11-28,207940,1797000,1841000,1586000,1607000,Naver
2025-11-28,247540,139900,154700,134200,149900,Naver
2025-11-28,259960,254000,263000,252000,257500,Naver
2025-11-28,267250,208000,209000,194000,196500,Naver
2025-11-28,267260,761000,825000,744000,775000,Naver
2025-11-28,272210,48500,49250,45200,46200,Naver
2025-11-28,277810,369500,441000,357000,435000,Naver
2025-11-28,278470,246000,267500,235000,255500,Naver
2025-11-28,278530,19870,20530,19430,20015,Naver
2025-11-28,298040,1934000,2051000,1870000,1901000,Naver
2025-11-28,307950,188200,203500,180700,202000,Naver
2025-11-28,316140,26200,26700,25650,26550,Naver
2025-11-28,323410,21500,22100,21000,21650,Naver
2025-11-28,329180,558000,571000,528000,535000,Naver
2025-11-28,352820,296500,304500,277000,299500,Naver
2025-11-28,360750,24171,24894,24091,24894,Naver
2025-11-28,373220,429500,444500,408000,408000,Naver
2025-11-28,379800,22102,22769,22017,22769,Naver
2025-11-28,379810,23837,24685,23737,24685,Naver
2025-11-28,396500,17170,18235,16870,17930,Naver
2025-11-28,402340,272500,306000,265500,298000,Naver
2025-11-28,443060,207500,213000,184500,186100,Naver
2025-11-28,454910,72100,78500,69100,77500,Naver
2025-11-28,488770,102767,102821,102767,102821,Naver
2025-11-28,950160,65900,88400,61200,85400,Naver
2025-12-05,000150,883000,939000,827000,928000,Naver
2025-12-05,000270,113900,123800,111000,123600,Naver
2025-12-05,000660,542000,559000,525000,544000,Naver
2025-12-05,000720,67500,75900,63400,75100,Naver
2025-12-05,000810,486000,522000,482500,522000,Naver
2025-12-05,000880,80400,82400,78100,82300,Naver
2025-12-05,001440,22450,23450,21350,23250,Naver
2025-12-05,003230,1435000,1440000,1280000,1297000,Naver
2025-12-05,003490,21850,22500,21800,22250,Naver
2025-12-05,003550,79900,86200,78500,85600,Naver
2025-12-05,003670,209500,214000,201000,206000,Naver
2025-12-05,005380,261000,316500,253500,315000,Naver
2025-12-05,005387,194700,216500,190000,216000,Naver
2025-12-05,005490,311000,314500,304000,311000,Naver
2025-12-05,005830,126500,128800,123100,125200,Naver
2025-12-05,005930,102000,108400,99900,108400,Naver
2025-12-05,005935,77100,80100,75100,80100,Naver
2025-12-05,005940,20750,21550,20500,21400,Naver
2025-12-05,006260,181000,189600,172100,188500,Naver
2025-12-05,006400,301500,310500,296000,307500,Naver
2025-12-05,006800,21954,22801,21357,21755,Naver
2025-12-05,007660,145000,145000,131900,135200,Naver
2025-12-05,009150,255000,266000,243500,263000,Naver
2025-12-05,009540,410000,432000,396000,432000,Naver
2025-12-05,010120,94000,103200,87500,103000,Naver
2025-12-05,010130,1355000,1383000,1281000,1359000,Naver
2025-12-05,010140,24750,25450,24100,25450,Naver
2025-12-05,010950,77200,81600,76500,80500,Naver
2025-12-05,011070,238000,287000,231000,284500,Naver
2025-12-05,011200,19470,20650,19460,20550,Naver
2025-12-05,012330,307500,364000,302000,362500,Naver
2025-12-05,012450,842000,895000,791000,895000,Naver
2025-12-05,015760,53200,53800,49600,52200,Naver
2025-12-05,016360,79600,83200,78700,81800,Naver
2025-12-05,017670,53700,54400,53100,54400,Naver
2025-12-05,018260,169600,181100,168500,176000,Naver
2025-12-05,024110,20600,21250,20400,21050,Naver
2025-12-05,028050,25650,26050,25150,25950,Naver
2025-12-05,028260,226500,252500,222000,244000,Naver
2025-12-05,030200,50300,53400,50300,53100,Naver
2025-12-05,032830,153500,159500,150600,158200,Naver
2025-12-05,033780,145600,145900,141600,143000,Naver
2025-12-05,034020,77400,81200,74200,80400,Naver
2025-12-05,034220,12580,13700,12280,13270,Naver
2025-12-05,034730,263500,271500,251000,264000,Naver
2025-12-05,035420,246500,250000,241500,249500,Naver
2025-12-05,035720,58900,61500,58800,61500,Naver
2025-12-05,036930,28100,30850,28000,29250,Naver
2025-12-05,039490,276000,291500,265000,287500,Naver
2025-12-05,042660,108700,110600,104300,108500,Naver
2025-12-05,042700,124600,126700,115500,119100,Naver
2025-12-05,047040,3540,3840,3455,3840,Naver
2025-12-05,047050,54400,56000,53000,54900,Naver
2025-12-05,047810,108500,109900,103400,106200,Naver
2025-12-05,051910,378000,383500,367000,381500,Naver
2025-12-05,055550,78800,82300,78000,80200,Naver
2025-12-05,064350,174400,182800,165300,182000,Naver
2025-12-05,064400,58100,68400,56800,67200,Naver
2025-12-05,066570,85800,102500,85100,99700,Naver
2025-12-05,068270,178146,180482,172523,174715,Naver
2025-12-05,069500,56150,58178,55017,58178,Naver
2025-12-05,071050,161500,169300,158000,164000,Naver
2025-12-05,079550,379500,380000,360000,372500,Naver
2025-12-05,086280,164800,181300,161100,179300,Naver
2025-12-05,086520,86800,99000,86300,96900,Naver
2025-12-05,086790,94500,98000,93100,95200,Naver
2025-12-05,096770,116000,117600,111800,114600,Naver
2025-12-05,102110,56112,58127,54965,58117,Naver
2025-12-05,105560,126400,134300,124500,130700,Naver
2025-12-05,122630,40920,43960,39310,43960,Naver
2025-12-05,133690,165184,167571,163781,167071,Naver
2025-12-05,138040,109100,111700,107700,111000,Naver
2025-12-05,161390,61100,63200,59500,62800,Naver
2025-12-05,180640,103400,109100,100200,108500,Naver
2025-12-05,196170,537000,552000,433000,456500,Naver
2025-12-05,207940,1629000,1694000,1623000,1641000,Naver
2025-12-05,247540,154100,164000,153800,159700,Naver
2025-12-05,259960,259500,260000,241000,247500,Naver
2025-12-05,267250,199100,209500,184000,208500,Naver
2025-12-05,267260,787000,836000,736000,832000,Naver
2025-12-05,272210,46200,47250,44750,47200,Naver
2025-12-05,277810,448000,490000,420500,438500,Naver
2025-12-05,278470,258000,258500,238500,254500,Naver
2025-12-05,278530,20190,20905,19775,20905,Naver
2025-12-05,298040,1909000,2025000,1778000,2012000,Naver
2025-12-05,307950,202500,293000,196300,283500,Naver
2025-12-05,316140,26800,29250,26600,28500,Naver
2025-12-05,323410,21700,22350,21500,22000,Naver
2025-12-05,329180,536000,537000,505000,534000,Naver
2025-12-05,352820,300000,301000,289000,290000,Naver
2025-12-05,360750,24894,25079,24729,25014,Naver
2025-12-05,373220,411500,427000,405500,426000,Naver
2025-12-05,379800,22734,22923,22599,22848,Naver
2025-12-05,379810,24714,25103,24535,25029,Naver
2025-12-05,396500,18190,18580,17855,18315,Naver
2025-12-05,402340,305500,317500,293000,302000,Naver
2025-12-05,443060,187100,194900,179600,194900,Naver
2025-12-05,454910,78600,86900,74000,80800,Naver
2025-12-05,488770,102826,102870,102826,102870,Naver
2025-12-05,950160,85400,88700,76400,80000,Naver
2025-12-12,000150,921000,921000,848000,872000,Naver
2025-12-12,000270,125300,127250,122000,125800,Naver
2025-12-12,000660,543000,593000,533000,571000,Naver
2025-12-12,000720,75100,78500,71000,78000,Naver
2025-12-12,000810,522000,630000,483500,489500,Naver
2025-12-12,000880,83300,86200,81600,84800,Naver
2025-12-12,001440,23250,24000,22200,24000,Naver
2025-12-12,003230,1303000,1317000,1263000,1273000,Naver
2025-12-12,003490,22350,22750,22050,22600,Naver
2025-12-12,003550,85100,85100,81600,84000,Naver
2025-12-12,003670,208500,230000,207000,221500,Naver
2025-12-12,005380,321000,321000,295500,301500,Naver
2025-12-12,005387,220000,221000,203000,210500,Naver
2025-12-12,005490,312000,323000,308000,319500,Naver
2025-12-12,005830,125100,126200,118400,122800,Naver
2025-12-12,005930,109700,110500,106800,108900,Naver
2025-12-12,005935,81000,82800,79650,82700,Naver
2025-12-12,005940,21600,21600,20350,21300,Naver
2025-12-12,006260,189300,196300,182700,195000,Naver
2025-12-12,006400,308500,329000,305000,308000,Naver
2025-12-12,006800,21855,22353,21257,22104,Naver
2025-12-12,007660,135600,156600,132100,135100,Naver
2025-12-12,009150,265000,282500,257500,272000,Naver
2025-12-12,009540,428000,452500,420500,449500,Naver
2025-12-12,010120,101600,106000,97700,101200,Naver
2025-12-12,010130,1382000,1558000,1372000,1518000,Naver
2025-12-12,010140,26150,27350,25300,26300,Naver
2025-12-12,010950,81100,83000,78000,81600,Naver
2025-12-12,011070,288000,299500,281000,294500,Naver
2025-12-12,011200,20600,20950,20050,20750,Naver
2025-12-12,012330,370000,383000,351500,377500,Naver
2025-12-12,012450,907000,963000,899000,961000,Naver
2025-12-12,015760,51800,51800,48800,49750,Naver
2025-12-12,016360,81800,82300,78100,80100,Naver
2025-12-12,017670,54300,54400,53400,54000,Naver
2025-12-12,018260,176700,177900,171600,175700,Naver
2025-12-12,024110,21100,21150,20650,21150,Naver
2025-12-12,028050,26000,26150,24200,25400,Naver
2025-12-12,028260,245000,258500,243000,255000,Naver
2025-12-12,030200,52800,53100,51300,52600,Naver
2025-12-12,032830,158200,158900,152900,155500,Naver
2025-12-12,033780,143000,143400,139000,141600,Naver
2025-12-12,034020,78100,80400,75300,79700,Naver
2025-12-12,034220,13270,13280,12430,12520,Naver
2025-12-12,034730,265500,274500,261500,267500,Naver
2025-12-12,035420,250500,250500,241000,244500,Naver
2025-12-12,035720,61700,62700,58500,59800,Naver
2025-12-12,036930,29350,29400,28000,28150,Naver
2025-12-12,039490,287500,292000,277500,286500,Naver
2025-12-12,042660,113700,115900,110500,114100,Naver
2025-12-12,042700,119100,127900,116700,120200,Naver
2025-12-12,047040,3825,3910,3600,3890,Naver
2025-12-12,047050,55200,55900,53100,53900,Naver
2025-12-12,047810,106900,120900,105500,115100,Naver
2025-12-12,051910,384000,388500,365500,371500,Naver
2025-12-12,055550,80000,80000,76800,77700,Naver
2025-12-12,064350,187900,197100,179200,186400,Naver
2025-12-12,064400,67200,68500,63300,68500,Naver
2025-12-12,066570,99700,99800,94000,96400,Naver
2025-12-12,068270,176240,183103,175287,178051,Naver
2025-12-12,069500,58393,59247,57854,58933,Naver
2025-12-12,071050,164000,167800,157000,167400,Naver
2025-12-12,079550,377500,398500,372000,383000,Naver
2025-12-12,086280,183300,184000,176100,182300,Naver
2025-12-12,086520,99700,121600,99000,111400,Naver
2025-12-12,086790,95200,95200,91100,92700,Naver
2025-12-12,096770,114800,119600,112000,113900,Naver
2025-12-12,102110,58371,59204,57793,58890,Naver
2025-12-12,105560,130500,131400,124000,126100,Naver
2025-12-12,122630,44470,45555,43455,45065,Naver
2025-12-12,133690,167616,167701,165374,167586,Naver
2025-12-12,138040,110600,111700,108500,111000,Naver
2025-12-12,161390,62400,62400,58600,61500,Naver
2025-12-12,180640,107500,134000,105500,133600,Naver
2025-12-12,196170,473000,473500,426000,433000,Naver
2025-12-12,207940,1650000,1698000,1623000,1692000,Naver
2025-12-12,247540,160900,189000,160100,176000,Naver
2025-12-12,259960,245500,249500,241500,249000,Naver
2025-12-12,267250,206000,214500,202000,209500,Naver
2025-12-12,267260,830000,882000,822000,866000,Naver
2025-12-12,272210,47800,54600,46850,53100,Naver
2025-12-12,277810,441500,486500,430500,479000,Naver
2025-12-12,278470,258500,275500,247000,247500,Naver
2025-12-12,278530,20985,21320,20790,21185,Naver
2025-12-12,298040,1993000,2080000,1919000,1962000,Naver
2025-12-12,307950,298000,307000,282000,294000,Naver
2025-12-12,316140,28650,28650,27350,27650,Naver
2025-12-12,323410,22000,22100,21400,21900,Naver
2025-12-12,329180,528000,585000,514000,573000,Naver
2025-12-12,352820,289000,310000,285000,299500,Naver
2025-12-12,360750,25054,25213,24844,25213,Naver
2025-12-12,373220,435500,455000,425000,445500,Naver
2025-12-12,379800,22903,23042,22709,23042,Naver
2025-12-12,379810,25113,25128,24769,25103,Naver
2025-12-12,396500,18425,18995,18190,18625,Naver
2025-12-12,402340,301500,333000,299000,308000,Naver
2025-12-12,443060,195000,204000,193600,203000,Naver
2025-12-12,454910,82600,85300,79400,84000,Naver
2025-12-12,488770,102875,102930,102875,102930,Naver
2025-12-12,950160,80200,84800,75700,81200,Naver
2025-12-19,000150,840000,854000,734000,760000,Naver
2025-12-19,000270,124900,125400,118200,121000,Naver
2025-12-19,000660,535000,570000,525000,547000,Naver
2025-12-19,000720,70700,74500,68000,69400,Naver
2025-12-19,000810,491500,498000,482000,488000,Naver
2025-12-19,000880,83200,83200,77800,80400,Naver
2025-12-19,001440,23550,24650,22050,22650,Naver
2025-12-19,003230,1282000,1307000,1177000,1252000,Naver
2025-12-19,003490,22400,22800,21750,22600,Naver
2025-12-19,003550,82600,86500,80600,81700,Naver
2025-12-19,003670,218500,235000,183100,191100,Naver
2025-12-19,005380,296500,301500,278500,288500,Naver
2025-12-19,005387,207500,213000,201000,208000,Naver
2025-12-19,005490,315500,322000,295000,302500,Naver
2025-12-19,005830,121900,126000,120500,123700,Naver
2025-12-19,005930,105300,109700,102700,106300,Naver
2025-12-19,005935,80600,84500,79500,83300,Naver
2025-12-19,005940,21050,21550,20450,21000,Naver
2025-12-19,006260,190900,203500,179000,185700,Naver
2025-12-19,006400,301500,309500,267500,279500,Naver
2025-12-19,006800,21556,24145,19764,22602,Naver
2025-12-19,007660,129500,135100,118800,121400,Naver
2025-12-19,009150,261000,265500,249000,253000,Naver
2025-12-19,009540,444000,444500,405500,421000,Naver
2025-12-19,010120,97200,100800,90500,94200,Naver
2025-12-19,010130,1910000,1914000,1285000,1310000,Naver
2025-12-19,010140,25900,26050,23700,25400,Naver
2025-12-19,010950,83900,89900,79700,81500,Naver
2025-12-19,011070,286500,291500,270000,281000,Naver
2025-12-19,011200,20500,21100,20200,20550,Naver
2025-12-19,012330,368000,374000,347000,366500,Naver
2025-12-19,012450,943000,943000,838000,884000,Naver
2025-12-19,015760,48850,52400,48200,49300,Naver
2025-12-19,016360,79300,79700,77400,78900,Naver
2025-12-19,017670,53900,54000,52700,53500,Naver
2025-12-19,018260,173000,175200,167500,171800,Naver
2025-12-19,024110,21050,21200,20650,20950,Naver
2025-12-19,028050,25250,25400,24600,24950,Naver
2025-12-19,028260,251000,252000,238000,249000,Naver
2025-12-19,030200,52500,54500,52100,53800,Naver
2025-12-19,032830,154200,155900,150500,155000,Naver
2025-12-19,033780,141600,150500,140700,146700,Naver
2025-12-19,034020,76800,79000,72600,77400,Naver
2025-12-19,034220,12390,12430,11730,11970,Naver
2025-12-19,034730,259500,266000,247500,250000,Naver
2025-12-19,035420,241500,244000,226500,235500,Naver
2025-12-19,035720,59000,60900,55500,58200,Naver
2025-12-19,036930,27500,27900,26650,26900,Naver
2025-12-19,039490,284000,296500,269500,296500,Naver
2025-12-19,042660,112700,114400,103500,109500,Naver
2025-12-19,042700,116500,120900,114700,116400,Naver
2025-12-19,047040,3800,3845,3575,3760,Naver
2025-12-19,047050,53400,55000,49700,50300,Naver
2025-12-19,047810,116300,117900,104300,108800,Naver
2025-12-19,051910,362000,377000,324500,338500,Naver
2025-12-19,055550,77700,78200,75200,77300,Naver
2025-12-19,064350,184600,185400,174600,179300,Naver
2025-12-19,064400,67000,67200,62800,64500,Naver
2025-12-19,066570,94700,97100,91500,94300,Naver
2025-12-19,068270,176812,180053,172523,175859,Naver
2025-12-19,069500,57504,58063,56270,57060,Naver
2025-12-19,071050,164200,167500,154200,162700,Naver
2025-12-19,079550,382500,418000,373000,416000,Naver
2025-12-19,086280,181500,187400,174000,178000,Naver
2025-12-19,086520,108600,112400,92100,96800,Naver
2025-12-19,086790,92300,93500,91000,92400,Naver
2025-12-19,096770,112900,114400,102500,105800,Naver
2025-12-19,102110,57523,58027,56227,57020,Naver
2025-12-19,105560,126400,126600,122700,125200,Naver
2025-12-19,122630,42830,43720,41000,42100,Naver
2025-12-19,133690,165888,166273,161434,163891,Naver
2025-12-19,138040,110300,111600,107500,109600,Naver
2025-12-19,161390,60700,61800,58900,61200,Naver
2025-12-19,180640,140000,140000,110500,114000,Naver
2025-12-19,196170,441000,455500,413500,448000,Naver
2025-12-19,207940,1680000,1830000,1671000,1733000,Naver
2025-12-19,247540,172400,179700,147700,155000,Naver
2025-12-19,259960,246500,250000,240000,247000,Naver
2025-12-19,267250,205500,208500,189400,198800,Naver
2025-12-19,267260,839000,851000,788000,807000,Naver
2025-12-19,272210,52800,58400,48650,54300,Naver
2025-12-19,277810,468500,485000,431000,450500,Naver
2025-12-19,278470,245500,271500,241000,243000,Naver
2025-12-19,278530,20680,20900,20220,20505,Naver
2025-12-19,298040,1900000,1969000,1801000,1850000,Naver
2025-12-19,307950,282500,319000,256000,305000,Naver
2025-12-19,316140,27600,28150,27150,27750,Naver
2025-12-19,323410,21800,21850,20950,21750,Naver
2025-12-19,329180,555000,561000,500000,521000,Naver
2025-12-19,352820,297500,322500,293500,313500,Naver
2025-12-19,360750,25203,25203,24580,24799,Naver
2025-12-19,373220,439000,449000,365500,379000,Naver
2025-12-19,379800,22843,22898,22460,22654,Naver
2025-12-19,379810,24680,24769,24186,24550,Naver
2025-12-19,396500,17925,18355,17490,17900,Naver
2025-12-19,402340,287500,300000,273500,290500,Naver
2025-12-19,443060,201000,201500,183300,194600,Naver
2025-12-19,454910,82200,87400,76500,79400,Naver
2025-12-19,488770,102945,102995,102940,102995,Naver
2025-12-19,950160,81000,82500,70000,74700,Naver
2025-12-26,000150,785000,866000,772000,787000,Naver
2025-12-26,000270,121700,122500,119100,119800,Naver
2025-12-26,000660,574000,605000,567000,599000,Naver
2025-12-26,000720,70500,71800,67900,68700,Naver
2025-12-26,000810,493500,504000,490500,491500,Naver
2025-12-26,000880,81900,87100,80700,80800,Naver
2025-12-26,001440,23100,24250,21850,21900,Naver
2025-12-26,003230,1255000,1298000,1218000,1233000,Naver
2025-12-26,003490,22800,23450,22550,22850,Naver
2025-12-26,003550,82400,83700,81500,81500,Naver
2025-12-26,003670,192500,204500,190300,196200,Naver
2025-12-26,005380,290500,300000,285000,286000,Naver
2025-12-26,005387,210000,213000,205000,206500,Naver
2025-12-26,005490,304500,319500,302000,308000,Naver
2025-12-26,005830,125100,130400,124200,128600,Naver
2025-12-26,005930,109700,117000,109300,117000,Naver
2025-12-26,005935,85300,88600,84600,88500,Naver
2025-12-26,005940,21100,21850,21050,21100,Naver
2025-12-26,006260,188700,198500,184500,189200,Naver
2025-12-26,006400,282000,285000,273000,274000,Naver
2025-12-26,006800,22850,24692,22552,22801,Naver
2025-12-26,007660,124900,128800,117500,120000,Naver
2025-12-26,009150,259500,264500,250000,259000,Naver
2025-12-26,009540,425000,436500,401500,403000,Naver
2025-12-26,010120,96500,98000,90200,91000,Naver
2025-12-26,010130,1333000,1424000,1279000,1288000,Naver
2025-12-26,010140,25700,25750,23850,23950,Naver
2025-12-26,010950,82700,85200,81000,82000,Naver
2025-12-26,011070,284500,285000,271000,272500,Naver
2025-12-26,011200,20700,20800,20200,20300,Naver
2025-12-26,012330,367000,376000,356000,358000,Naver
2025-12-26,012450,900000,906000,864000,870000,Naver
2025-12-26,015760,49650,49700,47700,48500,Naver
2025-12-26,016360,79900,80400,79000,79900,Naver
2025-12-26,017670,52600,53600,52400,53100,Naver
2025-12-26,018260,173100,173100,167400,170600,Naver
2025-12-26,024110,21050,21450,21000,21200,Naver
2025-12-26,028050,25200,25400,24200,24400,Naver
2025-12-26,028260,252000,252500,235500,240500,Naver
2025-12-26,030200,53600,54100,52900,53400,Naver
2025-12-26,032830,155800,169300,154700,162500,Naver
2025-12-26,033780,148000,148000,143600,144800,Naver
2025-12-26,034020,79400,80100,73500,73600,Naver
2025-12-26,034220,12040,12120,11690,11770,Naver
2025-12-26,034730,253000,253000,243500,245000,Naver
2025-12-26,035420,238500,239000,231000,231500,Naver
2025-12-26,035720,58800,60000,58000,58100,Naver
2025-12-26,036930,27450,28200,27250,27950,Naver
2025-12-26,039490,298000,305000,293000,298500,Naver
2025-12-26,042660,112700,130800,109100,116500,Naver
2025-12-26,042700,118500,135500,118300,132600,Naver
2025-12-26,047040,3785,3825,3690,3700,Naver
2025-12-26,047050,50700,52200,49950,50100,Naver
2025-12-26,047810,109500,119500,109000,110100,Naver
2025-12-26,051910,343000,351000,335000,336000,Naver
2025-12-26,055550,78800,78900,75900,76800,Naver
2025-12-26,064350,182500,191000,177500,179800,Naver
2025-12-26,064400,65000,65000,61900,62100,Naver
2025-12-26,066570,94800,94900,91500,91600,Naver
2025-12-26,068270,177098,177193,171569,171569,Naver
2025-12-26,069500,58278,59352,58028,59047,Naver
2025-12-26,071050,163100,164100,158000,158200,Naver
2025-12-26,079550,425000,427000,395500,398000,Naver
2025-12-26,086280,180900,182600,177300,178600,Naver
2025-12-26,086520,97700,100800,95300,97000,Naver
2025-12-26,086790,93300,95500,92600,93800,Naver
2025-12-26,096770,106200,107000,103200,103300,Naver
2025-12-26,102110,58266,59319,57992,59054,Naver
2025-12-26,105560,126400,127300,124300,124600,Naver
2025-12-26,122630,43805,45560,43570,45105,Naver
2025-12-26,133690,166337,167815,162692,163781,Naver
2025-12-26,138040,110500,111300,107800,108200,Naver
2025-12-26,161390,62400,62500,57500,58100,Naver
2025-12-26,180640,115200,139000,114800,119600,Naver
2025-12-26,196170,452500,452500,426500,439000,Naver
2025-12-26,207940,1785000,1785000,1676000,1692000,Naver
2025-12-26,247540,156800,161200,153500,156300,Naver
2025-12-26,259960,249000,257500,242000,242500,Naver
2025-12-26,267250,198900,199500,186200,188500,Naver
2025-12-26,267260,826000,833000,754000,764000,Naver
2025-12-26,272210,55300,62200,54000,54700,Naver
2025-12-26,277810,451500,531000,447000,473500,Naver
2025-12-26,278470,246500,247500,226000,230000,Naver
2025-12-26,278530,20950,21330,20860,21255,Naver
2025-12-26,298040,1889000,1916000,1731000,1757000,Naver
2025-12-26,307950,298000,321500,284000,290000,Naver
2025-12-26,316140,28100,28700,27950,28300,Naver
2025-12-26,323410,21850,22150,21500,21600,Naver
2025-12-26,329180,527000,545000,505000,512000,Naver
2025-12-26,352820,315500,326500,308500,314500,Naver
2025-12-26,360750,25059,25358,24570,24774,Naver
2025-12-26,373220,385000,398500,380000,383500,Naver
2025-12-26,379800,22898,23171,22447,22614,Naver
2025-12-26,379810,24919,25153,24380,24540,Naver
2025-12-26,396500,18455,19570,18435,19420,Naver
2025-12-26,402340,303000,348000,300500,334500,Naver
2025-12-26,443060,198000,201500,191400,191900,Naver
2025-12-26,454910,80700,86300,77000,77300,Naver
2025-12-26,488770,103015,103095,103015,103095,Naver
2025-12-26,950160,75700,77550,71600,75000,Naver
2026-01-02,000150,795000,818000,757000,763000,Naver
2026-01-02,000270,118600,122200,118300,120600,Naver
2026-01-02,000660,630000,679000,625000,677000,Naver
2026-01-02,000720,68100,71100,67900,69000,Naver
2026-01-02,000810,484000,499000,483000,497000,Naver
2026-01-02,000880,80400,82400,79900,81200,Naver
2026-01-02,001440,21900,24200,21900,23800,Naver
2026-01-02,003230,1221000,1286000,1217000,1276000,Naver
2026-01-02,003490,22650,23150,22100,22200,Naver
2026-01-02,003550,80300,81500,79000,81000,Naver
2026-01-02,003670,190600,198400,176600,176900,Naver
2026-01-02,005380,284500,302000,282500,298500,Naver
2026-01-02,005387,205500,217000,203000,213500,Naver
2026-01-02,005490,306000,315500,297000,297500,Naver
2026-01-02,005830,126400,131700,123600,127800,Naver
2026-01-02,005930,119400,128500,118200,128500,Naver
2026-01-02,005935,90000,94400,88500,94400,Naver
2026-01-02,005940,20900,21450,20750,21300,Naver
2026-01-02,006260,195000,210500,193200,208500,Naver
2026-01-02,006400,267000,278500,259000,262500,Naver
2026-01-02,006800,22552,24643,22452,24543,Naver
2026-01-02,007660,121100,125400,117300,121500,Naver
2026-01-02,009150,261000,273000,251000,270000,Naver
2026-01-02,009540,398500,410500,392000,393500,Naver
2026-01-02,010120,90100,99800,90000,98500,Naver
2026-01-02,010130,1276000,1390000,1270000,1287000,Naver
2026-01-02,010140,24050,24750,23700,24150,Naver
2026-01-02,010950,80500,83000,79500,80300,Naver
2026-01-02,011070,268500,275500,261000,267500,Naver
2026-01-02,011200,20250,20600,20000,20200,Naver
2026-01-02,012330,353000,385000,351000,369000,Naver
2026-01-02,012450,901000,981000,891000,946000,Naver
2026-01-02,015760,47900,49000,45700,46500,Naver
2026-01-02,016360,76700,76800,74100,75900,Naver
2026-01-02,017670,52900,53700,52700,53300,Naver
2026-01-02,018260,168800,176800,165900,175100,Naver
2026-01-02,024110,20900,21150,20550,20750,Naver
2026-01-02,028050,24050,24300,23150,23250,Naver
2026-01-02,028260,237500,246500,234000,245000,Naver
2026-01-02,030200,52500,53000,51300,51300,Naver
2026-01-02,032830,156900,158500,151300,156300,Naver
2026-01-02,033780,142000,144000,139500,140400,Naver
2026-01-02,034020,74400,77700,73800,75200,Naver
2026-01-02,034220,11700,12000,11600,11830,Naver
2026-01-02,034730,243000,259500,243000,259000,Naver
2026-01-02,035420,231500,249000,231500,247000,Naver
2026-01-02,035720,57600,62500,57600,62100,Naver
2026-01-02,036930,28000,30550,27550,30450,Naver
2026-01-02,039490,288500,304000,282000,301500,Naver
2026-01-02,042660,115300,117700,111500,114700,Naver
2026-01-02,042700,136200,144700,126700,144500,Naver
2026-01-02,047040,3675,3885,3660,3740,Naver
2026-01-02,047050,49800,51000,48150,48300,Naver
2026-01-02,047810,111000,118500,110900,116800,Naver
2026-01-02,051910,326000,339000,319500,322500,Naver
2026-01-02,055550,75600,77900,74600,76600,Naver
2026-01-02,064350,181000,195800,181000,193400,Naver
2026-01-02,064400,61500,63400,60600,62600,Naver
2026-01-02,066570,91300,92200,90300,91400,Naver
2026-01-02,068270,170426,194922,169854,193016,Naver
2026-01-02,069500,59577,62694,59567,62594,Naver
2026-01-02,071050,155900,168800,155900,165000,Naver
2026-01-02,079550,397000,440000,397000,439000,Naver
2026-01-02,086280,177200,183600,176200,180900,Naver
2026-01-02,086520,94700,100300,87800,88300,Naver
2026-01-02,086790,92900,95000,91000,93400,Naver
2026-01-02,096770,101500,103100,99500,99900,Naver
2026-01-02,102110,59588,62642,59588,62550,Naver
2026-01-02,105560,122600,125700,121400,123300,Naver
2026-01-02,122630,46120,50765,45975,50645,Naver
2026-01-02,133690,163781,164071,156091,162632,Naver
2026-01-02,138040,107400,114700,106800,111600,Naver
2026-01-02,161390,56800,58800,56500,57000,Naver
2026-01-02,180640,117300,128000,116500,121000,Naver
2026-01-02,196170,455500,460500,445500,457000,Naver
2026-01-02,207940,1683000,1710000,1679000,1683000,Naver
2026-01-02,247540,151500,158100,141400,141700,Naver
2026-01-02,259960,241000,251500,240000,248000,Naver
2026-01-02,267250,185000,189000,182100,184200,Naver
2026-01-02,267260,755000,822000,755000,819000,Naver
2026-01-02,272210,54700,56100,54200,55300,Naver
2026-01-02,277810,474500,495500,458000,493500,Naver
2026-01-02,278470,232000,238000,227000,233000,Naver
2026-01-02,278530,21445,22555,21425,22555,Naver
2026-01-02,298040,1740000,1858000,1736000,1845000,Naver
2026-01-02,307950,288000,344000,285000,331500,Naver
2026-01-02,316140,27850,28350,27500,28050,Naver
2026-01-02,323410,21400,22000,21300,21900,Naver
2026-01-02,329180,507000,523000,499000,504000,Naver
2026-01-02,352820,314500,349000,310000,346000,Naver
2026-01-02,360750,24774,24781,24455,24620,Naver
2026-01-02,373220,370000,381500,358500,361000,Naver
2026-01-02,379800,22614,22624,22346,22490,Naver
2026-01-02,379810,24615,24615,24191,24360,Naver
2026-01-02,396500,19920,21645,19700,21645,Naver
2026-01-02,402340,345500,392000,340000,392000,Naver
2026-01-02,443060,190000,196800,189100,193500,Naver
2026-01-02,454910,77700,81000,77600,80300,Naver
2026-01-02,488770,103100,103170,103100,103170,Naver
2026-01-02,950160,75300,80600,63200,71500,Naver
2026-01-09,000150,770000,808000,735000,747000,Naver
2026-01-09,000270,121000,133600,120700,133200,Naver
2026-01-09,000660,698000,788000,671000,744000,Naver
2026-01-09,000720,70200,77900,70100,75800,Naver
2026-01-09,000810,494500,497500,466000,470000,Naver
2026-01-09,000880,81100,93900,80700,91400,Naver
2026-01-09,001440,24150,27350,23850,26050,Naver
2026-01-09,003230,1270000,1303000,1130000,1206000,Naver
2026-01-09,003490,22400,22650,21600,22100,Naver
2026-01-09,003550,81300,84300,79500,80300,Naver
2026-01-09,003670,174000,187000,172500,175900,Naver
2026-01-09,005380,302500,369000,302000,366000,Naver
2026-01-09,005387,215000,239500,214000,237000,Naver
2026-01-09,005490,297500,313000,297000,304000,Naver
2026-01-09,005830,127900,129700,121000,123600,Naver
2026-01-09,005930,134600,144500,132700,139000,Naver
2026-01-09,005935,97500,105400,97200,103000,Naver
2026-01-09,005940,21300,22050,20750,20850,Naver
2026-01-09,006260,208000,218500,198300,203000,Naver
2026-01-09,006400,260000,282000,259500,267500,Naver
2026-01-09,006800,24941,28825,24593,26983,Naver
2026-01-09,007660,125100,125100,106900,109400,Naver
2026-01-09,009150,274000,289000,257500,266000,Naver
2026-01-09,009540,385000,447000,385000,447000,Naver
2026-01-09,010120,98300,102000,93600,95200,Naver
2026-01-09,010130,1288000,1327000,1131000,1142000,Naver
2026-01-09,010140,24000,28650,23850,28650,Naver
2026-01-09,010950,82900,88200,80200,84000,Naver
2026-01-09,011070,271000,289500,253000,261500,Naver
2026-01-09,011200,20100,20250,19640,20000,Naver
2026-01-09,012330,371000,404500,363000,399500,Naver
2026-01-09,012450,969000,1219000,968000,1214000,Naver
2026-01-09,015760,47000,51200,47000,49400,Naver
2026-01-09,016360,75700,79500,75300,76900,Naver
2026-01-09,017670,53300,53400,52600,53000,Naver
2026-01-09,018260,175300,182000,171300,172700,Naver
2026-01-09,024110,20600,21050,20250,20400,Naver
2026-01-09,028050,23550,24950,23450,24600,Naver
2026-01-09,028260,245500,274500,244000,268500,Naver
2026-01-09,030200,51600,53300,51400,52000,Naver
2026-01-09,032830,156500,168400,155200,159500,Naver
2026-01-09,033780,140500,143500,140000,142200,Naver
2026-01-09,034020,76600,87300,76500,84200,Naver
2026-01-09,034220,11940,13140,11700,11780,Naver
2026-01-09,034730,262500,289500,261500,284000,Naver
2026-01-09,035420,248500,262500,245000,254000,Naver
2026-01-09,035720,62500,64200,57600,58200,Naver
2026-01-09,036930,31850,35900,30500,33400,Naver
2026-01-09,039490,297000,320500,293500,315000,Naver
2026-01-09,042660,113300,134700,113000,134400,Naver
2026-01-09,042700,154900,201000,153200,176300,Naver
2026-01-09,047040,3775,3875,3610,3770,Naver
2026-01-09,047050,48350,49300,47300,48700,Naver
2026-01-09,047810,117200,154200,115900,149800,Naver
2026-01-09,051910,318500,334500,307500,312500,Naver
2026-01-09,055550,77000,80900,76600,77800,Naver
2026-01-09,064350,195800,222000,195000,219000,Naver
2026-01-09,064400,63400,64100,59400,60100,Naver
2026-01-09,066570,92500,96400,87900,89100,Naver
2026-01-09,068270,193016,206837,191109,206837,Naver
2026-01-09,069500,63782,67938,63782,67109,Naver
2026-01-09,071050,164800,175500,163200,170500,Naver
2026-01-09,079550,453500,550000,440000,542000,Naver
2026-01-09,086280,180200,234500,176900,226500,Naver
2026-01-09,086520,87000,96000,87000,88000,Naver
2026-01-09,086790,93000,95600,91700,92900,Naver
2026-01-09,096770,100100,106000,99300,99700,Naver
2026-01-09,102110,63847,67891,63802,67063,Naver
2026-01-09,105560,124200,127800,122300,126600,Naver
2026-01-09,122630,52795,59390,52600,57975,Naver
2026-01-09,133690,162113,164904,161879,164790,Naver
2026-01-09,138040,111000,114400,99700,101500,Naver
2026-01-09,161390,56900,58700,55400,58100,Naver
2026-01-09,180640,121000,121500,113100,115500,Naver
2026-01-09,196170,454500,513000,448500,511000,Naver
2026-01-09,207940,1673000,1900000,1671000,1878000,Naver
2026-01-09,247540,139300,153400,139200,141900,Naver
2026-01-09,259960,250500,251000,227500,230000,Naver
2026-01-09,267250,182000,206000,181000,205000,Naver
2026-01-09,267260,819000,869000,790000,848000,Naver
2026-01-09,272210,56100,77300,55800,76900,Naver
2026-01-09,277810,490000,490000,439500,445000,Naver
2026-01-09,278470,234500,240500,210000,228500,Naver
2026-01-09,278530,22970,24430,22960,24095,Naver
2026-01-09,298040,1840000,1913000,1756000,1885000,Naver
2026-01-09,307950,325000,475500,306500,471500,Naver
2026-01-09,316140,27750,28400,27200,27300,Naver
2026-01-09,323410,21950,22750,21100,21600,Naver
2026-01-09,329180,499500,609000,497500,609000,Naver
2026-01-09,352820,351000,353500,319500,331000,Naver
2026-01-09,360750,24605,25034,24595,25014,Naver
2026-01-09,373220,358500,383500,358500,363000,Naver
2026-01-09,379800,22490,22878,22460,22858,Naver
2026-01-09,379810,24306,24714,24256,24690,Naver
2026-01-09,396500,22375,24575,22130,23310,Naver
2026-01-09,402340,407500,450500,398500,430500,Naver
2026-01-09,443060,195200,197300,180500,192200,Naver
2026-01-09,454910,81700,90000,80000,83600,Naver
2026-01-09,488770,103175,103270,103170,103270,Naver
2026-01-09,950160,70800,74500,67500,73600,Naver
2026-01-16,000150,760000,855000,753000,828000,Naver
2026-01-16,000270,136000,159500,127900,151100,Naver
2026-01-16,000660,755000,763000,724000,756000,Naver
2026-01-16,000720,78000,105900,77900,104300,Naver
2026-01-16,000810,471500,513000,467000,486500,Naver
2026-01-16,000880,96100,138900,93500,124600,Naver
2026-01-16,001440,26950,28900,25450,25750,Naver
2026-01-16,003230,1200000,1233000,1174000,1195000,Naver
2026-01-16,003490,22000,25050,21800,24300,Naver
2026-01-16,003550,80500,92400,78600,87500,Naver
2026-01-16,003670,174100,198300,174000,188700,Naver
2026-01-16,005380,383000,426500,358500,413000,Naver
2026-01-16,005387,249000,288500,231000,273500,Naver
2026-01-16,005490,302000,360000,301500,331500,Naver
2026-01-16,005830,122900,126300,120600,123800,Naver
2026-01-16,005930,141000,149500,136800,148900,Naver
2026-01-16,005935,104800,111500,101700,111200,Naver
2026-01-16,005940,21100,22750,20800,22650,Naver
2026-01-16,006260,206000,227000,205000,222000,Naver
2026-01-16,006400,265500,302500,264000,289000,Naver
2026-01-16,006800,28227,32459,27779,31065,Naver
2026-01-16,007660,110500,124300,108200,120800,Naver
2026-01-16,009150,270500,292000,268000,289500,Naver
2026-01-16,009540,445000,463000,424500,438500,Naver
2026-01-16,010120,98200,110800,96500,106600,Naver
2026-01-16,010130,1159000,1597000,1149000,1585000,Naver
2026-01-16,010140,28500,30400,27700,29750,Naver
2026-01-16,010950,84400,92600,83050,89700,Naver
2026-01-16,011070,267000,297000,262500,286000,Naver
2026-01-16,011200,20000,21150,19880,20000,Naver
2026-01-16,012330,418000,468500,389500,431000,Naver
2026-01-16,012450,1256000,1329000,1186000,1299000,Naver
2026-01-16,015760,50400,55800,50200,54700,Naver
2026-01-16,016360,77500,84100,76000,83600,Naver
2026-01-16,017670,52900,55600,52600,55300,Naver
2026-01-16,018260,173100,184200,172200,180000,Naver
2026-01-16,024110,20400,20850,20300,20500,Naver
2026-01-16,028050,25150,26200,24900,25600,Naver
2026-01-16,028260,270000,290500,262000,290000,Naver
2026-01-16,030200,52200,55200,51500,53900,Naver
2026-01-16,032830,160700,176900,156200,170600,Naver
2026-01-16,033780,143000,144900,141200,142300,Naver
2026-01-16,034020,87700,96400,85500,95300,Naver
2026-01-16,034220,11780,13000,11730,12520,Naver
2026-01-16,034730,284500,307500,275500,299000,Naver
2026-01-16,035420,256000,270000,243500,245500,Naver
2026-01-16,035720,58300,59500,57100,57300,Naver
2026-01-16,036930,34600,34650,31700,31950,Naver
2026-01-16,039490,323000,338000,307000,330000,Naver
2026-01-16,042660,135200,152400,133700,147000,Naver
2026-01-16,042700,177200,185900,164800,178500,Naver
2026-01-16,047040,3765,4770,3715,4500,Naver
2026-01-16,047050,48750,59500,48700,57300,Naver
2026-01-16,047810,152400,166700,148300,155900,Naver
2026-01-16,051910,311000,343000,310000,333500,Naver
2026-01-16,055550,78500,80800,76700,79200,Naver
2026-01-16,064350,227000,232000,213000,215000,Naver
2026-01-16,064400,60600,76200,59700,68000,Naver
2026-01-16,066570,88900,103700,86600,98400,Naver
2026-01-16,068270,209696,212079,195875,199211,Naver
2026-01-16,069500,67963,71025,66739,70680,Naver
2026-01-16,071050,172500,183600,167000,182700,Naver
2026-01-16,079550,564000,576000,529000,535000,Naver
2026-01-16,086280,263000,271500,235500,257000,Naver
2026-01-16,086520,87100,97600,87100,92600,Naver
2026-01-16,086790,93200,97400,92700,96400,Naver
2026-01-16,096770,100000,110700,99800,105400,Naver
2026-01-16,102110,67891,70988,66714,70674,Naver
2026-01-16,105560,127000,133200,124600,130900,Naver
2026-01-16,122630,59345,64890,57310,64310,Naver
2026-01-16,133690,166407,168724,165074,167461,Naver
2026-01-16,138040,101900,105900,101500,105400,Naver
2026-01-16,161390,58700,62600,56200,62000,Naver
2026-01-16,180640,116400,137300,115100,128300,Naver
2026-01-16,196170,497000,529000,445500,518000,Naver
2026-01-16,207940,1899000,1987000,1845000,1947000,Naver
2026-01-16,247540,141100,155700,140300,145800,Naver
2026-01-16,259960,229000,241000,228500,234000,Naver
2026-01-16,267250,210000,250000,204000,236000,Naver
2026-01-16,267260,866000,947000,857000,906000,Naver
2026-01-16,272210,78300,99300,74900,90900,Naver
2026-01-16,277810,443500,527000,437000,493000,Naver
2026-01-16,278470,227000,247000,215500,240500,Naver
2026-01-16,278530,24425,25545,24005,25430,Naver
2026-01-16,298040,1950000,2365000,1912000,2333000,Naver
2026-01-16,307950,475500,534000,448000,476500,Naver
2026-01-16,316140,27450,28300,27000,27900,Naver
2026-01-16,323410,21450,21600,21150,21350,Naver
2026-01-16,329180,607000,645000,591000,622000,Naver
2026-01-16,352820,330000,346500,321000,336500,Naver
2026-01-16,360750,25163,25522,25049,25438,Naver
2026-01-16,373220,364500,398000,363000,391000,Naver
2026-01-16,379800,23002,23326,22898,23261,Naver
2026-01-16,379810,24934,25283,24729,25088,Naver
2026-01-16,396500,23650,24280,22755,24100,Naver
2026-01-16,402340,436500,452000,418000,446500,Naver
2026-01-16,443060,193500,202000,187600,189600,Naver
2026-01-16,454910,83500,96800,81300,90400,Naver
2026-01-16,488770,103275,103345,103275,103345,Naver
2026-01-16,950160,73700,76900,69400,74700,Naver
2026-01-23,000150,850000,958000,797000,946000,Naver
2026-01-23,000270,151800,177000,151300,159000,Naver
2026-01-23,000660,755000,776000,728000,767000,Naver
2026-01-23,000720,108500,122000,103000,109200,Naver
2026-01-23,000810,481000,503000,477000,492000,Naver
2026-01-23,000880,123600,126800,114400,119200,Naver
2026-01-23,001440,26150,29650,25100,27300,Naver
2026-01-23,003230,1191000,1275000,1176000,1235000,Naver
2026-01-23,003490,24600,24650,23650,24100,Naver
2026-01-23,003550,86700,94600,85800,93300,Naver
2026-01-23,003670,189300,224000,187800,214000,Naver
2026-01-23,005380,420000,590000,419500,510000,Naver
2026-01-23,005387,279000,332000,277500,287500,Naver
2026-01-23,005490,334500,390000,333000,368000,Naver
2026-01-23,005830,122700,131800,121800,130000,Naver
2026-01-23,005930,147200,157000,141800,152100,Naver
2026-01-23,005935,108900,114900,102900,111300,Naver
2026-01-23,005940,22650,24500,22250,24000,Naver
2026-01-23,006260,218500,236000,212000,228000,Naver
2026-01-23,006400,289000,402000,286000,373000,Naver
2026-01-23,006800,31314,35346,28924,34649,Naver
2026-01-23,007660,118700,120800,103100,119900,Naver
2026-01-23,009150,288000,295500,267500,272000,Naver
2026-01-23,009540,442500,447500,419500,436000,Naver
2026-01-23,010120,106600,109000,99100,101800,Naver
2026-01-23,010130,1637000,1686000,1517000,1580000,Naver
2026-01-23,010140,30200,32000,29750,30400,Naver
2026-01-23,010950,89500,99900,88600,99500,Naver
2026-01-23,011070,284000,290000,270000,277000,Naver
2026-01-23,011200,20000,21100,19580,20350,Naver
2026-01-23,012330,431500,499500,430000,457500,Naver
2026-01-23,012450,1316000,1398000,1234000,1255000,Naver
2026-01-23,015760,55100,69500,54000,61200,Naver
2026-01-23,016360,83700,87200,80300,86100,Naver
2026-01-23,017670,55200,63500,54900,62700,Naver
2026-01-23,018260,181200,187700,169200,174500,Naver
2026-01-23,024110,20500,21050,20250,21050,Naver
2026-01-23,028050,25300,28500,24800,27000,Naver
2026-01-23,028260,287000,310000,286500,305500,Naver
2026-01-23,030200,54000,56200,53300,54200,Naver
2026-01-23,032830,166800,185900,159300,185100,Naver
2026-01-23,033780,143000,148200,143000,144900,Naver
2026-01-23,034020,97000,98100,89500,93300,Naver
2026-01-23,034220,12420,12870,12000,12530,Naver
2026-01-23,034730,295500,304500,284500,296500,Naver
2026-01-23,035420,242000,269500,237500,266000,Naver
2026-01-23,035720,57500,61300,56500,61000,Naver
2026-01-23,036930,31350,31800,30350,31650,Naver
2026-01-23,039490,329500,345000,306500,343500,Naver
2026-01-23,042660,149300,149400,137200,140300,Naver
2026-01-23,042700,176500,180500,165500,171100,Naver
2026-01-23,047040,4750,5760,4320,5170,Naver
2026-01-23,047050,60000,67300,58600,63300,Naver
2026-01-23,047810,160700,174500,159000,162900,Naver
2026-01-23,051910,329000,369000,323500,358000,Naver
2026-01-23,055550,78700,83900,78000,83900,Naver
2026-01-23,064350,217000,227500,202500,207500,Naver
2026-01-23,064400,70700,76900,67300,73700,Naver
2026-01-23,066570,97700,111600,95300,105600,Naver
2026-01-23,068270,197782,203501,191109,202071,Naver
2026-01-23,069500,70495,73642,69766,72948,Naver
2026-01-23,071050,183100,199200,178700,195800,Naver
2026-01-23,079550,542000,578000,517000,528000,Naver
2026-01-23,086280,260500,296000,247500,251500,Naver
2026-01-23,086520,91400,109700,91000,105900,Naver
2026-01-23,086790,95600,102300,95300,101100,Naver
2026-01-23,096770,104800,115300,102700,111400,Naver
2026-01-23,102110,70484,73601,69711,72883,Naver
2026-01-23,105560,128800,138900,127200,135600,Naver
2026-01-23,122630,63830,69700,62795,68410,Naver
2026-01-23,133690,167461,167466,162972,166098,Naver
2026-01-23,138040,103800,108800,103000,107400,Naver
2026-01-23,161390,61500,72500,60900,67200,Naver
2026-01-23,180640,130100,134700,122900,130000,Naver
2026-01-23,196170,508000,518000,362000,387500,Naver
2026-01-23,207940,1927000,1942000,1778000,1802000,Naver
2026-01-23,247540,145000,177000,143800,174300,Naver
2026-01-23,259960,233000,242500,227500,238500,Naver
2026-01-23,267250,233500,269000,231000,249500,Naver
2026-01-23,267260,909000,934000,871000,884000,Naver
2026-01-23,272210,93800,95300,87000,90400,Naver
2026-01-23,277810,499500,578000,484500,539000,Naver
2026-01-23,278470,241000,293500,233000,276500,Naver
2026-01-23,278530,25415,26485,25080,26240,Naver
2026-01-23,298040,2360000,2472000,2210000,2347000,Naver
2026-01-23,307950,479000,528000,445500,447500,Naver
2026-01-23,316140,27650,29550,27450,29550,Naver
2026-01-23,323410,21300,23900,21050,23500,Naver
2026-01-23,329180,632000,652000,606000,627000,Naver
2026-01-23,352820,339500,393500,337000,380000,Naver
2026-01-23,360750,25438,25443,24809,25178,Naver
2026-01-23,373220,389500,430500,384000,412000,Naver
2026-01-23,379800,23261,23261,22674,23012,Naver
2026-01-23,379810,25088,25088,24415,24889,Naver
2026-01-23,396500,23895,24620,23100,24450,Naver
2026-01-23,402340,439500,466000,413500,445500,Naver
2026-01-23,443060,189200,192600,184100,186600,Naver
2026-01-23,454910,94500,129300,93600,114100,Naver
2026-01-23,488770,103350,103395,103345,103395,Naver
2026-01-23,950160,74900,83500,69600,83100,Naver
2026-01-30,000150,927000,928000,851000,851000,Naver
2026-01-30,000270,156800,158600,145900,152600,Naver
2026-01-30,000660,753000,931000,733000,909000,Naver
2026-01-30,000720,109000,110800,102400,102600,Naver
2026-01-30,000810,486000,510000,480000,501000,Naver
2026-01-30,000880,118000,121000,111300,114500,Naver
2026-01-30,001440,27600,30450,26250,29400,Naver
2026-01-30,003230,1246000,1267000,1170000,1180000,Naver
2026-01-30,003490,24400,24500,23150,23300,Naver
2026-01-30,003550,93700,94000,88100,91700,Naver
2026-01-30,003670,216500,245500,214000,223500,Naver
2026-01-30,005380,499000,529000,469000,500000,Naver
2026-01-30,005387,283000,289500,260500,271000,Naver
2026-01-30,005490,372000,383500,345500,347500,Naver
2026-01-30,005830,128100,146600,127800,142600,Naver
2026-01-30,005930,154900,166600,149200,160500,Naver
2026-01-30,005935,111300,121100,107900,117400,Naver
2026-01-30,005940,24050,27650,23700,27050,Naver
2026-01-30,006260,238000,248000,214000,229000,Naver
2026-01-30,006400,385500,411500,367500,390000,Naver
2026-01-30,006800,33554,44407,32061,42565,Naver
2026-01-30,007660,118400,130000,112200,117500,Naver
2026-01-30,009150,274000,288000,266000,279000,Naver
2026-01-30,009540,433500,436000,410000,413500,Naver
2026-01-30,010120,101200,116400,97100,113200,Naver
2026-01-30,010130,1620000,2034000,1617000,1884000,Naver
2026-01-30,010140,30650,30750,29100,29450,Naver
2026-01-30,010950,99800,107400,95000,105900,Naver
2026-01-30,011070,275000,278500,243000,245000,Naver
2026-01-30,011200,20350,20500,19760,20000,Naver
2026-01-30,012330,460500,476000,439000,449000,Naver
2026-01-30,012450,1268000,1348000,1230000,1300000,Naver
2026-01-30,015760,61600,64200,58000,58300,Naver
2026-01-30,016360,85700,93900,82600,90600,Naver
2026-01-30,017670,62600,75100,60900,72500,Naver
2026-01-30,018260,175000,181000,171500,173100,Naver
2026-01-30,024110,21000,22600,20900,22150,Naver
2026-01-30,028050,27800,32350,27700,30800,Naver
2026-01-30,028260,304500,311000,292000,301500,Naver
2026-01-30,030200,53900,57400,53700,56900,Naver
2026-01-30,032830,186500,200000,181700,188300,Naver
2026-01-30,033780,143800,153900,141700,153900,Naver
2026-01-30,034020,94600,96200,90400,90600,Naver
2026-01-30,034220,12600,12650,11470,11670,Naver
2026-01-30,034730,297000,339500,285000,333500,Naver
2026-01-30,035420,274000,292000,265000,275000,Naver
2026-01-30,035720,62300,63400,60300,61400,Naver
2026-01-30,036930,31950,43950,31800,41350,Naver
2026-01-30,039490,339500,454500,336000,443500,Naver
2026-01-30,042660,142300,144900,138100,138500,Naver
2026-01-30,042700,171200,220000,164700,211000,Naver
2026-01-30,047040,5100,5340,4765,4970,Naver
2026-01-30,047050,63700,65500,61000,62400,Naver
2026-01-30,047810,164800,174400,160600,168300,Naver
2026-01-30,051910,356000,366500,310500,310500,Naver
2026-01-30,055550,83900,87000,82400,84300,Naver
2026-01-30,064350,211500,234000,207000,230500,Naver
2026-01-30,064400,76000,76100,68500,69700,Naver
2026-01-30,066570,104900,105000,97500,99100,Naver
2026-01-30,068270,203501,212079,198735,200164,Naver
2026-01-30,069500,73063,78740,71344,77305,Naver
2026-01-30,071050,195000,223000,192300,215500,Naver
2026-01-30,079550,535000,544000,478000,481500,Naver
2026-01-30,086280,244500,260000,231500,242000,Naver
2026-01-30,086520,109200,182700,108400,162500,Naver
2026-01-30,086790,100600,106700,99500,100100,Naver
2026-01-30,096770,112200,120000,106500,112000,Naver
2026-01-30,102110,72988,78690,71312,77160,Naver
2026-01-30,105560,134800,143600,134600,135200,Naver
2026-01-30,122630,68460,79365,65400,76385,Naver
2026-01-30,133690,163142,165973,162558,163585,Naver
2026-01-30,138040,106400,118500,106400,116600,Naver
2026-01-30,161390,66300,66700,62800,63500,Naver
2026-01-30,180640,129200,132700,112000,112900,Naver
2026-01-30,196170,391500,444000,389500,413000,Naver
2026-01-30,207940,1805000,1819000,1745000,1745000,Naver
2026-01-30,247540,179000,260000,178200,232000,Naver
2026-01-30,259960,240000,278500,240000,254000,Naver
2026-01-30,267250,246500,252000,231500,234000,Naver
2026-01-30,267260,879000,927000,845000,889000,Naver
2026-01-30,272210,90800,99800,85700,94200,Naver
2026-01-30,277810,534000,785000,526000,728000,Naver
2026-01-30,278470,276000,282000,265500,270000,Naver
2026-01-30,278530,26255,28325,25675,27795,Naver
2026-01-30,298040,2356000,2671000,2200000,2603000,Naver
2026-01-30,307950,439500,495500,415500,461500,Naver
2026-01-30,316140,29400,31000,29400,30250,Naver
2026-01-30,323410,23750,23850,22600,22900,Naver
2026-01-30,329180,620000,626000,571000,575000,Naver
2026-01-30,352820,389000,395000,368000,374000,Naver
2026-01-30,360750,24814,25029,24535,24675,Naver
2026-01-30,373220,415000,455000,398000,398000,Naver
2026-01-30,379800,22580,22878,22465,22550,Naver
2026-01-30,379810,24445,24869,24345,24495,Naver
2026-01-30,396500,24450,30570,24340,29760,Naver
2026-01-30,402340,442500,581000,435000,570000,Naver
2026-01-30,443060,187500,191900,180700,183400,Naver
2026-01-30,454910,109900,130600,109900,114100,Naver
2026-01-30,488770,103400,103445,103395,103445,Naver
2026-01-30,950160,83900,109300,83900,105000,Naver
2026-02-06,000150,835000,910000,792000,828000,Naver
2026-02-06,000270,151600,161250,148200,151900,Naver
2026-02-06,000660,870000,907000,791000,839000,Naver
2026-02-06,000720,99600,119000,98000,106600,Naver
2026-02-06,000810,502000,519000,477000,519000,Naver
2026-02-06,000880,113600,124600,107000,113200,Naver
2026-02-06,001440,28700,34450,26350,30250,Naver
2026-02-06,003230,1170000,1173000,1009000,1060000,Naver
2026-02-06,003490,22950,24750,22400,23500,Naver
2026-02-06,003550,91000,95100,87400,89700,Naver
2026-02-06,003670,218500,234000,210000,218000,Naver
2026-02-06,005380,486000,518000,452000,467500,Naver
2026-02-06,005387,267000,272000,238500,249500,Naver
2026-02-06,005490,344000,382500,337500,359500,Naver
2026-02-06,005830,144900,169700,137200,164100,Naver
2026-02-06,005930,155700,169400,150400,158600,Naver
2026-02-06,005935,115000,120700,106800,112400,Naver
2026-02-06,005940,26950,27700,24550,25950,Naver
2026-02-06,006260,218500,233500,196100,214500,Naver
2026-02-06,006400,380000,399500,355500,370000,Naver
2026-02-06,006800,42913,51725,39229,47792,Naver
2026-02-06,007660,114500,126600,109000,114700,Naver
2026-02-06,009150,289000,309500,274000,284000,Naver
2026-02-06,009540,414500,430000,384000,395500,Naver
2026-02-06,010120,110000,131600,104200,119000,Naver
2026-02-06,010130,1710000,1867000,1558000,1641000,Naver
2026-02-06,010140,29000,29500,26500,27500,Naver
2026-02-06,010950,105700,106300,94600,98000,Naver
2026-02-06,011070,239500,249500,226000,232500,Naver
2026-02-06,011200,19980,20750,19390,20100,Naver
2026-02-06,012330,440000,455500,406000,426000,Naver
2026-02-06,012450,1320000,1348000,1110000,1181000,Naver
2026-02-06,015760,57300,64300,56100,60700,Naver
2026-02-06,016360,89300,94400,83500,88700,Naver
2026-02-06,017670,71500,79400,67600,69200,Naver
2026-02-06,018260,172500,172800,160600,165500,Naver
2026-02-06,024110,22200,23150,21500,23000,Naver
2026-02-06,028050,30450,32600,30050,31850,Naver
2026-02-06,028260,300500,322500,276500,289500,Naver
2026-02-06,030200,57300,57300,54300,56300,Naver
2026-02-06,032830,188000,203000,177900,184300,Naver
2026-02-06,033780,155500,166000,151200,163300,Naver
2026-02-06,034020,87800,96700,85200,89000,Naver
2026-02-06,034220,11590,11880,10970,11200,Naver
2026-02-06,034730,325000,343500,297000,315000,Naver
2026-02-06,035420,270000,278500,244000,249000,Naver
2026-02-06,035720,60500,61200,55500,56200,Naver
2026-02-06,036930,42600,48700,40000,47050,Naver
2026-02-06,039490,434000,469500,393000,405000,Naver
2026-02-06,042660,139500,144900,125900,130600,Naver
2026-02-06,042700,205000,208000,180400,196000,Naver
2026-02-06,047040,4825,5720,4760,5520,Naver
2026-02-06,047050,61500,70700,60000,64000,Naver
2026-02-06,047810,165700,173500,147100,158300,Naver
2026-02-06,051910,312000,320000,294000,304000,Naver
2026-02-06,055550,85000,93600,82000,93600,Naver
2026-02-06,064350,227500,233000,189000,202500,Naver
2026-02-06,064400,69000,73800,66200,67500,Naver
2026-02-06,066570,98300,103800,95400,99200,Naver
2026-02-06,068270,197782,215415,192063,209696,Naver
2026-02-06,069500,75680,79550,72105,75195,Naver
2026-02-06,071050,211500,221000,197100,205500,Naver
2026-02-06,079550,477500,482500,399500,427000,Naver
2026-02-06,086280,239500,257000,227000,238500,Naver
2026-02-06,086520,164800,184500,153400,155800,Naver
2026-02-06,086790,101800,115600,100800,114600,Naver
2026-02-06,096770,111800,113700,104800,106200,Naver
2026-02-06,102110,75505,79520,72060,75140,Naver
2026-02-06,105560,137900,154200,132200,149300,Naver
2026-02-06,122630,72905,80380,65600,71605,Naver
2026-02-06,133690,163435,166255,157535,159425,Naver
2026-02-06,138040,115100,127150,114800,122600,Naver
2026-02-06,161390,64000,69500,61000,67200,Naver
2026-02-06,180640,115100,121800,107500,110400,Naver
2026-02-06,196170,398000,407500,352000,361000,Naver
2026-02-06,207940,1745000,1795000,1637000,1668000,Naver
2026-02-06,247540,227000,235500,193300,198200,Naver
2026-02-06,259960,252000,253000,230000,238000,Naver
2026-02-06,267250,232500,245500,221000,238500,Naver
2026-02-06,267260,882000,929000,806000,840000,Naver
2026-02-06,272210,92300,125000,91100,103000,Naver
2026-02-06,277810,705000,784000,638000,658000,Naver
2026-02-06,278470,273500,306500,250500,256500,Naver
2026-02-06,278530,27240,28610,25940,27045,Naver
2026-02-06,298040,2492000,2493000,2101000,2211000,Naver
2026-02-06,307950,450000,474000,382000,391500,Naver
2026-02-06,316140,30350,32600,29700,32450,Naver
2026-02-06,323410,22950,29150,21950,26000,Naver
2026-02-06,329180,574000,593000,513000,539000,Naver
2026-02-06,352820,368000,375500,346500,355500,Naver
2026-02-06,360750,24850,25165,24580,24750,Naver
2026-02-06,373220,392500,408500,377000,385000,Naver
2026-02-06,379800,22725,23000,22460,22605,Naver
2026-02-06,379810,24460,24890,23600,23885,Naver
2026-02-06,396500,28610,29800,26385,28070,Naver
2026-02-06,402340,537000,576000,492000,514000,Naver
2026-02-06,443060,181500,185400,158200,164100,Naver
2026-02-06,454910,110400,115600,98000,101700,Naver
2026-02-06,488770,103445,103505,103445,103505,Naver
2026-02-06,950160,102000,110900,91000,94300,Naver
2026-02-13,000150,869000,999000,834000,942000,Naver
2026-02-13,000270,153700,166300,152200,164100,Naver
2026-02-13,000660,898000,905000,848000,880000,Naver
2026-02-13,000720,110600,121400,109500,114300,Naver
2026-02-13,000810,532000,598000,523000,559000,Naver
2026-02-13,000880,117400,121900,112700,117800,Naver
2026-02-13,001440,31550,33000,30400,31550,Naver
2026-02-13,003230,1078000,1225000,1073000,1190000,Naver
2026-02-13,003490,23800,25650,23650,24800,Naver
2026-02-13,003550,92200,99800,90600,95700,Naver
2026-02-13,003670,224500,230000,216000,224000,Naver
2026-02-13,005380,484000,515000,473000,499000,Naver
2026-02-13,005387,257000,269000,249500,263000,Naver
2026-02-13,005490,369500,396000,359500,375500,Naver
2026-02-13,005830,172100,192000,166500,182100,Naver
2026-02-13,005930,168600,184400,162000,181200,Naver
2026-02-13,005935,117600,129900,112700,127600,Naver
2026-02-13,005940,26950,32250,26600,30900,Naver
2026-02-13,006260,223000,257500,217000,248000,Naver
2026-02-13,006400,381500,391500,372500,374500,Naver
2026-02-13,006800,51775,64321,49435,61334,Naver
2026-02-13,007660,120700,121500,101300,101600,Naver
2026-02-13,009150,296000,323000,291000,309500,Naver
2026-02-13,009540,410000,412000,375000,397500,Naver
2026-02-13,010120,126200,137000,124200,132200,Naver
2026-02-13,010130,1723000,1742000,1642000,1670000,Naver
2026-02-13,010140,28450,28750,27450,27700,Naver
2026-02-13,010950,99900,109000,98700,106200,Naver
2026-02-13,011070,239000,256500,233500,242500,Naver
2026-02-13,011200,20350,21850,20150,21450,Naver
2026-02-13,012330,437000,448000,428000,435000,Naver
2026-02-13,012450,1246000,1260000,1097000,1105000,Naver
2026-02-13,015760,62300,62900,59400,59800,Naver
2026-02-13,016360,92600,104700,91800,101000,Naver
2026-02-13,017670,73100,88600,72000,86500,Naver
2026-02-13,018260,169000,174300,166100,170400,Naver
2026-02-13,024110,23250,26800,23150,26150,Naver
2026-02-13,028050,32600,34350,32300,33900,Naver
2026-02-13,028260,310000,334000,302000,318000,Naver
2026-02-13,030200,57300,66600,57000,64500,Naver
2026-02-13,032830,192000,214500,190500,205500,Naver
2026-02-13,033780,167600,175800,164600,173800,Naver
2026-02-13,034020,93100,99900,91800,96700,Naver
2026-02-13,034220,11460,12160,11350,11600,Naver
2026-02-13,034730,326000,363000,318500,349500,Naver
2026-02-13,035420,253500,262000,248000,252500,Naver
2026-02-13,035720,57400,63400,56800,57400,Naver
2026-02-13,036930,50700,52800,48500,51000,Naver
2026-02-13,039490,430000,486500,428000,469500,Naver
2026-02-13,042660,135300,136200,128500,129800,Naver
2026-02-13,042700,202500,224500,187500,202500,Naver
2026-02-13,047040,5530,8040,5460,7300,Naver
2026-02-13,047050,65400,71200,62600,65800,Naver
2026-02-13,047810,162300,188500,159400,176700,Naver
2026-02-13,051910,313000,340000,305000,324500,Naver
2026-02-13,055550,96000,107200,93000,102500,Naver
2026-02-13,064350,209500,214500,200000,201500,Naver
2026-02-13,064400,69700,73400,67900,71100,Naver
2026-02-13,066570,101200,128700,100100,117200,Naver
2026-02-13,068270,214462,232096,213985,226853,Naver
2026-02-13,069500,78365,83120,77625,81860,Naver
2026-02-13,071050,215500,264500,213500,257500,Naver
2026-02-13,079550,445000,479000,437500,460000,Naver
2026-02-13,086280,243000,264000,239000,255000,Naver
2026-02-13,086520,162200,165400,148600,150400,Naver
2026-02-13,086790,119400,132200,117400,127600,Naver
2026-02-13,096770,108400,118200,108000,113800,Naver
2026-02-13,102110,78665,83085,77570,81835,Naver
2026-02-13,105560,150500,170500,148800,167900,Naver
2026-02-13,122630,77800,87190,76100,84615,Naver
2026-02-13,133690,163350,163645,157485,157705,Naver
2026-02-13,138040,123800,141400,118100,136300,Naver
2026-02-13,161390,69600,75500,68500,72100,Naver
2026-02-13,180640,115000,139800,113900,136100,Naver
2026-02-13,196170,373000,392500,372000,382000,Naver
2026-02-13,207940,1704000,1743000,1676000,1710000,Naver
2026-02-13,247540,204000,213000,195000,196100,Naver
2026-02-13,259960,243000,268500,225000,257000,Naver
2026-02-13,267250,245000,275000,241000,256000,Naver
2026-02-13,267260,892000,1000000,885000,949000,Naver
2026-02-13,272210,106600,108300,99700,103400,Naver
2026-02-13,277810,686000,720000,653000,670000,Naver
2026-02-13,278470,263500,292500,260000,272000,Naver
2026-02-13,278530,28320,29900,27920,29465,Naver
2026-02-13,298040,2299000,2470000,2295000,2384000,Naver
2026-02-13,307950,407500,465000,402000,436500,Naver
2026-02-13,316140,33500,41500,33350,38950,Naver
2026-02-13,323410,26750,28800,25850,27400,Naver
2026-02-13,329180,560000,561000,525000,543000,Naver
2026-02-13,352820,364500,405500,364500,390000,Naver
2026-02-13,360750,25240,25265,24410,24435,Naver
2026-02-13,373220,398000,411000,386500,395000,Naver
2026-02-13,379800,23075,23090,22300,22325,Naver
2026-02-13,379810,24485,24520,23590,23620,Naver
2026-02-13,396500,29410,29680,27735,29320,Naver
2026-02-13,402340,548000,586000,523000,558000,Naver
2026-02-13,443060,168300,176700,163600,171300,Naver
2026-02-13,454910,105200,110100,99300,100100,Naver
2026-02-13,488770,103510,103595,103510,103590,Naver
2026-02-13,950160,97500,100000,88100,89500,Naver
2026-02-20,000150,968000,1059000,961000,1047000,Naver
2026-02-20,000270,169000,172700,164000,171800,Naver
2026-02-20,000660,905000,955000,881000,949000,Naver
2026-02-20,000720,116100,132100,115500,128300,Naver
2026-02-20,000810,552000,644000,547000,618000,Naver
2026-02-20,000880,119900,129000,118500,126800,Naver
2026-02-20,001440,32050,33700,31550,32900,Naver
2026-02-20,003230,1185000,1189000,1159000,1164000,Naver
2026-02-20,003490,25600,25650,24900,25150,Naver
2026-02-20,003550,98000,98500,95800,98500,Naver
2026-02-20,003670,228000,237000,225000,233000,Naver
2026-02-20,005380,504000,523000,495500,509000,Naver
2026-02-20,005387,267500,280500,265500,280000,Naver
2026-02-20,005490,385500,398500,383000,394000,Naver
2026-02-20,005830,183000,205500,180600,192300,Naver
2026-02-20,005930,188000,190900,187100,190100,Naver
2026-02-20,005935,132000,135600,130900,135100,Naver
2026-02-20,005940,36050,42600,34800,39200,Naver
2026-02-20,006260,253500,259000,243000,255500,Naver
2026-02-20,006400,379500,420500,377000,402000,Naver
2026-02-20,006800,68503,74078,67208,70593,Naver
2026-02-20,007660,103300,103800,100400,100500,Naver
2026-02-20,009150,328000,386000,321000,377000,Naver
2026-02-20,009540,404000,452000,404000,452000,Naver
2026-02-20,010120,135000,138800,133200,138200,Naver
2026-02-20,010130,1680000,1690000,1647000,1663000,Naver
2026-02-20,010140,28350,29550,28300,29500,Naver
2026-02-20,010950,108400,120000,107400,120000,Naver
2026-02-20,011070,246000,259000,246000,256000,Naver
2026-02-20,011200,22650,23300,22150,23150,Naver
2026-02-20,012330,437000,446500,433000,443000,Naver
2026-02-20,012450,1199000,1258000,1131000,1242000,Naver
2026-02-20,015760,61100,64300,60800,63000,Naver
2026-02-20,016360,108000,119400,107500,114500,Naver
2026-02-20,017670,84200,84800,79900,80800,Naver
2026-02-20,018260,170800,175000,170500,172300,Naver
2026-02-20,024110,26600,28700,26250,28550,Naver
2026-02-20,028050,35000,36200,34700,35600,Naver
2026-02-20,028260,330000,337500,315500,331000,Naver
2026-02-20,030200,65500,69300,64700,68900,Naver
2026-02-20,032830,218000,226500,206000,219000,Naver
2026-02-20,033780,177200,180800,173400,177100,Naver
2026-02-20,034020,100500,106800,98300,103500,Naver
2026-02-20,034220,11710,14190,11710,13310,Naver
2026-02-20,034730,360000,382000,352500,381500,Naver
2026-02-20,035420,254500,260000,252000,254500,Naver
2026-02-20,035720,58200,58900,57400,57900,Naver
2026-02-20,036930,52200,57400,49450,55800,Naver
2026-02-20,039490,492000,517000,481500,495500,Naver
2026-02-20,042660,134000,151400,134000,149900,Naver
2026-02-20,042700,207000,207500,197300,200500,Naver
2026-02-20,047040,7350,8260,7260,7800,Naver
2026-02-20,047050,67800,78600,67500,75300,Naver
2026-02-20,047810,179200,180000,173500,177900,Naver
2026-02-20,051910,326500,341500,326000,337000,Naver
2026-02-20,055550,102500,103400,99500,102000,Naver
2026-02-20,064350,204000,221000,203000,220000,Naver
2026-02-20,064400,72100,74000,70500,71600,Naver
2026-02-20,066570,120000,126100,119000,123600,Naver
2026-02-20,068270,229236,234478,228283,230666,Naver
2026-02-20,069500,83910,86430,83412,86300,Naver
2026-02-20,071050,278500,298000,275500,292500,Naver
2026-02-20,079550,466000,495500,445500,486500,Naver
2026-02-20,086280,257000,271500,253500,270000,Naver
2026-02-20,086520,151700,175600,149000,171300,Naver
2026-02-20,086790,130700,131400,124600,131300,Naver
2026-02-20,096770,115000,128700,114100,127600,Naver
2026-02-20,102110,84055,86400,83365,86265,Naver
2026-02-20,105560,168800,169800,163700,168800,Naver
2026-02-20,122630,89000,94180,87730,93980,Naver
2026-02-20,133690,160110,160370,159295,159490,Naver
2026-02-20,138040,140400,149800,133700,146200,Naver
2026-02-20,161390,73500,76300,72500,75600,Naver
2026-02-20,180640,136000,149900,135300,148300,Naver
2026-02-20,196170,393000,414500,391000,402000,Naver
2026-02-20,207940,1712000,1753000,1712000,1736000,Naver
2026-02-20,247540,199300,217500,197050,214000,Naver
2026-02-20,259960,258000,265500,256000,260500,Naver
2026-02-20,267250,265000,292000,260000,292000,Naver
2026-02-20,267260,970000,1012000,950000,1011000,Naver
2026-02-20,272210,105900,121800,103700,116500,Naver
2026-02-20,277810,684000,736000,666000,712000,Naver
2026-02-20,278470,275500,294000,273500,288500,Naver
2026-02-20,278530,30255,31095,30010,31055,Naver
2026-02-20,298040,2421000,2657000,2416000,2633000,Naver
2026-02-20,307950,439000,445500,423000,434000,Naver
2026-02-20,316140,39050,40800,38350,40800,Naver
2026-02-20,323410,27500,29500,27000,28700,Naver
2026-02-20,329180,570000,605000,564000,602000,Naver
2026-02-20,352820,395000,405000,390500,398500,Naver
2026-02-20,360750,24735,24810,24675,24700,Naver
2026-02-20,373220,399500,406500,395500,401500,Naver
2026-02-20,379800,22665,22670,22550,22575,Naver
2026-02-20,379810,24015,24030,23865,23900,Naver
2026-02-20,396500,29880,30590,29555,30570,Naver
2026-02-20,402340,589000,590000,547000,580000,Naver
2026-02-20,443060,175200,179500,172800,177300,Naver
2026-02-20,454910,100700,102500,98400,100500,Naver
2026-02-20,488770,103595,103625,103595,103625,Naver
2026-02-20,950160,90000,93100,87400,90600,Naver
2026-02-27,000150,1066000,1295000,1045000,1278000,Naver
2026-02-27,000270,174900,212500,169300,205500,Naver
2026-02-27,000660,980000,1099000,941000,1061000,Naver
2026-02-27,000720,132000,176900,130100,164700,Naver
2026-02-27,000810,627000,646000,530000,530000,Naver
2026-02-27,000880,129300,144700,122100,136600,Naver
2026-02-27,001440,33500,37350,32900,36000,Naver
2026-02-27,003230,1212000,1305000,1206000,1221000,Naver
2026-02-27,003490,25500,29750,25350,28100,Naver
2026-02-27,003550,100000,107700,97600,107700,Naver
2026-02-27,003670,236000,254000,224000,247000,Naver
2026-02-27,005380,524000,687000,505000,674000,Naver
2026-02-27,005387,285000,330000,277000,323500,Naver
2026-02-27,005490,400500,427500,386000,413000,Naver
2026-02-27,005830,207500,214000,178400,183100,Naver
2026-02-27,005930,194400,223000,190500,216500,Naver
2026-02-27,005935,137100,150000,133700,143800,Naver
2026-02-27,005940,40850,41350,34800,35500,Naver
2026-02-27,006260,270000,299000,256500,284500,Naver
2026-02-27,006400,407500,473500,387000,466000,Naver
2026-02-27,006800,71191,76966,62827,71689,Naver
2026-02-27,007660,101700,131200,100100,127600,Naver
2026-02-27,009150,396500,474000,392000,448500,Naver
2026-02-27,009540,453000,474000,443000,450000,Naver
2026-02-27,010120,140200,164800,138400,157400,Naver
2026-02-27,010130,1676000,2188000,1668000,2030000,Naver
2026-02-27,010140,29800,29850,28300,28950,Naver
2026-02-27,010950,116600,116900,108200,110000,Naver
2026-02-27,011070,260000,353500,260000,319000,Naver
2026-02-27,011200,23200,23900,21350,21350,Naver
2026-02-27,012330,447000,531000,441500,517000,Naver
2026-02-27,012450,1241000,1251000,1182000,1195000,Naver
2026-02-27,015760,63800,65300,58200,58500,Naver
2026-02-27,016360,116300,116400,104100,106800,Naver
2026-02-27,017670,80900,82300,77900,79800,Naver
2026-02-27,018260,174100,196900,173100,195000,Naver
2026-02-27,024110,29000,29550,25600,25750,Naver
2026-02-27,028050,36250,39800,35000,36400,Naver
2026-02-27,028260,340000,364000,327000,350500,Naver
2026-02-27,030200,69400,69400,62900,63800,Naver
2026-02-27,032830,246000,259500,220000,230000,Naver
2026-02-27,033780,177100,181500,162700,163100,Naver
2026-02-27,034020,105300,110200,99100,106300,Naver
2026-02-27,034220,13400,16050,13130,14340,Naver
2026-02-27,034730,393000,424000,372500,401000,Naver
2026-02-27,035420,257500,267000,251000,254500,Naver
2026-02-27,035720,58600,64500,57200,62300,Naver
2026-02-27,036930,56800,58000,51000,56100,Naver
2026-02-27,039490,498500,500000,439500,466000,Naver
2026-02-27,042660,148900,150900,139100,141200,Naver
2026-02-27,042700,201500,332500,196800,323500,Naver
2026-02-27,047040,7900,10850,7380,10140,Naver
2026-02-27,047050,75100,77200,71200,72200,Naver
2026-02-27,047810,177000,198000,170200,191500,Naver
2026-02-27,051910,339000,424000,332000,417500,Naver
2026-02-27,055550,102900,103800,96400,96900,Naver
2026-02-27,064350,218000,242500,216000,230500,Naver
2026-02-27,064400,72200,78300,69600,74500,Naver
2026-02-27,066570,125400,151900,124500,145700,Naver
2026-02-27,068270,231619,239244,223994,227330,Naver
2026-02-27,069500,88025,95720,85905,94120,Naver
2026-02-27,071050,298000,300500,255500,258500,Naver
2026-02-27,079550,484000,530000,475500,509000,Naver
2026-02-27,086280,278000,295000,260000,289500,Naver
2026-02-27,086520,180000,190000,167000,185000,Naver
2026-02-27,086790,133700,133700,120200,121800,Naver
2026-02-27,096770,128300,139500,125500,127700,Naver
2026-02-27,102110,87945,95680,85860,94045,Naver
2026-02-27,105560,172500,172500,159000,159000,Naver
2026-02-27,122630,97640,115010,92920,111280,Naver
2026-02-27,133690,159245,160030,158050,159050,Naver
2026-02-27,138040,147500,147900,126800,127100,Naver
2026-02-27,161390,76000,78400,71900,72900,Naver
2026-02-27,180640,145200,175900,145000,156300,Naver
2026-02-27,196170,408500,419000,393000,407500,Naver
2026-02-27,207940,1741000,1778000,1713000,1778000,Naver
2026-02-27,247540,218500,225000,207000,221500,Naver
2026-02-27,259960,260500,268500,245000,248500,Naver
2026-02-27,267250,294000,302000,283000,292500,Naver
2026-02-27,267260,1030000,1116000,1020000,1050000,Naver
2026-02-27,272210,115000,122900,106500,113600,Naver
2026-02-27,277810,720000,904000,692000,860000,Naver
2026-02-27,278470,293500,332000,287500,312500,Naver
2026-02-27,278530,31645,34435,30930,33910,Naver
2026-02-27,298040,2700000,2941000,2665000,2823000,Naver
2026-02-27,307950,440500,543000,425000,501000,Naver
2026-02-27,316140,41450,41450,36000,36000,Naver
2026-02-27,323410,29300,29300,26550,27150,Naver
2026-02-27,329180,605000,620000,578000,603000,Naver
2026-02-27,352820,400500,404000,386500,387500,Naver
2026-02-27,360750,24660,24670,24410,24565,Naver
2026-02-27,373220,403500,440000,395500,427000,Naver
2026-02-27,379800,22535,22545,22310,22445,Naver
2026-02-27,379810,23845,23975,23675,23830,Naver
2026-02-27,396500,31000,36570,30210,36090,Naver
2026-02-27,402340,590000,681000,564000,645000,Naver
2026-02-27,443060,182900,188000,178200,184300,Naver
2026-02-27,454910,101500,111600,100700,106500,Naver
2026-02-27,488770,103630,103695,103630,103695,Naver
2026-02-27,950160,90400,111900,90100,107000,Naver
2026-03-06,000150,1270000,1282000,937000,1050000,Naver
2026-03-06,000270,185000,195700,155000,167000,Naver
2026-03-06,000660,1022000,1040000,846000,924000,Naver
2026-03-06,000720,162900,166000,122700,156800,Naver
2026-03-06,000810,535000,544000,459500,496500,Naver
2026-03-06,000880,141000,148500,111000,132600,Naver
2026-03-06,001440,35100,36350,25250,30250,Naver
2026-03-06,003230,1210000,1221000,1021000,1058000,Naver
2026-03-06,003490,26100,26600,22850,24500,Naver
2026-03-06,003550,107700,107800,89300,94000,Naver
2026-03-06,003670,242000,252500,184500,215500,Naver
2026-03-06,005380,654000,658000,497500,553000,Naver
2026-03-06,005387,312500,313000,238000,275500,Naver
2026-03-06,005490,403000,404000,318000,353500,Naver
2026-03-06,005830,184500,191750,168000,188400,Naver
2026-03-06,005930,209500,212500,171900,188200,Naver
2026-03-06,005935,135900,139800,112600,128000,Naver
2026-03-06,005940,35000,35000,28550,32200,Naver
2026-03-06,006260,279500,290500,221000,249000,Naver
2026-03-06,006400,453500,454500,348500,410500,Naver
2026-03-06,006800,69498,70793,55758,66810,Naver
2026-03-06,007660,125500,129200,98200,114600,Naver
2026-03-06,009150,430000,443500,350500,404500,Naver
2026-03-06,009540,451000,465500,374000,402000,Naver
2026-03-06,010120,155400,155600,120000,140800,Naver
2026-03-06,010130,2085000,2093000,1621000,1752000,Naver
2026-03-06,010140,29000,29850,23000,27600,Naver
2026-03-06,010950,135100,177100,115000,129700,Naver
2026-03-06,011070,310500,313500,240500,270000,Naver
2026-03-06,011200,24650,24950,19660,21150,Naver
2026-03-06,012330,512000,520000,387500,444000,Naver
2026-03-06,012450,1330000,1655000,1243000,1481000,Naver
2026-03-06,015760,56400,56800,44600,48800,Naver
2026-03-06,016360,103600,105900,86800,95900,Naver
2026-03-06,017670,79800,81500,69000,76500,Naver
2026-03-06,018260,192000,192300,155200,163900,Naver
2026-03-06,024110,25250,25700,22050,23650,Naver
2026-03-06,028050,35150,37400,30700,33450,Naver
2026-03-06,028260,327500,340000,264500,283500,Naver
2026-03-06,030200,63000,65200,54200,59000,Naver
2026-03-06,032830,221000,236250,196100,210000,Naver
2026-03-06,033780,164100,165500,150500,154700,Naver
2026-03-06,034020,104700,106200,79000,98000,Naver
2026-03-06,034220,14200,14580,10850,11960,Naver
2026-03-06,034730,391500,406000,320500,358500,Naver
2026-03-06,035420,250500,252000,207500,222500,Naver
2026-03-06,035720,60900,61400,47050,53600,Naver
2026-03-06,036930,54800,69900,53700,67100,Naver
2026-03-06,039490,454500,457000,366500,435500,Naver
2026-03-06,042660,144700,154800,108500,126700,Naver
2026-03-06,042700,314000,334000,251500,333500,Naver
2026-03-06,047040,9940,10000,7300,8770,Naver
2026-03-06,047050,74600,75900,58700,73300,Naver
2026-03-06,047810,201500,215500,156600,183300,Naver
2026-03-06,051910,402000,407000,303000,326500,Naver
2026-03-06,055550,95900,98300,85000,91800,Naver
2026-03-06,064350,256500,274000,200500,233000,Naver
2026-03-06,064400,72200,72900,57600,64900,Naver
2026-03-06,066570,140100,141300,106700,118000,Naver
2026-03-06,068270,220658,224470,186725,202547,Naver
2026-03-06,069500,92035,92790,75735,83560,Naver
2026-03-06,071050,249500,254000,202500,230000,Naver
2026-03-06,079550,602000,899000,592000,834000,Naver
2026-03-06,086280,283000,283500,227000,243500,Naver
2026-03-06,086520,179000,189400,133500,170000,Naver
2026-03-06,086790,120600,122900,103700,110300,Naver
2026-03-06,096770,140400,141300,108100,124900,Naver
2026-03-06,102110,92200,92760,75655,83450,Naver
2026-03-06,105560,157500,158300,135100,147400,Naver
2026-03-06,122630,106400,108120,69655,84000,Naver
2026-03-06,133690,161185,164320,159050,164020,Naver
2026-03-06,138040,128300,129500,108900,114400,Naver
2026-03-06,161390,72900,72900,57300,59300,Naver
2026-03-06,180640,155600,156400,111800,123700,Naver
2026-03-06,196170,403000,409500,327000,373000,Naver
2026-03-06,207940,1775000,1775000,1501000,1644000,Naver
2026-03-06,247540,215500,224000,165600,202500,Naver
2026-03-06,259960,246000,246500,208500,226000,Naver
2026-03-06,267250,295000,317000,255000,279000,Naver
2026-03-06,267260,1006000,1048000,853000,968000,Naver
2026-03-06,272210,129800,184000,112800,158900,Naver
2026-03-06,277810,846000,934000,698000,832000,Naver
2026-03-06,278470,306500,313500,263000,306000,Naver
2026-03-06,278530,33185,33385,27210,30045,Naver
2026-03-06,298040,2788000,2789000,2220000,2478000,Naver
2026-03-06,307950,490000,493500,357000,409000,Naver
2026-03-06,316140,35850,36300,31250,33050,Naver
2026-03-06,323410,27150,27200,22050,24100,Naver
2026-03-06,329180,609000,630000,503000,554000,Naver
2026-03-06,352820,378500,383000,320500,353000,Naver
2026-03-06,360750,24825,25115,24765,25040,Naver
2026-03-06,373220,414500,418000,346000,377500,Naver
2026-03-06,379800,22725,22955,22625,22885,Naver
2026-03-06,379810,24085,24620,24000,24575,Naver
2026-03-06,396500,34850,36095,29075,34220,Naver
2026-03-06,402340,642000,643000,489000,553000,Naver
2026-03-06,443060,184300,188800,158000,169000,Naver
2026-03-06,454910,102800,105900,79100,91100,Naver
2026-03-06,488770,103700,103745,103700,103745,Naver
2026-03-06,950160,104900,115000,91000,113000,Naver
2026-03-13,000150,966000,1177000,930000,1099000,Naver
2026-03-13,000270,152100,170400,150100,164300,Naver
2026-03-13,000660,851000,985000,808000,910000,Naver
2026-03-13,000720,147400,169000,139800,164400,Naver
2026-03-13,000810,460000,509000,452500,474000,Naver
2026-03-13,000880,128100,141000,117600,122100,Naver
2026-03-13,001440,28050,31650,27150,29950,Naver
2026-03-13,003230,1005000,1170000,981000,1086000,Naver
2026-03-13,003490,22900,25400,22000,24300,Naver
2026-03-13,003550,88400,96500,87000,90000,Naver
2026-03-13,003670,200000,218500,189600,190900,Naver
2026-03-13,005380,504000,561000,491000,517000,Naver
2026-03-13,005387,253000,272000,245000,263500,Naver
2026-03-13,005490,331500,355000,324500,337000,Naver
2026-03-13,005830,181900,190900,172000,177300,Naver
2026-03-13,005930,173500,194800,167300,183500,Naver
2026-03-13,005935,116700,142500,116000,133900,Naver
2026-03-13,005940,29550,34100,29100,31700,Naver
2026-03-13,006260,229000,268000,221000,250000,Naver
2026-03-13,006400,386500,419000,375500,388000,Naver
2026-03-13,006800,61134,74178,58745,69200,Naver
2026-03-13,007660,104600,115800,99600,107100,Naver
2026-03-13,009150,373500,427500,360000,400500,Naver
2026-03-13,009540,390000,439000,379500,416000,Naver
2026-03-13,010120,129600,151200,127000,149400,Naver
2026-03-13,010130,1657000,1736000,1560000,1628000,Naver
2026-03-13,010140,26600,31450,26300,30700,Naver
2026-03-13,010950,136700,138000,107200,108000,Naver
2026-03-13,011070,249000,272500,240000,250000,Naver
2026-03-13,011200,20800,21650,20400,21050,Naver
2026-03-13,012330,402500,447000,393500,404000,Naver
2026-03-13,012450,1516000,1550000,1353000,1488000,Naver
2026-03-13,015760,45150,50600,43550,48300,Naver
2026-03-13,016360,89800,101300,87700,95300,Naver
2026-03-13,017670,71600,79900,71100,75000,Naver
2026-03-13,018260,155600,168500,155000,160900,Naver
2026-03-13,024110,22550,24250,22100,23100,Naver
2026-03-13,028050,31600,34200,30650,32800,Naver
2026-03-13,028260,258000,295500,253500,280500,Naver
2026-03-13,030200,55700,61500,55600,59600,Naver
2026-03-13,032830,192000,232000,190500,216000,Naver
2026-03-13,033780,153000,158800,148000,153000,Naver
2026-03-13,034020,98600,108500,91500,106500,Naver
2026-03-13,034220,11110,12390,10840,11360,Naver
2026-03-13,034730,328000,402500,317000,331000,Naver
2026-03-13,035420,209500,230000,207000,223000,Naver
2026-03-13,035720,50100,53200,48800,50600,Naver
2026-03-13,036930,62500,74300,58700,66100,Naver
2026-03-13,039490,395500,467000,383000,429000,Naver
2026-03-13,042660,122000,141200,120100,136900,Naver
2026-03-13,042700,303500,335500,293000,305500,Naver
2026-03-13,047040,8180,13550,7950,12320,Naver
2026-03-13,047050,80000,85900,71950,73700,Naver
2026-03-13,047810,177000,182700,170000,182700,Naver
2026-03-13,051910,305000,329500,288000,297500,Naver
2026-03-13,055550,85700,94200,83700,90800,Naver
2026-03-13,064350,233000,237500,195100,198500,Naver
2026-03-13,064400,60300,69800,59700,67900,Naver
2026-03-13,066570,110800,122500,108000,113100,Naver
2026-03-13,068270,190537,203977,189775,195875,Naver
2026-03-13,069500,77625,86085,75595,81540,Naver
2026-03-13,071050,208500,241500,206000,219500,Naver
2026-03-13,079550,877000,890000,710000,723000,Naver
2026-03-13,086280,225000,244000,220000,223000,Naver
2026-03-13,086520,160400,174900,150500,150500,Naver
2026-03-13,086790,101000,117500,100800,108900,Naver
2026-03-13,096770,127800,128600,112000,112600,Naver
2026-03-13,102110,77450,86045,75565,81615,Naver
2026-03-13,105560,132900,157700,132900,148900,Naver
2026-03-13,122630,71605,88425,68045,79725,Naver
2026-03-13,133690,160000,163600,158855,162390,Naver
2026-03-13,138040,108000,118000,107500,112000,Naver
2026-03-13,161390,55800,60800,55000,55300,Naver
2026-03-13,180640,113000,130600,111000,115600,Naver
2026-03-13,196170,352500,386500,350000,361500,Naver
2026-03-13,207940,1558000,1693000,1542000,1592000,Naver
2026-03-13,247540,194800,215500,185300,191300,Naver
2026-03-13,259960,210000,251500,209000,244500,Naver
2026-03-13,267250,261500,291000,257000,262500,Naver
2026-03-13,267260,910000,975000,877000,929000,Naver
2026-03-13,272210,173100,173500,140900,144400,Naver
2026-03-13,277810,763000,812000,711000,751000,Naver
2026-03-13,278470,291000,347000,284000,342500,Naver
2026-03-13,278530,27860,30960,27215,29410,Naver
2026-03-13,298040,2372000,2688000,2263000,2593000,Naver
2026-03-13,307950,372000,439500,365500,412500,Naver
2026-03-13,316140,30900,34300,30300,32200,Naver
2026-03-13,323410,22950,25150,22550,23850,Naver
2026-03-13,329180,524000,611000,521000,596000,Naver
2026-03-13,352820,330000,370500,325500,361500,Naver
2026-03-13,360750,24590,24900,24420,24760,Naver
2026-03-13,373220,360000,384000,350500,369000,Naver
2026-03-13,379800,22450,22760,22320,22625,Naver
2026-03-13,379810,23985,24515,23805,24330,Naver
2026-03-13,396500,31625,34165,30500,32365,Naver
2026-03-13,402340,498500,593000,485500,534000,Naver
2026-03-13,443060,159600,182400,158900,173100,Naver
2026-03-13,454910,85500,94700,81400,89500,Naver
2026-03-13,488770,103750,103810,103750,103810,Naver
2026-03-13,950160,113900,118900,96200,103200,Naver
2026-03-20,000150,1094000,1205000,1053000,1186000,Naver
2026-03-20,000270,162800,176300,161800,168500,Naver
2026-03-20,000660,925000,1060000,924000,1007000,Naver
2026-03-20,000720,166400,174900,157500,164000,Naver
2026-03-20,000810,466000,502000,461000,474500,Naver
2026-03-20,000880,121100,128600,120200,120700,Naver
2026-03-20,001440,29900,31300,28500,30700,Naver
2026-03-20,003230,1078000,1164000,1038000,1151000,Naver
2026-03-20,003490,24200,26350,23950,26350,Naver
2026-03-20,003550,90200,95500,88600,95500,Naver
2026-03-20,003670,189500,204000,188200,199200,Naver
2026-03-20,005380,511000,545000,499000,517000,Naver
2026-03-20,005387,262500,279500,258000,264500,Naver
2026-03-20,005490,337000,352750,332500,343500,Naver
2026-03-20,005830,175700,193400,174300,186700,Naver
2026-03-20,005930,184600,209000,183600,199400,Naver
2026-03-20,005935,134200,149250,133900,139200,Naver
2026-03-20,005940,31850,35800,31550,35600,Naver
2026-03-20,006260,271000,312000,261500,303500,Naver
2026-03-20,006400,395000,414000,380000,400500,Naver
2026-03-20,006800,70700,73000,66600,67700,Naver
2026-03-20,007660,107100,132500,103100,126800,Naver
2026-03-20,009150,402000,488500,402000,464500,Naver
2026-03-20,009540,413500,434500,404000,404500,Naver
2026-03-20,010120,149000,181400,143600,177200,Naver
2026-03-20,010130,1640000,1699000,1580000,1587000,Naver
2026-03-20,010140,30500,30500,28150,28550,Naver
2026-03-20,010950,105300,115800,103600,111800,Naver
2026-03-20,011070,250000,299000,249500,296000,Naver
2026-03-20,011200,21250,21800,20700,21250,Naver
2026-03-20,012330,400500,431000,392000,400500,Naver
2026-03-20,012450,1478000,1522000,1306000,1320000,Naver
2026-03-20,015760,48550,50300,46500,49150,Naver
2026-03-20,016360,95300,103100,94700,102300,Naver
2026-03-20,017670,76000,81500,75800,78800,Naver
2026-03-20,018260,160800,168200,158200,162600,Naver
2026-03-20,024110,23100,24350,22700,24100,Naver
2026-03-20,028050,32500,36150,31150,35300,Naver
2026-03-20,028260,279000,305000,273500,297500,Naver
2026-03-20,030200,59100,61300,58600,60700,Naver
2026-03-20,032830,213500,245500,209500,231500,Naver
2026-03-20,033780,152900,159200,152100,157500,Naver
2026-03-20,034020,108000,112100,104400,109600,Naver
2026-03-20,034220,11400,12300,11360,12030,Naver
2026-03-20,034730,328000,365000,327000,360000,Naver
2026-03-20,035420,222000,228500,216000,221500,Naver
2026-03-20,035720,50900,52000,49900,50000,Naver
2026-03-20,036930,66100,78500,60700,72800,Naver
2026-03-20,039490,422000,475000,421500,460500,Naver
2026-03-20,042660,135400,139000,127700,129100,Naver
2026-03-20,042700,304500,318500,290000,309500,Naver
2026-03-20,047040,12700,19430,11910,19110,Naver
2026-03-20,047050,74800,79700,70900,77000,Naver
2026-03-20,047810,190000,206500,185600,185700,Naver
2026-03-20,051910,296000,324000,288000,310000,Naver
2026-03-20,055550,89900,98800,88900,97900,Naver
2026-03-20,064350,193500,199500,180100,180100,Naver
2026-03-20,064400,67600,67900,64500,67600,Naver
2026-03-20,066570,112900,120700,112300,117900,Naver
2026-03-20,068270,193969,202071,190156,192539,Naver
2026-03-20,069500,81960,89580,81235,86660,Naver
2026-03-20,071050,218500,241000,216000,234500,Naver
2026-03-20,079550,712000,773000,661000,661000,Naver
2026-03-20,086280,224000,238500,215500,230500,Naver
2026-03-20,086520,150700,155000,143200,150900,Naver
2026-03-20,086790,107000,115400,107000,113200,Naver
2026-03-20,096770,111700,117700,108500,113900,Naver
2026-03-20,102110,81920,89550,81225,86610,Naver
2026-03-20,105560,149300,158900,147200,155200,Naver
2026-03-20,122630,80235,95500,78690,89320,Naver
2026-03-20,133690,162225,164245,160720,161845,Naver
2026-03-20,138040,111000,117300,109900,110100,Naver
2026-03-20,161390,55200,58700,53600,57400,Naver
2026-03-20,180640,114800,143000,114600,130000,Naver
2026-03-20,196170,360000,364000,347000,353500,Naver
2026-03-20,207940,1590000,1650000,1551000,1601000,Naver
2026-03-20,247540,189700,197000,181300,191900,Naver
2026-03-20,259960,247000,247000,228500,235500,Naver
2026-03-20,267250,260500,281500,256000,265500,Naver
2026-03-20,267260,920000,986000,890000,959000,Naver
2026-03-20,272210,141100,149100,135700,136000,Naver
2026-03-20,277810,738000,753000,650000,659000,Naver
2026-03-20,278470,342000,377000,318500,359500,Naver
2026-03-20,278530,29475,32225,29225,31180,Naver
2026-03-20,298040,2599000,2777000,2464000,2735000,Naver
2026-03-20,307950,408000,465500,407000,430500,Naver
2026-03-20,316140,31900,34600,31600,33900,Naver
2026-03-20,323410,23650,25600,23400,25100,Naver
2026-03-20,329180,592000,598000,555000,559000,Naver
2026-03-20,352820,372000,375500,338500,344000,Naver
2026-03-20,360750,24760,24900,24440,24620,Naver
2026-03-20,373220,368500,390500,363500,375500,Naver
2026-03-20,379800,22605,22760,22340,22505,Naver
2026-03-20,379810,24330,24610,24080,24255,Naver
2026-03-20,396500,32415,35220,31820,34205,Naver
2026-03-20,402340,536000,637000,532000,608000,Naver
2026-03-20,443060,172400,185800,166300,182700,Naver
2026-03-20,454910,89000,91200,86300,89300,Naver
2026-03-20,488770,103820,103875,103815,103875,Naver
2026-03-20,950160,103000,108000,96500,98200,Naver
2026-03-27,000150,1125000,1280000,1065000,1203000,Naver
2026-03-27,000270,162100,164200,149400,155800,Naver
2026-03-27,000660,952000,1042000,880000,922000,Naver
2026-03-27,000720,165600,165600,142600,149800,Naver
2026-03-27,000810,459000,500000,432500,443000,Naver
2026-03-27,000880,114200,121900,103900,111500,Naver
2026-03-27,001440,29800,30900,27000,28250,Naver
2026-03-27,003230,1136000,1250000,1135000,1183000,Naver
2026-03-27,003490,25300,26050,24200,25300,Naver
2026-03-27,003550,91200,91300,84800,89000,Naver
2026-03-27,003670,191100,212500,186000,209000,Naver
2026-03-27,005380,500000,518000,467000,495000,Naver
2026-03-27,005387,258000,261500,244000,257000,Naver
2026-03-27,005490,333000,351000,325000,343000,Naver
2026-03-27,005830,178700,198900,166400,172900,Naver
2026-03-27,005930,190500,196400,172000,179700,Naver
2026-03-27,005935,131300,139100,119800,126200,Naver
2026-03-27,005940,34050,35150,32150,34250,Naver
2026-03-27,006260,289500,295000,256500,268000,Naver
2026-03-27,006400,386500,413500,375000,405500,Naver
2026-03-27,006800,65000,69800,59600,67100,Naver
2026-03-27,007660,121600,128600,106800,110500,Naver
2026-03-27,009150,440500,466500,418000,434000,Naver
2026-03-27,009540,392000,394500,354000,367000,Naver
2026-03-27,010120,170800,176000,152400,160200,Naver
2026-03-27,010130,1551000,1606000,1415000,1483000,Naver
2026-03-27,010140,27600,27650,25000,26000,Naver
2026-03-27,010950,111000,114800,104900,109700,Naver
2026-03-27,011070,282500,323000,277500,320500,Naver
2026-03-27,011200,20750,20800,19110,19660,Naver
2026-03-27,012330,379500,411000,372000,408500,Naver
2026-03-27,012450,1300000,1425000,1232000,1335000,Naver
2026-03-27,015760,47300,47750,42200,43900,Naver
2026-03-27,016360,97300,99200,91600,97600,Naver
2026-03-27,017670,76100,82100,73900,79900,Naver
2026-03-27,018260,158100,161200,151700,156300,Naver
2026-03-27,024110,23700,23850,22750,23550,Naver
2026-03-27,028050,40150,40700,31050,33100,Naver
2026-03-27,028260,286500,294000,258000,269000,Naver
2026-03-27,030200,59100,61400,56700,60800,Naver
2026-03-27,032830,225500,235500,213000,223000,Naver
2026-03-27,033780,153800,160500,150700,158000,Naver
2026-03-27,034020,107100,107200,95100,98100,Naver
2026-03-27,034220,11740,12070,10930,11500,Naver
2026-03-27,034730,344000,356500,315500,334000,Naver
2026-03-27,035420,215500,218500,206000,212500,Naver
2026-03-27,035720,48900,50300,46900,48800,Naver
2026-03-27,036930,71500,85700,68500,70000,Naver
2026-03-27,039490,433000,438250,397000,435000,Naver
2026-03-27,042660,125000,130300,117300,123200,Naver
2026-03-27,042700,301500,313000,257000,275500,Naver
2026-03-27,047040,19730,19750,15430,17260,Naver
2026-03-27,047050,81500,82500,72600,74500,Naver
2026-03-27,047810,179000,191500,168300,186500,Naver
2026-03-27,051910,298000,326500,289000,313000,Naver
2026-03-27,055550,94000,94600,88200,93500,Naver
2026-03-27,064350,176300,196200,166600,184200,Naver
2026-03-27,064400,65200,65300,59100,61100,Naver
2026-03-27,066570,111300,117300,107700,112000,Naver
2026-03-27,068270,185867,198020,178909,196352,Naver
2026-03-27,069500,83165,86455,77740,81225,Naver
2026-03-27,071050,220000,224500,203500,220000,Naver
2026-03-27,079550,661000,765000,621000,735000,Naver
2026-03-27,086280,221500,235000,215000,231500,Naver
2026-03-27,086520,145100,154300,138500,149000,Naver
2026-03-27,086790,107900,110700,104200,110400,Naver
2026-03-27,096770,111100,114700,105100,111400,Naver
2026-03-27,102110,83120,86425,77745,81190,Naver
2026-03-27,105560,147900,153400,144100,152200,Naver
2026-03-27,122630,81795,88120,71005,77690,Naver
2026-03-27,133690,158815,161545,157745,158760,Naver
2026-03-27,138040,106600,118200,103400,116400,Naver
2026-03-27,161390,55900,59300,54100,58000,Naver
2026-03-27,180640,124800,129900,112500,117200,Naver
2026-03-27,196170,341000,399500,329000,381000,Naver
2026-03-27,207940,1556000,1619000,1519000,1606000,Naver
2026-03-27,247540,183800,207000,178300,202500,Naver
2026-03-27,259960,230000,256000,228000,254500,Naver
2026-03-27,267250,252000,274500,238500,257500,Naver
2026-03-27,267260,925000,1006000,887000,915000,Naver
2026-03-27,272210,134700,137200,118100,124100,Naver
2026-03-27,277810,626000,633000,526000,567000,Naver
2026-03-27,278470,346000,349000,307000,327000,Naver
2026-03-27,278530,29880,31100,27970,29235,Naver
2026-03-27,298040,2643000,3075000,2550000,2676000,Naver
2026-03-27,307950,417500,424500,367000,394000,Naver
2026-03-27,316140,32450,33750,31450,33600,Naver
2026-03-27,323410,24050,24800,23200,24650,Naver
2026-03-27,329180,535000,539000,480000,498500,Naver
2026-03-27,352820,318500,320500,286000,307000,Naver
2026-03-27,360750,24365,24665,24205,24420,Naver
2026-03-27,373220,362000,400000,355000,394500,Naver
2026-03-27,379800,22170,22540,22125,22320,Naver
2026-03-27,379810,23780,24210,23630,23795,Naver
2026-03-27,396500,33005,34315,29960,31450,Naver
2026-03-27,402340,564000,633000,521000,544000,Naver
2026-03-27,443060,176000,187300,169100,183900,Naver
2026-03-27,454910,86600,89700,81100,84900,Naver
2026-03-27,488770,103875,103935,103875,103935,Naver
2026-03-27,950160,96400,130700,90000,127000,Naver
2026-04-03,000150,1118000,1134000,1009000,1071000,Naver
2026-04-03,000270,147400,160300,143800,150200,Naver
2026-04-03,000660,867000,914000,806000,876000,Naver
2026-04-03,000720,140800,165400,139600,151100,Naver
2026-04-03,000810,421500,462000,419000,441500,Naver
2026-04-03,000880,103400,118800,103400,113700,Naver
2026-04-03,001440,26600,31400,26500,29200,Naver
2026-04-03,003230,1159000,1326000,1138000,1240000,Naver
2026-04-03,003490,23950,24950,22800,23000,Naver
2026-04-03,003550,84400,89000,81800,86500,Naver
2026-04-03,003670,203500,230000,201500,211500,Naver
2026-04-03,005380,468500,499500,445000,471000,Naver
2026-04-03,005387,245000,250500,231500,238000,Naver
2026-04-03,005490,330000,362000,329000,347500,Naver
2026-04-03,005830,162600,172500,160000,162000,Naver
2026-04-03,005930,171000,193600,167000,186200,Naver
2026-04-03,005935,119300,128700,113500,124400,Naver
2026-04-03,005940,31700,32400,29300,29950,Naver
2026-04-03,006260,246500,285000,246000,268000,Naver
2026-04-03,006400,389000,460000,388500,438500,Naver
2026-04-03,006800,63100,68300,60700,63100,Naver
2026-04-03,007660,104100,111800,96300,102600,Naver
2026-04-03,009150,406000,462500,396500,456000,Naver
2026-04-03,009540,350000,383500,340500,375000,Naver
2026-04-03,010120,149800,165200,143000,153800,Naver
2026-04-03,010130,1407000,1571000,1395000,1484000,Naver
2026-04-03,010140,24550,28950,24200,27900,Naver
2026-04-03,010950,106300,113500,104700,111400,Naver
2026-04-03,011070,304000,348000,291500,324500,Naver
2026-04-03,011200,19220,20700,19110,20050,Naver
2026-04-03,012330,383500,414000,376500,388500,Naver
2026-04-03,012450,1276000,1480000,1217000,1449000,Naver
2026-04-03,015760,41650,44200,39850,40300,Naver
2026-04-03,016360,93100,99500,91300,93400,Naver
2026-04-03,017670,77600,81000,75800,80900,Naver
2026-04-03,018260,150700,156700,149300,152200,Naver
2026-04-03,024110,22200,22500,21100,21350,Naver
2026-04-03,028050,31400,42000,31150,40550,Naver
2026-04-03,028260,248500,281000,245500,263000,Naver
2026-04-03,030200,58500,62300,58400,59500,Naver
2026-04-03,032830,209500,231500,208000,221000,Naver
2026-04-03,033780,152400,164800,152100,156300,Naver
2026-04-03,034020,93000,101400,91100,96600,Naver
2026-04-03,034220,11000,12040,10740,10860,Naver
2026-04-03,034730,315000,331500,298000,312500,Naver
2026-04-03,035420,205500,212000,194600,197500,Naver
2026-04-03,035720,46850,48900,45050,45200,Naver
2026-04-03,036930,66100,67400,59600,62200,Naver
2026-04-03,039490,407500,448000,398500,412000,Naver
2026-04-03,042660,117100,132100,115100,128000,Naver
2026-04-03,042700,259500,282500,242500,260000,Naver
2026-04-03,047040,16560,19880,15510,16810,Naver
2026-04-03,047050,73900,87200,71100,85100,Naver
2026-04-03,047810,177500,195300,164200,182600,Naver
2026-04-03,051910,299000,328500,297000,304500,Naver
2026-04-03,055550,88400,97300,87300,91800,Naver
2026-04-03,064350,175500,213000,168700,210000,Naver
2026-04-03,064400,58300,61000,55400,57600,Naver
2026-04-03,066570,105700,116400,103600,108300,Naver
2026-04-03,068270,188441,198258,184818,186153,Naver
2026-04-03,069500,77325,83755,75110,80575,Naver
2026-04-03,071050,207500,227500,200500,212000,Naver
2026-04-03,079550,714000,893000,604000,860000,Naver
2026-04-03,086280,216000,224500,204000,210000,Naver
2026-04-03,086520,141600,155200,139400,141500,Naver
2026-04-03,086790,103500,117000,103200,109700,Naver
2026-04-03,096770,107400,120200,106500,118200,Naver
2026-04-03,102110,76780,83750,75115,80495,Naver
2026-04-03,105560,143500,155300,141400,145500,Naver
2026-04-03,122630,70090,81845,66180,75240,Naver
2026-04-03,133690,154115,161060,153650,160160,Naver
2026-04-03,138040,111300,117900,110800,112300,Naver
2026-04-03,161390,55100,57500,51900,52000,Naver
2026-04-03,180640,110100,120900,106000,108900,Naver
2026-04-03,196170,368000,383000,340500,365500,Naver
2026-04-03,207940,1537000,1657000,1480000,1554000,Naver
2026-04-03,247540,196500,211000,190000,192600,Naver
2026-04-03,259960,247500,265000,243000,243500,Naver
2026-04-03,267250,236000,258500,233500,245000,Naver
2026-04-03,267260,871000,943000,830000,883000,Naver
2026-04-03,272210,116100,138900,113500,135400,Naver
2026-04-03,277810,539000,601000,516000,540000,Naver
2026-04-03,278470,319000,358500,314000,327000,Naver
2026-04-03,278530,27685,30140,27020,28960,Naver
2026-04-03,298040,2516000,2745000,2400000,2560000,Naver
2026-04-03,307950,373000,416000,357000,380500,Naver
2026-04-03,316140,31800,33950,31550,31950,Naver
2026-04-03,323410,23650,24900,23200,23450,Naver
2026-04-03,329180,466000,490000,428000,479500,Naver
2026-04-03,352820,299500,309500,264000,270000,Naver
2026-04-03,360750,23865,24705,23715,24570,Naver
2026-04-03,373220,379500,421500,377000,398500,Naver
2026-04-03,379800,21770,22570,21675,22455,Naver
2026-04-03,379810,23405,24132,23020,23995,Naver
2026-04-03,396500,29760,32125,28350,30815,Naver
2026-04-03,402340,503000,522000,460000,483000,Naver
2026-04-03,443060,174100,190900,170000,178400,Naver
2026-04-03,454910,80500,89100,78200,82500,Naver
2026-04-03,488770,103935,103995,103935,103995,Naver
2026-04-03,950160,122200,126800,97500,100200,Naver
2026-04-10,000150,1061000,1309000,1027000,1281000,Naver
2026-04-10,000270,151000,163200,149000,149000,Naver
2026-04-10,000660,877000,1056000,869000,1027000,Naver
2026-04-10,000720,151100,198400,150100,179500,Naver
2026-04-10,000810,442500,474000,439000,469500,Naver
2026-04-10,000880,115200,129000,112800,125600,Naver
2026-04-10,001440,29300,32300,27800,31700,Naver
2026-04-10,003230,1232000,1244000,1149000,1238000,Naver
2026-04-10,003490,23150,25050,22850,24700,Naver
2026-04-10,003550,86500,93800,85900,93000,Naver
2026-04-10,003670,210500,225000,207750,217500,Naver
2026-04-10,005380,469500,514000,465000,489500,Naver
2026-04-10,005387,238000,249000,231000,240000,Naver
2026-04-10,005490,349500,373500,343000,369000,Naver
2026-04-10,005830,162900,173900,158700,169300,Naver
2026-04-10,005930,190900,214500,190100,206000,Naver
2026-04-10,005935,126800,141000,126500,140400,Naver
2026-04-10,005940,29950,35000,29800,34050,Naver
2026-04-10,006260,269000,298500,257000,293500,Naver
2026-04-10,006400,441000,493500,438000,481000,Naver
2026-04-10,006800,63400,68600,61100,66500,Naver
2026-04-10,007660,103800,121900,102500,114900,Naver
2026-04-10,009150,455500,583000,450000,565000,Naver
2026-04-10,009540,375000,401000,370500,394000,Naver
2026-04-10,010120,159800,165800,153400,157600,Naver
2026-04-10,010130,1490000,1615000,1456000,1581000,Naver
2026-04-10,010140,27700,29300,26500,28550,Naver
2026-04-10,010950,111300,122300,110000,120700,Naver
2026-04-10,011070,325000,383500,320000,380000,Naver
2026-04-10,011200,20200,21900,20000,21650,Naver
2026-04-10,012330,388500,414500,383500,402500,Naver
2026-04-10,012450,1449000,1545000,1410000,1507000,Naver
2026-04-10,015760,40300,44900,39650,43400,Naver
2026-04-10,016360,93500,108300,93400,106800,Naver
2026-04-10,017670,80300,99700,79500,93000,Naver
2026-04-10,018260,153000,158400,147200,148700,Naver
2026-04-10,024110,21350,22550,21250,22350,Naver
2026-04-10,028050,43000,54500,42550,51200,Naver
2026-04-10,028260,265500,314000,265500,302500,Naver
2026-04-10,030200,59700,63700,59100,62100,Naver
2026-04-10,032830,222000,243000,220500,234500,Naver
2026-04-10,033780,156500,164900,154000,164300,Naver
2026-04-10,034020,96500,101700,94000,100200,Naver
2026-04-10,034220,10880,12940,10780,12660,Naver
2026-04-10,034730,311500,362000,307000,354000,Naver
2026-04-10,035420,197100,206500,194200,202000,Naver
2026-04-10,035720,45000,48600,44000,47700,Naver
2026-04-10,036930,62300,69700,58950,63400,Naver
2026-04-10,039490,410000,470000,405000,453000,Naver
2026-04-10,042660,126800,128600,120200,123400,Naver
2026-04-10,042700,259500,290500,247500,286000,Naver
2026-04-10,047040,17030,26100,16940,24300,Naver
2026-04-10,047050,84100,85200,72200,75200,Naver
2026-04-10,047810,181000,205500,180000,199900,Naver
2026-04-10,051910,303500,367000,303500,356000,Naver
2026-04-10,055550,92200,99800,91300,98700,Naver
2026-04-10,064350,208000,218000,201000,210000,Naver
2026-04-10,064400,57900,63600,56500,63300,Naver
2026-04-10,066570,108100,120700,105000,118400,Naver
2026-04-10,068270,186058,195399,182626,190347,Naver
2026-04-10,069500,81410,90070,81207,88655,Naver
2026-04-10,071050,212000,247000,211000,241500,Naver
2026-04-10,079550,856000,949000,794000,921000,Naver
2026-04-10,086280,210500,223500,205500,218500,Naver
2026-04-10,086520,141900,155100,141900,146400,Naver
2026-04-10,086790,109900,121200,109800,119500,Naver
2026-04-10,096770,117900,128700,115500,122400,Naver
2026-04-10,102110,81380,90095,81195,88705,Naver
2026-04-10,105560,145800,162700,145100,158300,Naver
2026-04-10,122630,76495,93500,75775,90650,Naver
2026-04-10,133690,160165,165070,160165,164750,Naver
2026-04-10,138040,112000,119200,110800,115600,Naver
2026-04-10,161390,52400,65000,52000,65000,Naver
2026-04-10,180640,109000,119900,106200,117700,Naver
2026-04-10,196170,365000,381000,353000,361500,Naver
2026-04-10,207940,1560000,1660000,1545000,1571000,Naver
2026-04-10,247540,192600,214500,192600,201500,Naver
2026-04-10,259960,243500,246500,230000,237500,Naver
2026-04-10,267250,243500,261500,235000,252000,Naver
2026-04-10,267260,903000,1020000,883000,999000,Naver
2026-04-10,272210,136400,137900,126500,133300,Naver
2026-04-10,277810,547000,620000,539000,589000,Naver
2026-04-10,278470,327500,396000,316000,393000,Naver
2026-04-10,278530,29270,32425,29225,31920,Naver
2026-04-10,298040,2591000,3072000,2587000,2940000,Naver
2026-04-10,307950,380000,421500,365000,391500,Naver
2026-04-10,316140,32000,34500,31750,34150,Naver
2026-04-10,323410,23450,25550,23300,25250,Naver
2026-04-10,329180,476500,498500,463000,475000,Naver
2026-04-10,352820,270000,273500,250000,254000,Naver
2026-04-10,360750,24565,25145,24555,25105,Naver
2026-04-10,373220,399500,423000,399500,412000,Naver
2026-04-10,379800,22465,22980,22445,22945,Naver
2026-04-10,379810,24005,24735,23995,24680,Naver
2026-04-10,396500,30995,34620,30615,34045,Naver
2026-04-10,402340,482000,593000,480000,568000,Naver
2026-04-10,443060,177600,188300,170500,186400,Naver
2026-04-10,454910,82900,91500,80800,89500,Naver
2026-04-10,488770,104000,104055,104000,104050,Naver
2026-04-10,950160,99600,108100,97000,99300,Naver
2026-04-17,000150,1225000,1409000,1224000,1330000,Naver
2026-04-17,000270,147400,159900,145700,159200,Naver
2026-04-17,000660,999000,1173000,996000,1128000,Naver
2026-04-17,000720,172000,186500,170200,177000,Naver
2026-04-17,000810,467000,515000,460500,480000,Naver
2026-04-17,000880,124400,135400,120400,131600,Naver
2026-04-17,001440,31000,42700,30800,39300,Naver
2026-04-17,003230,1259000,1399000,1233000,1376000,Naver
2026-04-17,003490,23900,25500,23800,25050,Naver
2026-04-17,003550,91700,95000,90500,94800,Naver
2026-04-17,003670,214000,237000,211000,234500,Naver
2026-04-17,005380,476500,548000,474500,538000,Naver
2026-04-17,005387,234500,255500,231000,250500,Naver
2026-04-17,005490,362500,386000,355500,385000,Naver
2026-04-17,005830,166800,173600,163200,173300,Naver
2026-04-17,005930,198200,218000,198200,216000,Naver
2026-04-17,005935,136000,149200,135500,146600,Naver
2026-04-17,005940,33400,36350,33200,35300,Naver
2026-04-17,006260,287500,347000,286500,329500,Naver
2026-04-17,006400,476500,515000,463000,513000,Naver
2026-04-17,006800,64900,74100,64400,70400,Naver
2026-04-17,007660,112100,128400,112000,120300,Naver
2026-04-17,009150,555000,693000,554000,679000,Naver
2026-04-17,009540,385000,422000,383500,419500,Naver
2026-04-17,010120,171200,200000,171200,186500,Naver
2026-04-17,010130,1552000,1735000,1546000,1679000,Naver
2026-04-17,010140,27850,29250,27500,29050,Naver
2026-04-17,010950,123300,124500,115000,117300,Naver
2026-04-17,011070,366000,398500,358000,394000,Naver
2026-04-17,011200,21500,21600,20850,21100,Naver
2026-04-17,012330,391500,433500,386500,427000,Naver
2026-04-17,012450,1526000,1570000,1421000,1423000,Naver
2026-04-17,015760,42500,46450,41600,45900,Naver
2026-04-17,016360,104500,113600,104100,110000,Naver
2026-04-17,017670,94000,100400,92000,98300,Naver
2026-04-17,018260,147300,194000,146100,182500,Naver
2026-04-17,024110,22100,22850,21900,22550,Naver
2026-04-17,028050,49650,53700,48350,49550,Naver
2026-04-17,028260,293500,317000,286000,301500,Naver
2026-04-17,030200,61800,65100,61600,63900,Naver
2026-04-17,032830,233500,262500,231000,253500,Naver
2026-04-17,033780,162300,173300,162300,171300,Naver
2026-04-17,034020,97900,112000,96700,108500,Naver
2026-04-17,034220,12550,14680,12220,14410,Naver
2026-04-17,034730,342500,377000,340500,368500,Naver
2026-04-17,035420,197700,220000,196800,216500,Naver
2026-04-17,035720,46550,51200,46300,50000,Naver
2026-04-17,036930,61800,74300,61000,70400,Naver
2026-04-17,039490,440500,489000,440000,448000,Naver
2026-04-17,042660,120700,132000,120000,130000,Naver
2026-04-17,042700,278000,296500,275000,286500,Naver
2026-04-17,047040,23350,29450,22750,28700,Naver
2026-04-17,047050,77000,77600,71300,74800,Naver
2026-04-17,047810,198700,198800,187800,188400,Naver
2026-04-17,051910,344000,365000,336000,360000,Naver
2026-04-17,055550,96900,101200,96300,99600,Naver
2026-04-17,064350,210500,223500,204000,216000,Naver
2026-04-17,064400,61500,67500,60400,66300,Naver
2026-04-17,066570,115300,127000,114700,124200,Naver
2026-04-17,068270,186630,201118,184533,197782,Naver
2026-04-17,069500,86465,94755,86410,94050,Naver
2026-04-17,071050,236000,265000,235000,257000,Naver
2026-04-17,079550,978000,979000,870000,876000,Naver
2026-04-17,086280,214500,232000,210500,227500,Naver
2026-04-17,086520,146000,154000,143700,151900,Naver
2026-04-17,086790,117000,124800,116300,123500,Naver
2026-04-17,096770,122000,129500,118600,129400,Naver
2026-04-17,102110,86565,94785,86450,94085,Naver
2026-04-17,105560,156800,163700,155300,162300,Naver
2026-04-17,122630,86205,103320,86080,101915,Naver
2026-04-17,133690,164565,173075,164100,172915,Naver
2026-04-17,138040,114300,122700,112900,117700,Naver
2026-04-17,161390,61500,62900,59000,59500,Naver
2026-04-17,180640,113700,121000,110000,117000,Naver
2026-04-17,196170,353000,379000,346000,366000,Naver
2026-04-17,207940,1564000,1625000,1530000,1601000,Naver
2026-04-17,247540,201500,211500,197700,208000,Naver
2026-04-17,259960,237500,271000,233000,263500,Naver
2026-04-17,267250,246500,268000,241500,259500,Naver
2026-04-17,267260,984000,1106000,975000,1087000,Naver
2026-04-17,272210,138200,138200,128500,129500,Naver
2026-04-17,277810,580000,633000,573000,615000,Naver
2026-04-17,278470,395000,425000,381500,419500,Naver
2026-04-17,278530,31095,34115,31090,33840,Naver
2026-04-17,298040,2910000,3177000,2900000,2980000,Naver
2026-04-17,307950,385500,455500,379000,432000,Naver
2026-04-17,316140,33750,36200,33350,35700,Naver
2026-04-17,323410,25000,26050,24700,25350,Naver
2026-04-17,329180,468000,517000,461500,514000,Naver
2026-04-17,352820,249500,272000,245500,262500,Naver
2026-04-17,360750,25065,25960,24980,25940,Naver
2026-04-17,373220,409500,422000,399000,418000,Naver
2026-04-17,379800,22905,23730,22830,23705,Naver
2026-04-17,379810,24650,25930,24590,25905,Naver
2026-04-17,396500,33180,35950,33015,35735,Naver
2026-04-17,402340,551000,698000,545000,682000,Naver
2026-04-17,443060,180200,191700,179700,189000,Naver
2026-04-17,454910,87700,95700,86900,93500,Naver
2026-04-17,488770,104060,104115,104060,104115,Naver
2026-04-17,950160,97500,116700,89600,106800,Naver
2026-04-24,000150,1363000,1549000,1363000,1541000,Naver
2026-04-24,000270,158500,164800,153400,153400,Naver
2026-04-24,000660,1148000,1267000,1141000,1222000,Naver
2026-04-24,000720,171800,179500,166800,173000,Naver
2026-04-24,000810,481500,485000,451000,456000,Naver
2026-04-24,000880,132100,132500,125000,131100,Naver
2026-04-24,001440,39300,44800,38700,42850,Naver
2026-04-24,003230,1373000,1409000,1308000,1315000,Naver
2026-04-24,003490,25050,25775,24450,24850,Naver
2026-04-24,003550,94800,98900,93300,96000,Naver
2026-04-24,003670,236000,262000,234000,252000,Naver
2026-04-24,005380,533000,551000,510000,513000,Naver
2026-04-24,005387,250500,258000,244000,245000,Naver
2026-04-24,005490,386500,423000,385000,415000,Naver
2026-04-24,005830,176500,177400,168000,175000,Naver
2026-04-24,005930,214500,229500,213000,219500,Naver
2026-04-24,005935,145200,160800,145100,153700,Naver
2026-04-24,005940,35050,36450,34100,35100,Naver
2026-04-24,006260,336000,402500,331000,398500,Naver
2026-04-24,006400,515000,686000,509000,641000,Naver
2026-04-24,006800,70000,71000,65700,66900,Naver
2026-04-24,007660,122000,164400,121800,153400,Naver
2026-04-24,009150,691000,816000,669000,788000,Naver
2026-04-24,009540,422500,477500,412500,476000,Naver
2026-04-24,010120,187400,234000,182600,226500,Naver
2026-04-24,010130,1697000,1749000,1624000,1642000,Naver
2026-04-24,010140,29150,35350,28550,34400,Naver
2026-04-24,010950,118200,122000,113600,119400,Naver
2026-04-24,011070,404000,568000,394500,542000,Naver
2026-04-24,011200,21200,21350,20450,21100,Naver
2026-04-24,012330,426500,472000,418500,422500,Naver
2026-04-24,012450,1447000,1525000,1390000,1463000,Naver
2026-04-24,015760,45900,47650,44850,46200,Naver
2026-04-24,016360,110200,113700,107700,111600,Naver
2026-04-24,017670,98300,102600,95600,100000,Naver
2026-04-24,018260,182400,186200,169200,169800,Naver
2026-04-24,024110,22750,22800,22050,22350,Naver
2026-04-24,028050,50300,53400,48450,52500,Naver
2026-04-24,028260,305000,323500,298500,311500,Naver
2026-04-24,030200,64500,64600,61400,61700,Naver
2026-04-24,032830,256500,260000,244000,244500,Naver
2026-04-24,033780,173500,179500,168000,176200,Naver
2026-04-24,034020,109200,127950,108600,127100,Naver
2026-04-24,034220,14390,15840,12610,12770,Naver
2026-04-24,034730,369000,411000,362500,398500,Naver
2026-04-24,035420,216000,221000,211500,214000,Naver
2026-04-24,035720,49850,49850,47700,48050,Naver
2026-04-24,036930,71900,138900,70300,123900,Naver
2026-04-24,039490,450000,469000,435500,449500,Naver
2026-04-24,042660,130800,136800,128200,134900,Naver
2026-04-24,042700,286500,306500,282500,295500,Naver
2026-04-24,047040,28300,36200,27650,32800,Naver
2026-04-24,047050,74900,81900,73700,81300,Naver
2026-04-24,047810,188600,190300,167400,171400,Naver
2026-04-24,051910,360000,403500,359000,391500,Naver
2026-04-24,055550,100900,101400,97000,100000,Naver
2026-04-24,064350,222000,253000,215500,233000,Naver
2026-04-24,064400,65600,69600,64900,66700,Naver
2026-04-24,066570,123700,135900,123000,127500,Naver
2026-04-24,068270,197782,202071,191586,199211,Naver
2026-04-24,069500,94485,99855,93755,98000,Naver
2026-04-24,071050,259000,269000,249500,259000,Naver
2026-04-24,079550,895000,1118000,888000,989000,Naver
2026-04-24,086280,227500,240000,221500,222500,Naver
2026-04-24,086520,151200,166700,150000,156600,Naver
2026-04-24,086790,124900,127400,118200,123300,Naver
2026-04-24,096770,129300,135500,127200,132900,Naver
2026-04-24,102110,94390,99895,93795,98025,Naver
2026-04-24,105560,166500,166500,155000,157400,Naver
2026-04-24,122630,102500,114550,101115,110215,Naver
2026-04-24,133690,173660,177400,172930,177195,Naver
2026-04-24,138040,119400,119400,114500,114500,Naver
2026-04-24,161390,60600,67000,59000,62700,Naver
2026-04-24,180640,117700,122000,112900,114200,Naver
2026-04-24,196170,368000,382000,355000,369000,Naver
2026-04-24,207940,1607000,1614000,1513000,1528000,Naver
2026-04-24,247540,208000,222500,203500,208000,Naver
2026-04-24,259960,269500,283000,252500,274500,Naver
2026-04-24,267250,265000,293500,249000,288000,Naver
2026-04-24,267260,1094000,1299000,1034000,1248000,Naver
2026-04-24,272210,131200,137700,128300,130400,Naver
2026-04-24,277810,614000,626000,585000,612000,Naver
2026-04-24,278470,424000,457000,408000,450000,Naver
2026-04-24,278530,33965,35965,33765,35295,Naver
2026-04-24,298040,2991000,3588000,2961000,3552000,Naver
2026-04-24,307950,427000,460500,421500,429500,Naver
2026-04-24,316140,36050,36250,34350,35050,Naver
2026-04-24,323410,25350,25600,24350,25300,Naver
2026-04-24,329180,524000,675000,511000,671000,Naver
2026-04-24,352820,261500,261500,243500,252000,Naver
2026-04-24,360750,25970,26260,25875,26230,Naver
2026-04-24,373220,419500,493000,416500,481000,Naver
2026-04-24,379800,23735,24000,23650,23970,Naver
2026-04-24,379810,26025,26585,25910,26550,Naver
2026-04-24,396500,35755,38430,35660,38215,Naver
2026-04-24,402340,699000,767000,690000,725000,Naver
2026-04-24,443060,191200,255000,190000,253500,Naver
2026-04-24,454910,93000,95400,90600,94100,Naver
2026-04-24,488770,104125,104180,104125,104180,Naver
2026-04-24,950160,107000,109600,97100,101000,Naver
2026-04-30,000150,1595000,1682000,1537000,1596000,Naver
2026-04-30,000270,153800,159200,151700,151800,Naver
2026-04-30,000660,1253000,1328000,1249000,1286000,Naver
2026-04-30,000720,173600,179300,160900,161800,Naver
2026-04-30,000810,458500,485000,452500,461000,Naver
2026-04-30,000880,132000,138800,127600,133400,Naver
2026-04-30,001440,44100,59400,42800,56300,Naver
2026-04-30,003230,1322000,1374000,1251000,1341000,Naver
2026-04-30,003490,24900,25275,24200,24550,Naver
2026-04-30,003550,96400,102700,95300,99100,Naver
2026-04-30,003670,256500,268500,246000,252000,Naver
2026-04-30,005380,520000,574000,515000,531000,Naver
2026-04-30,005387,246500,264000,245000,248000,Naver
2026-04-30,005490,422000,482000,411000,462000,Naver
2026-04-30,005830,175300,175900,166500,167600,Naver
2026-04-30,005930,220000,230000,218500,220500,Naver
2026-04-30,005935,153800,167300,153700,158300,Naver
2026-04-30,005940,35500,35900,33500,33650,Naver
2026-04-30,006260,422500,473000,399500,453000,Naver
2026-04-30,006400,641000,723000,616000,695000,Naver
2026-04-30,006800,67600,70800,64700,64800,Naver
2026-04-30,007660,158700,159800,142900,150300,Naver
2026-04-30,009150,792000,877000,771000,832000,Naver
2026-04-30,009540,482000,486000,459000,461500,Naver
2026-04-30,010120,246500,283500,241000,278000,Naver
2026-04-30,010130,1643000,1657000,1537000,1579000,Naver
2026-04-30,010140,34700,34750,32200,32350,Naver
2026-04-30,010950,119500,137500,114300,134500,Naver
2026-04-30,011070,542000,600000,517000,573000,Naver
2026-04-30,011200,21200,21250,20300,20500,Naver
2026-04-30,012330,426500,456500,422500,425000,Naver
2026-04-30,012450,1466000,1472000,1379000,1417000,Naver
2026-04-30,015760,46300,46400,43550,43550,Naver
2026-04-30,016360,112900,115900,107200,107500,Naver
2026-04-30,017670,99900,100000,94700,95100,Naver
2026-04-30,018260,171800,177300,166000,166200,Naver
2026-04-30,024110,22250,22800,22000,22600,Naver
2026-04-30,028050,54600,57800,52700,53100,Naver
2026-04-30,028260,313500,317500,296000,298500,Naver
2026-04-30,030200,61700,62000,60100,60900,Naver
2026-04-30,032830,244500,255000,241500,249500,Naver
2026-04-30,033780,176600,179700,175200,178300,Naver
2026-04-30,034020,130300,131100,125600,127100,Naver
2026-04-30,034220,12810,13000,12130,12260,Naver
2026-04-30,034730,400000,438500,398500,425000,Naver
2026-04-30,035420,216000,227500,210500,211000,Naver
2026-04-30,035720,48250,49350,47050,47300,Naver
2026-04-30,036930,125000,136700,113900,126000,Naver
2026-04-30,039490,456000,464500,396000,398000,Naver
2026-04-30,042660,136500,137500,130500,131800,Naver
2026-04-30,042700,305000,392500,302000,368000,Naver
2026-04-30,047040,33450,40350,31550,35000,Naver
2026-04-30,047050,81300,88000,78400,87300,Naver
2026-04-30,047810,172000,173000,163400,169000,Naver
2026-04-30,051910,390000,411500,377000,397000,Naver
2026-04-30,055550,101300,101300,98500,99900,Naver
2026-04-30,064350,239500,282000,228000,268500,Naver
2026-04-30,064400,67300,69700,64600,65000,Naver
2026-04-30,066570,128700,151700,127300,140900,Naver
2026-04-30,068270,199688,200164,190633,191109,Naver
2026-04-30,069500,98985,102230,98905,99905,Naver
2026-04-30,071050,263500,269000,239500,240000,Naver
2026-04-30,079550,982000,1002000,911000,941000,Naver
2026-04-30,086280,230000,245500,222500,227000,Naver
2026-04-30,086520,157600,166200,152800,152900,Naver
2026-04-30,086790,125100,129300,123500,127900,Naver
2026-04-30,096770,134100,149900,128700,146200,Naver
2026-04-30,102110,98940,102240,98940,99970,Naver
2026-04-30,105560,157400,163900,155200,160500,Naver
2026-04-30,122630,112705,120785,112250,115450,Naver
2026-04-30,133690,178455,180720,176700,177990,Naver
2026-04-30,138040,114700,117200,111700,111700,Naver
2026-04-30,161390,63000,63800,59000,59200,Naver
2026-04-30,180640,114300,116200,110100,112700,Naver
2026-04-30,196170,372500,389500,366000,368500,Naver
2026-04-30,207940,1528000,1529000,1470000,1470000,Naver
2026-04-30,247540,208500,219000,205000,206000,Naver
2026-04-30,259960,279000,295000,259000,265000,Naver
2026-04-30,267250,294500,326000,269000,310500,Naver
2026-04-30,267260,1300000,1350000,1214000,1252000,Naver
2026-04-30,272210,130800,130900,115700,117300,Naver
2026-04-30,277810,638000,705000,631000,664000,Naver
2026-04-30,278470,453000,469500,422000,424500,Naver
2026-04-30,278530,35600,36970,35595,36165,Naver
2026-04-30,298040,3999000,4170000,3786000,3912000,Naver
2026-04-30,307950,438500,498000,433000,450500,Naver
2026-04-30,316140,35000,35000,33050,33350,Naver
2026-04-30,323410,25600,25650,24200,24350,Naver
2026-04-30,329180,685000,710000,649000,685000,Naver
2026-04-30,352820,256000,278000,248000,263000,Naver
2026-04-30,360750,26230,26415,26095,26160,Naver
2026-04-30,373220,478500,481000,457000,460500,Naver
2026-04-30,379800,23980,24085,23780,23870,Naver
2026-04-30,379810,26745,27045,26450,26645,Naver
2026-04-30,396500,38440,40980,38395,40115,Naver
2026-04-30,402340,747000,877000,746000,841000,Naver
2026-04-30,443060,266500,287000,259000,265500,Naver
2026-04-30,454910,96700,120700,95300,110200,Naver
2026-04-30,488770,104185,104245,104185,104240,Naver
2026-04-30,950160,102000,109900,99600,102000,Naver
2026-05-08,000150,1663000,1900000,1654000,1735000,Naver
2026-05-08,000270,156300,170300,153600,164500,Naver
2026-05-08,000660,1339000,1689000,1333000,1686000,Naver
2026-05-08,000720,163100,175500,157600,164000,Naver
2026-05-08,000810,468500,505000,459000,499000,Naver
2026-05-08,000880,137000,149800,133000,141300,Naver
2026-05-08,001440,59700,74800,58200,72300,Naver
2026-05-08,003230,1390000,1398000,1252000,1360000,Naver
2026-05-08,003490,24900,27350,24350,27050,Naver
2026-05-08,003550,101100,109600,100600,108900,Naver
2026-05-08,003670,260500,299500,260000,290000,Naver
2026-05-08,005380,545000,647000,532000,613000,Naver
2026-05-08,005387,251500,280500,248500,271500,Naver
2026-05-08,005490,486000,542000,485000,525000,Naver
2026-05-08,005830,168300,168400,158400,164600,Naver
2026-05-08,005930,228000,277000,224000,268500,Naver
2026-05-08,005935,163000,194700,162100,182700,Naver
2026-05-08,005940,34350,39350,33900,36600,Naver
2026-05-08,006260,502000,587000,485500,543000,Naver
2026-05-08,006400,715000,717000,671000,678000,Naver
2026-05-08,006800,66500,87800,65900,79600,Naver
2026-05-08,007660,153900,155700,139500,141100,Naver
2026-05-08,009150,859000,971000,855000,914000,Naver
2026-05-08,009540,470500,473000,444000,452000,Naver
2026-05-08,010120,286500,335000,281000,313000,Naver
2026-05-08,010130,1600000,1786000,1537000,1559000,Naver
2026-05-08,010140,33000,33750,31350,31950,Naver
2026-05-08,010950,132500,132600,115600,116800,Naver
2026-05-08,011070,589000,649000,572000,624000,Naver
2026-05-08,011200,22050,22050,20500,20600,Naver
2026-05-08,012330,431500,547000,427000,509000,Naver
2026-05-08,012450,1440000,1482000,1275000,1307000,Naver
2026-05-08,015760,44800,47200,43550,44050,Naver
2026-05-08,016360,110400,163000,109600,137200,Naver
2026-05-08,017670,96500,98900,91400,93500,Naver
2026-05-08,018260,170100,178400,166600,175400,Naver
2026-05-08,024110,22850,22900,21450,21800,Naver
2026-05-08,028050,53900,67300,52000,62400,Naver
2026-05-08,028260,305500,432000,305000,422500,Naver
2026-05-08,030200,61200,61300,58000,59300,Naver
2026-05-08,032830,256000,308000,251500,295000,Naver
2026-05-08,033780,179700,183500,172900,181000,Naver
2026-05-08,034020,128800,139200,125600,129600,Naver
2026-05-08,034220,12460,13010,12120,12330,Naver
2026-05-08,034730,437500,600000,435000,550000,Naver
2026-05-08,035420,213500,219000,206000,215000,Naver
2026-05-08,035720,47700,47900,45000,46000,Naver
2026-05-08,036930,126600,141800,122000,138900,Naver
2026-05-08,039490,406000,492500,396000,452500,Naver
2026-05-08,042660,133200,134200,125300,126100,Naver
2026-05-08,042700,385000,413000,371000,390000,Naver
2026-05-08,047040,35000,37400,29450,32850,Naver
2026-05-08,047050,88000,91200,76300,78000,Naver
2026-05-08,047810,172500,187400,165200,166800,Naver
2026-05-08,051910,411500,437500,408000,429500,Naver
2026-05-08,055550,101100,101300,96100,98000,Naver
2026-05-08,064350,270000,271500,218000,223000,Naver
2026-05-08,064400,66700,72700,65100,71000,Naver
2026-05-08,066570,146200,158400,140300,154100,Naver
2026-05-08,068270,193016,196828,185581,189108,Naver
2026-05-08,069500,102530,116180,101865,115810,Naver
2026-05-08,071050,248000,297000,244000,268500,Naver
2026-05-08,079550,949000,1000000,818000,840000,Naver
2026-05-08,086280,230500,269500,220000,251000,Naver
2026-05-08,086520,155800,165800,151700,155000,Naver
2026-05-08,086790,131000,131000,124400,126500,Naver
2026-05-08,096770,149500,155400,134000,134700,Naver
2026-05-08,102110,102560,116145,101890,115840,Naver
2026-05-08,105560,161500,164200,157700,161700,Naver
2026-05-08,122630,120860,154505,119800,153695,Naver
2026-05-08,133690,180515,186940,180055,186940,Naver
2026-05-08,138040,113900,117600,110300,112400,Naver
2026-05-08,161390,61800,66600,59500,62100,Naver
2026-05-08,180640,115000,117400,109700,114100,Naver
2026-05-08,196170,378000,385000,336000,340500,Naver
2026-05-08,207940,1485000,1498000,1455000,1472000,Naver
2026-05-08,247540,211500,243500,210000,237500,Naver
2026-05-08,259960,277000,303500,266000,273000,Naver
2026-05-08,267250,321000,333000,280500,289000,Naver
2026-05-08,267260,1280000,1430000,1273000,1403000,Naver
2026-05-08,272210,118200,126000,113700,115900,Naver
2026-05-08,277810,685000,808000,666000,784000,Naver
2026-05-08,278470,435000,448500,392500,434000,Naver
2026-05-08,278530,37070,41980,36850,41845,Naver
2026-05-08,298040,4008000,4742000,3979000,4398000,Naver
2026-05-08,307950,457500,592000,437500,592000,Naver
2026-05-08,316140,33900,33950,32300,32850,Naver
2026-05-08,323410,24700,26050,23500,23650,Naver
2026-05-08,329180,699000,706000,644000,658000,Naver
2026-05-08,352820,270500,270500,243500,247500,Naver
2026-05-08,360750,26395,26820,26200,26820,Naver
2026-05-08,373220,469000,489500,461000,476500,Naver
2026-05-08,379800,24060,24455,23900,24455,Naver
2026-05-08,379810,27020,27975,26945,27975,Naver
2026-05-08,396500,41040,46420,40690,46375,Naver
2026-05-08,402340,909000,1149000,901000,1098000,Naver
2026-05-08,443060,275500,280000,235000,240500,Naver
2026-05-08,454910,112400,112400,97500,101000,Naver
2026-05-08,488770,104255,104305,104255,104305,Naver
2026-05-08,950160,104000,138000,100200,127800,Naver
2026-05-15,000150,1763000,1814000,1573000,1614000,Naver
2026-05-15,000270,170400,184200,162500,168000,Naver
2026-05-15,000660,1833000,1995000,1781000,1819000,Naver
2026-05-15,000720,162000,170900,150200,155000,Naver
2026-05-15,000810,512000,570000,490000,554000,Naver
2026-05-15,000880,142400,166400,136200,141400,Naver
2026-05-15,001440,73700,75900,58600,60000,Naver
2026-05-15,003230,1345000,1484000,1272000,1444000,Naver
2026-05-15,003490,26400,27300,24400,26050,Naver
2026-05-15,003550,109900,152100,104000,126000,Naver
2026-05-15,003670,290000,290000,231000,235500,Naver
2026-05-15,005380,631000,774500,606000,700000,Naver
2026-05-15,005387,274500,307750,260000,279500,Naver
2026-05-15,005490,521000,525000,457000,467500,Naver
2026-05-15,005830,164100,174500,157700,164500,Naver
2026-05-15,005930,284500,299500,262000,270500,Naver
2026-05-15,005935,193600,199000,174100,179400,Naver
2026-05-15,005940,37450,37500,32050,32550,Naver
2026-05-15,006260,546000,553000,460000,472500,Naver
2026-05-15,006400,670000,693000,600000,614000,Naver
2026-05-15,006800,83500,85500,67600,69900,Naver
2026-05-15,007660,142900,143000,124100,128000,Naver
2026-05-15,009150,896000,1133000,858000,1010000,Naver
2026-05-15,009540,456000,488000,406000,416000,Naver
2026-05-15,010120,313000,315000,253000,259000,Naver
2026-05-15,010130,1575000,1596000,1400000,1426000,Naver
2026-05-15,010140,32700,35350,28750,29300,Naver
2026-05-15,010950,118700,122500,108600,112100,Naver
2026-05-15,011070,630000,818000,606000,732000,Naver
2026-05-15,011200,20400,20400,19340,19890,Naver
2026-05-15,012330,535000,687000,520000,629000,Naver
2026-05-15,012450,1349000,1370000,1210000,1216000,Naver
2026-05-15,015760,43850,43900,38250,38750,Naver
2026-05-15,016360,141300,143300,120600,123200,Naver
2026-05-15,017670,95200,108000,95200,101300,Naver
2026-05-15,018260,176500,212000,171200,189000,Naver
2026-05-15,024110,21650,21800,20450,20900,Naver
2026-05-15,028050,61000,61000,49500,50600,Naver
2026-05-15,028260,479000,480000,389000,396500,Naver
2026-05-15,030200,58800,61600,57800,58700,Naver
2026-05-15,032830,310000,339500,289500,310000,Naver
2026-05-15,033780,180200,189500,176200,179800,Naver
2026-05-15,034020,130700,134000,108400,110800,Naver
2026-05-15,034220,12340,16800,12140,14100,Naver
2026-05-15,034730,570000,584000,492000,503000,Naver
2026-05-15,035420,215500,216500,198600,203500,Naver
2026-05-15,035720,46350,46400,42300,44000,Naver
2026-05-15,036930,145900,183500,133800,140200,Naver
2026-05-15,039490,465500,484000,388000,396000,Naver
2026-05-15,042660,130700,135900,116500,118100,Naver
2026-05-15,042700,392500,426000,358000,369000,Naver
2026-05-15,047040,32200,33450,27800,28500,Naver
2026-05-15,047050,78100,78800,70700,71900,Naver
2026-05-15,047810,168400,174100,159400,161100,Naver
2026-05-15,051910,426500,431750,367000,374000,Naver
2026-05-15,055550,98100,99900,93100,95100,Naver
2026-05-15,064350,224500,226500,197800,201500,Naver
2026-05-15,064400,72300,99400,68500,86600,Naver
2026-05-15,066570,157600,266500,152000,240500,Naver
2026-05-15,068270,188155,188536,177956,179957,Naver
2026-05-15,069500,120630,126140,114905,117200,Naver
2026-05-15,071050,278000,283000,240000,258000,Naver
2026-05-15,079550,845000,905000,827000,834000,Naver
2026-05-15,086280,252500,288500,238000,242000,Naver
2026-05-15,086520,154100,154300,126100,129200,Naver
2026-05-15,086790,125600,129300,118100,119000,Naver
2026-05-15,096770,137700,138000,122200,123500,Naver
2026-05-15,102110,121110,126170,114800,117285,Naver
2026-05-15,105560,161000,163200,150700,155600,Naver
2026-05-15,122630,166550,181190,149740,155000,Naver
2026-05-15,133690,189435,196500,189435,194300,Naver
2026-05-15,138040,111300,114500,104000,105800,Naver
2026-05-15,161390,61800,63300,56400,62200,Naver
2026-05-15,180640,112200,123100,106100,119200,Naver
2026-05-15,196170,337000,405000,321500,369000,Naver
2026-05-15,207940,1470000,1477000,1387000,1419000,Naver
2026-05-15,247540,236500,236500,188200,190500,Naver
2026-05-15,259960,271500,296500,268500,279000,Naver
2026-05-15,267250,292000,313500,265000,269500,Naver
2026-05-15,267260,1403000,1404000,1153000,1179000,Naver
2026-05-15,272210,114200,119300,102900,104300,Naver
2026-05-15,277810,786000,979000,766000,810000,Naver
2026-05-15,278470,446000,473000,397000,404000,Naver
2026-05-15,278530,43605,45570,41540,42310,Naver
2026-05-15,298040,4438000,4480000,3676000,3745000,Naver
2026-05-15,307950,574000,723000,560000,648000,Naver
2026-05-15,316140,32600,32950,30550,31250,Naver
2026-05-15,323410,23650,23700,21950,22450,Naver
2026-05-15,329180,666000,734000,620000,640000,Naver
2026-05-15,352820,250500,255000,228000,244000,Naver
2026-05-15,360750,26820,27880,26800,27765,Naver
2026-05-15,373220,478000,480000,410500,417000,Naver
2026-05-15,379800,24450,25415,24440,25280,Naver
2026-05-15,379810,28350,29415,28350,29075,Naver
2026-05-15,396500,48285,50515,45135,46300,Naver
2026-05-15,402340,1175000,1231000,1071000,1098000,Naver
2026-05-15,443060,242000,271000,208500,215500,Naver
2026-05-15,454910,101000,138800,97100,127400,Naver
2026-05-15,488770,104315,104370,104315,104370,Naver
2026-05-15,950160,127900,149000,108200,111600,Naver
2026-05-22,000150,1620000,1640000,1401000,1593000,Naver
2026-05-22,000270,168800,170700,147700,164800,Naver
2026-05-22,000660,1780000,1954000,1690000,1941000,Naver
2026-05-22,000720,143800,154600,130000,150300,Naver
2026-05-22,000810,559000,592000,526000,569000,Naver
2026-05-22,000880,139100,142000,116000,140500,Naver
2026-05-22,001440,58800,59100,50400,54800,Naver
2026-05-22,003230,1418000,1443000,1288000,1315000,Naver
2026-05-22,003490,25750,27250,24700,26800,Naver
2026-05-22,003550,132000,132400,99900,118500,Naver
2026-05-22,003670,232500,249000,211500,243000,Naver
2026-05-22,005380,688000,697000,570000,655000,Naver
2026-05-22,005387,277000,277500,243000,263000,Naver
2026-05-22,005490,460500,467500,410000,447500,Naver
2026-05-22,005830,164900,165000,150800,154500,Naver
2026-05-22,005930,269500,300500,262000,292500,Naver
2026-05-22,005935,177000,189700,171000,187500,Naver
2026-05-22,005940,32250,33200,29850,32850,Naver
2026-05-22,006260,473500,587000,443500,544000,Naver
2026-05-22,006400,592000,657000,548000,647000,Naver
2026-05-22,006800,72000,73400,60700,67500,Naver
2026-05-22,007660,129300,134100,117700,126100,Naver
2026-05-22,009150,990000,1363000,924000,1340000,Naver
2026-05-22,009540,406000,424000,384500,421000,Naver
2026-05-22,010120,247500,285000,231500,281000,Naver
2026-05-22,010130,1430000,1446000,1298000,1430000,Naver
2026-05-22,010140,28950,30050,27200,29500,Naver
2026-05-22,010950,113800,115200,106100,109000,Naver
2026-05-22,011070,720000,874000,673000,864000,Naver
2026-05-22,011200,19730,20850,19250,20500,Naver
2026-05-22,012330,612000,680000,509000,646000,Naver
2026-05-22,012450,1243000,1344000,1200000,1261000,Naver
2026-05-22,015760,37950,41000,36200,39700,Naver
2026-05-22,016360,120400,131700,109500,129900,Naver
2026-05-22,017670,102200,111500,95900,102800,Naver
2026-05-22,018260,189000,199300,161600,194700,Naver
2026-05-22,024110,20850,21000,20000,21000,Naver
2026-05-22,028050,48500,54400,45900,53400,Naver
2026-05-22,028260,386500,432500,359000,420500,Naver
2026-05-22,030200,58800,58800,55300,55800,Naver
2026-05-22,032830,307500,370000,293500,364500,Naver
2026-05-22,033780,180000,188000,174400,188000,Naver
2026-05-22,034020,108100,117000,99700,111600,Naver
2026-05-22,034220,14110,15470,11860,15150,Naver
2026-05-22,034730,505000,645000,493000,642000,Naver
2026-05-22,035420,203000,207000,190800,203000,Naver
2026-05-22,035720,43750,43750,39800,41850,Naver
2026-05-22,036930,152900,231500,150200,224000,Naver
2026-05-22,039490,392000,416000,353500,407000,Naver
2026-05-22,042660,117900,124200,107100,122200,Naver
2026-05-22,042700,337000,338000,277000,320500,Naver
2026-05-22,047040,26950,30250,25600,28550,Naver
2026-05-22,047050,71100,72100,66100,70300,Naver
2026-05-22,047810,162200,170000,153000,168400,Naver
2026-05-22,051910,378500,380000,326000,351000,Naver
2026-05-22,055550,95900,99300,91100,98200,Naver
2026-05-22,064350,205000,210000,185600,206000,Naver
2026-05-22,064400,88500,88700,69000,83200,Naver
2026-05-22,066570,249000,249500,175300,237000,Naver
2026-05-22,068270,179290,192539,169663,189394,Naver
2026-05-22,069500,116060,124140,110485,123350,Naver
2026-05-22,071050,253500,257500,220000,254500,Naver
2026-05-22,079550,852000,939000,807000,925000,Naver
2026-05-22,086280,239000,242000,204500,236500,Naver
2026-05-22,086520,126500,151700,115000,146500,Naver
2026-05-22,086790,119000,122900,112600,122100,Naver
2026-05-22,096770,124900,126200,114500,123700,Naver
2026-05-22,102110,116230,124245,110565,123440,Naver
2026-05-22,105560,154900,161300,149200,160000,Naver
2026-05-22,122630,152000,173610,138150,171400,Naver
2026-05-22,133690,193045,198235,191595,197990,Naver
2026-05-22,138040,106300,111200,102700,109200,Naver
2026-05-22,161390,61900,64000,58300,63300,Naver
2026-05-22,180640,118800,119400,107500,117700,Naver
2026-05-22,196170,377000,388000,344500,364500,Naver
2026-05-22,207940,1415000,1444000,1300000,1415000,Naver
2026-05-22,247540,191000,219750,174900,216000,Naver
2026-05-22,259960,284000,287000,255500,271000,Naver
2026-05-22,267250,270500,284000,251500,282000,Naver
2026-05-22,267260,1137000,1208000,1035000,1173000,Naver
2026-05-22,272210,105800,114000,99700,109400,Naver
2026-05-22,277810,804000,805000,615000,754000,Naver
2026-05-22,278470,405000,427000,374000,391000,Naver
2026-05-22,278530,41925,44895,39925,44570,Naver
2026-05-22,298040,3718000,4071000,3504000,4007000,Naver
2026-05-22,307950,626000,646000,521000,631000,Naver
2026-05-22,316140,31050,31700,29850,31550,Naver
2026-05-22,323410,22550,23050,21650,22800,Naver
2026-05-22,329180,625000,695000,590000,680000,Naver
2026-05-22,352820,240000,243000,222000,235000,Naver
2026-05-22,360750,27580,28130,27360,28100,Naver
2026-05-22,373220,414500,416500,382000,398500,Naver
2026-05-22,379800,25100,25645,24945,25615,Naver
2026-05-22,379810,28915,29680,28705,29645,Naver
2026-05-22,396500,45160,48540,42535,48000,Naver
2026-05-22,402340,1087000,1198000,983000,1185000,Naver
2026-05-22,443060,211000,250000,204000,245500,Naver
2026-05-22,454910,132100,132100,93000,106600,Naver
2026-05-22,488770,104375,104430,104375,104430,Naver
2026-05-22,950160,110000,114800,98900,106700,Naver
2026-05-29,000150,1651000,2012000,1573000,1972000,Naver
2026-05-29,000270,168400,173000,159500,169200,Naver
2026-05-29,000660,2008000,2379000,2006000,2333000,Naver
2026-05-29,000720,157100,160700,135800,147000,Naver
2026-05-29,000810,581000,597000,533000,569000,Naver
2026-05-29,000880,141900,160700,132600,133700,Naver
2026-05-29,001440,55900,58400,44000,45450,Naver
2026-05-29,003230,1321000,1330000,1177000,1205000,Naver
2026-05-29,003490,27900,28400,26150,26800,Naver
2026-05-29,003550,123600,149700,112000,146600,Naver
2026-05-29,003670,249500,250000,225500,245500,Naver
2026-05-29,005380,679000,739000,651000,723000,Naver
2026-05-29,005387,269000,279000,253500,272000,Naver
2026-05-29,005490,457500,459500,405000,423500,Naver
2026-05-29,005830,154600,156200,132500,143100,Naver
2026-05-29,005930,298000,323000,287500,317000,Naver
2026-05-29,005935,190000,207500,182700,202500,Naver
2026-05-29,005940,33550,34000,29350,30200,Naver
2026-05-29,006260,571000,604000,428000,446000,Naver
2026-05-29,006400,666000,707000,629000,688000,Naver
2026-05-29,006800,70100,70700,59000,61400,Naver
2026-05-29,007660,132400,150100,122300,129200,Naver
2026-05-29,009150,1466000,2192000,1447000,2127000,Naver
2026-05-29,009540,425000,460000,405000,423000,Naver
2026-05-29,010120,287000,291000,230500,241500,Naver
2026-05-29,010130,1466000,1490000,1310000,1373000,Naver
2026-05-29,010140,30300,30950,27350,27950,Naver
2026-05-29,010950,108800,111900,102100,107400,Naver
2026-05-29,011070,935000,1474000,933000,1458000,Naver
2026-05-29,011200,20800,20800,19170,19560,Naver
2026-05-29,012330,675000,795000,640000,768000,Naver
2026-05-29,012450,1268000,1304000,1161000,1173000,Naver
2026-05-29,015760,41500,41750,38100,38900,Naver
2026-05-29,016360,133500,135600,117300,119800,Naver
2026-05-29,017670,102400,103800,95400,100600,Naver
2026-05-29,018260,198400,321500,193500,299000,Naver
2026-05-29,024110,21050,21150,20000,20200,Naver
2026-05-29,028050,56200,57700,49100,52900,Naver
2026-05-29,028260,438500,447000,385500,432500,Naver
2026-05-29,030200,56000,56100,51700,52800,Naver
2026-05-29,032830,367000,391500,340000,388500,Naver
2026-05-29,033780,188000,190000,177700,184700,Naver
2026-05-29,034020,114300,115800,102200,105600,Naver
2026-05-29,034220,15350,16600,13750,16090,Naver
2026-05-29,034730,661000,719000,645000,676000,Naver
2026-05-29,035420,205500,247500,195800,234000,Naver
2026-05-29,035720,42300,44000,38500,41950,Naver
2026-05-29,036930,229000,250000,200000,200000,Naver
2026-05-29,039490,415000,421000,357500,370500,Naver
2026-05-29,042660,126300,139700,119200,123300,Naver
2026-05-29,042700,328500,354000,277500,282000,Naver
2026-05-29,047040,29800,32350,24475,26200,Naver
2026-05-29,047050,71300,71400,61900,63800,Naver
2026-05-29,047810,168900,175200,163400,168300,Naver
2026-05-29,051910,359000,372000,329500,367000,Naver
2026-05-29,055550,98200,99300,91000,93600,Naver
2026-05-29,064350,209000,219000,196300,200500,Naver
2026-05-29,064400,84500,113800,79400,113800,Naver
2026-05-29,066570,246000,293000,215000,293000,Naver
2026-05-29,068270,192539,192539,176288,183865,Naver
2026-05-29,069500,126380,134950,124255,134815,Naver
2026-05-29,071050,260000,266500,229000,237500,Naver
2026-05-29,079550,918000,924000,801000,801000,Naver
2026-05-29,086280,242000,250000,224500,242500,Naver
2026-05-29,086520,151300,157700,136000,139000,Naver
2026-05-29,086790,123000,123600,112800,115100,Naver
2026-05-29,096770,124800,125500,112100,119200,Naver
2026-05-29,102110,127180,135030,124325,134960,Naver
2026-05-29,105560,160100,162000,146700,150600,Naver
2026-05-29,122630,179995,204445,172880,204400,Naver
2026-05-29,133690,199850,201945,198055,201945,Naver
2026-05-29,138040,108900,110700,100200,102900,Naver
2026-05-29,161390,65000,67900,60700,66800,Naver
2026-05-29,180640,120700,123600,103300,110100,Naver
2026-05-29,196170,375000,394500,350000,369000,Naver
2026-05-29,207940,1431000,1438000,1336000,1363000,Naver
2026-05-29,247540,225000,235500,206500,217000,Naver
2026-05-29,259960,271500,275000,246000,257500,Naver
2026-05-29,267250,288000,302000,266500,277500,Naver
2026-05-29,267260,1230000,1231000,1007000,1053000,Naver
2026-05-29,272210,110500,117000,102000,105000,Naver
2026-05-29,277810,782000,798000,670000,702000,Naver
2026-05-29,278470,398000,406500,377500,395500,Naver
2026-05-29,278530,45755,48750,44885,48515,Naver
2026-05-29,298040,4080000,4085000,3488000,3685000,Naver
2026-05-29,307950,647000,953000,610000,931000,Naver
2026-05-29,316140,31800,31950,29200,29700,Naver
2026-05-29,323410,23050,23250,20850,22400,Naver
2026-05-29,329180,696000,765000,685000,696000,Naver
2026-05-29,352820,237500,243000,212500,220000,Naver
2026-05-29,360750,28270,28300,27960,28300,Naver
2026-05-29,373220,408000,465000,383000,458000,Naver
2026-05-29,379800,25800,25800,25485,25800,Naver
2026-05-29,379810,29925,30250,29650,30250,Naver
2026-05-29,396500,49355,53325,47890,50450,Naver
2026-05-29,402340,1220000,1337000,1161000,1233000,Naver
2026-05-29,443060,243000,260500,220000,224000,Naver
2026-05-29,454910,109900,110500,96000,106500,Naver
2026-05-29,488770,104445,104490,104445,104490,Naver
2026-05-29,950160,111700,117900,94600,98900,Naver
2026-06-05,000150,2145000,2489000,1605000,1719000,Naver
2026-06-05,000270,170500,174600,154600,160700,Naver
2026-06-05,000660,2299000,2407000,2077000,2108000,Naver
2026-06-05,000720,142500,144100,126600,130600,Naver
2026-06-05,000810,579000,757000,570000,691000,Naver
2026-06-05,000880,132000,139700,116800,124600,Naver
2026-06-05,001440,45450,49450,38900,39900,Naver
2026-06-05,003230,1205000,1257000,1109000,1115000,Naver
2026-06-05,003490,26000,26200,24500,24850,Naver
2026-06-05,003550,158900,185900,116500,123400,Naver
2026-06-05,003670,241000,244500,203000,208000,Naver
2026-06-05,005380,736000,783000,650000,701000,Naver
2026-06-05,005387,275000,309500,251000,261500,Naver
2026-06-05,005490,418000,426000,375000,387500,Naver
2026-06-05,005830,140200,149700,138300,141900,Naver
2026-06-05,005930,319500,370000,319500,332500,Naver
2026-06-05,005935,203500,243500,203000,213000,Naver
2026-06-05,005940,30200,33300,29850,31750,Naver
2026-06-05,006260,453000,487500,393000,407500,Naver
2026-06-05,006400,679000,679000,555000,567000,Naver
2026-06-05,006800,60200,64300,55500,56200,Naver
2026-06-05,007660,130100,144000,116000,121500,Naver
2026-06-05,009150,2021000,2086000,1615000,1784000,Naver
2026-06-05,009540,419000,427500,368000,375500,Naver
2026-06-05,010120,240000,281500,217000,228000,Naver
2026-06-05,010130,1355000,1409000,1223000,1260000,Naver
2026-06-05,010140,27900,30150,26050,27700,Naver
2026-06-05,010950,105600,116900,102500,112300,Naver
2026-06-05,011070,1601000,1788000,1074000,1176000,Naver
2026-06-05,011200,19560,20300,19190,19430,Naver
2026-06-05,012330,770000,822000,665000,702000,Naver
2026-06-05,012450,1173000,1243000,1021000,1038000,Naver
2026-06-05,015760,38700,39600,37300,37900,Naver
2026-06-05,016360,118100,130200,116200,123600,Naver
2026-06-05,017670,103000,139500,100100,106700,Naver
2026-06-05,018260,323000,388500,242500,254250,Naver
2026-06-05,024110,20100,21150,19780,20500,Naver
2026-06-05,028050,50700,51600,46900,48100,Naver
2026-06-05,028260,444000,565000,438000,459000,Naver
2026-06-05,030200,53600,55400,53000,53500,Naver
2026-06-05,032830,387000,485000,383000,414000,Naver
2026-06-05,033780,183300,189900,175600,179000,Naver
2026-06-05,034020,109300,114200,92600,95000,Naver
2026-06-05,034220,17260,17950,14760,15270,Naver
2026-06-05,034730,661000,693000,585000,621500,Naver
2026-06-05,035420,251000,304000,244000,257000,Naver
2026-06-05,035720,43000,48500,39800,40150,Naver
2026-06-05,036930,199400,255000,175000,214500,Naver
2026-06-05,039490,370500,397500,359500,363000,Naver
2026-06-05,042660,126300,130800,109400,112000,Naver
2026-06-05,042700,289500,325000,273000,283000,Naver
2026-06-05,047040,25050,25200,21250,21700,Naver
2026-06-05,047050,62600,65000,56800,58100,Naver
2026-06-05,047810,165400,173500,134200,138500,Naver
2026-06-05,051910,364500,381000,330000,347500,Naver
2026-06-05,055550,93200,109800,91800,106600,Naver
2026-06-05,064350,200000,224500,183000,189000,Naver
2026-06-05,064400,143100,153300,112900,118700,Naver
2026-06-05,066570,375000,438000,294500,308000,Naver
2026-06-05,068270,182436,185390,169900,170700,Naver
2026-06-05,069500,135000,143645,128485,131465,Naver
2026-06-05,071050,237000,271500,234000,246500,Naver
2026-06-05,079550,780000,818000,682000,723000,Naver
2026-06-05,086280,245000,247000,200500,208500,Naver
2026-06-05,086520,136000,138200,119000,119200,Naver
2026-06-05,086790,114400,126400,112500,123000,Naver
2026-06-05,096770,118200,121000,112000,114400,Naver
2026-06-05,102110,135335,143570,128545,131545,Naver
2026-06-05,105560,149100,175700,149100,170800,Naver
2026-06-05,122630,204000,231260,183145,192300,Naver
2026-06-05,133690,203130,206675,202615,205705,Naver
2026-06-05,138040,102500,109000,102300,106900,Naver
2026-06-05,161390,66800,72000,65100,67800,Naver
2026-06-05,180640,110000,125800,106800,115300,Naver
2026-06-05,196170,366500,382500,330000,334500,Naver
2026-06-05,207940,1356000,1408000,1329000,1337000,Naver
2026-06-05,247540,215000,218000,181000,181600,Naver
2026-06-05,259960,257500,268000,238000,258500,Naver
2026-06-05,267250,272000,292000,258000,270000,Naver
2026-06-05,267260,1054000,1112000,931000,955000,Naver
2026-06-05,272210,103100,106850,91000,93400,Naver
2026-06-05,277810,738000,845000,655000,678000,Naver
2026-06-05,278470,396000,429500,375500,389500,Naver
2026-06-05,278530,48815,51960,46450,47525,Naver
2026-06-05,298040,3665000,3970000,3270000,3382000,Naver
2026-06-05,307950,931000,1066000,765000,839000,Naver
2026-06-05,316140,29700,32200,28950,31150,Naver
2026-06-05,323410,22300,23200,21300,22850,Naver
2026-06-05,329180,700000,719000,645000,661000,Naver
2026-06-05,352820,220500,224500,204000,209000,Naver
2026-06-05,360750,28400,29000,28315,28870,Naver
2026-06-05,373220,469500,497500,405500,411000,Naver
2026-06-05,379800,25890,26440,25810,26320,Naver
2026-06-05,379810,30410,30950,30335,30795,Naver
2026-06-05,396500,50415,53335,48505,49405,Naver
2026-06-05,402340,1249000,1392000,1210000,1241000,Naver
2026-06-05,443060,224000,240500,215000,223000,Naver
2026-06-05,454910,123900,170000,123200,142000,Naver
2026-06-05,488770,104500,104555,104495,104555,Naver
2026-06-05,950160,99000,114200,89700,99700,Naver
